[Nest] 13040  - 27/08/2026, 11:06:06 am     LOG [NestFactory] Starting Nest application...
[Nest] 13040  - 27/08/2026, 11:06:06 am     LOG [InstanceLoader] TypeOrmModule dependencies initialized +31ms
[Nest] 13040  - 27/08/2026, 11:06:06 am     LOG [InstanceLoader] TenantsModule dependencies initialized +1ms
[Nest] 13040  - 27/08/2026, 11:06:06 am     LOG [InstanceLoader] UsersModule dependencies initialized +0ms
[Nest] 13040  - 27/08/2026, 11:06:06 am     LOG [InstanceLoader] PiiModule dependencies initialized +1ms
[Nest] 13040  - 27/08/2026, 11:06:06 am     LOG [InstanceLoader] SafetyModule dependencies initialized +1ms
[Nest] 13040  - 27/08/2026, 11:06:06 am     LOG [InstanceLoader] WorkflowsModule dependencies initialized +0ms
[Nest] 13040  - 27/08/2026, 11:06:06 am     LOG [InstanceLoader] OrchestrationModule dependencies initialized +0ms
[Nest] 13040  - 27/08/2026, 11:06:06 am     LOG [InstanceLoader] RagModule dependencies initialized +1ms
[Nest] 13040  - 27/08/2026, 11:06:06 am     LOG [InstanceLoader] EscalationModule dependencies initialized +0ms
[Nest] 13040  - 27/08/2026, 11:06:06 am     LOG [InstanceLoader] ReviewModule dependencies initialized +1ms
[Nest] 13040  - 27/08/2026, 11:06:06 am     LOG [InstanceLoader] NotificationsModule dependencies initialized +0ms
[Nest] 13040  - 27/08/2026, 11:06:06 am     LOG [InstanceLoader] CommonModule dependencies initialized +0ms
[Nest] 13040  - 27/08/2026, 11:06:06 am     LOG [InstanceLoader] ConfigHostModule dependencies initialized +1ms
[Nest] 13040  - 27/08/2026, 11:06:06 am     LOG [InstanceLoader] ConfigModule dependencies initialized +0ms
[Nest] 13040  - 27/08/2026, 11:06:06 am     LOG [InstanceLoader] AgentsModule dependencies initialized +0ms
[Nest] 13040  - 27/08/2026, 11:06:06 am     LOG [InstanceLoader] ConfigurationModule dependencies initialized +2ms
[Nest] 13040  - 27/08/2026, 11:06:06 am     LOG [InstanceLoader] RedisModule dependencies initialized +1ms
[Nest] 13040  - 27/08/2026, 11:06:06 am     LOG [InstanceLoader] DatabaseModule dependencies initialized +0ms
[Nest] 13040  - 27/08/2026, 11:06:06 am     LOG [InstanceLoader] AuthModule dependencies initialized +0ms
[Nest] 13040  - 27/08/2026, 11:06:06 am     LOG [InstanceLoader] ObservabilityModule dependencies initialized +66ms
[Nest] 13040  - 27/08/2026, 11:06:06 am     LOG [InstanceLoader] VoiceModule dependencies initialized +1ms
[Nest] 13040  - 27/08/2026, 11:06:06 am     LOG [LocalSemanticEmbeddingProvider] Local ONNX embedding worker initialized (all-MiniLM-L6-v2, 384-dim)
[Nest] 13040  - 27/08/2026, 11:06:06 am     LOG [RedisService] Redis connected successfully
query: SELECT version()
query: SELECT * FROM current_schema()
query: CREATE EXTENSION IF NOT EXISTS "uuid-ossp"
query: CREATE EXTENSION IF NOT EXISTS "vector"
[Nest] 13040  - 27/08/2026, 11:06:06 am     LOG [InstanceLoader] AppModule dependencies initialized +50ms
[Nest] 13040  - 27/08/2026, 11:06:06 am     LOG [InstanceLoader] TypeOrmCoreModule dependencies initialized +1ms
[Nest] 13040  - 27/08/2026, 11:06:06 am     LOG [InstanceLoader] TypeOrmModule dependencies initialized +0ms
[Nest] 13040  - 27/08/2026, 11:06:06 am     LOG [InstanceLoader] TypeOrmModule dependencies initialized +0ms
[Nest] 13040  - 27/08/2026, 11:06:06 am     LOG [InstanceLoader] TypeOrmModule dependencies initialized +1ms
[Nest] 13040  - 27/08/2026, 11:06:06 am     LOG [InstanceLoader] TypeOrmModule dependencies initialized +0ms
[Nest] 13040  - 27/08/2026, 11:06:06 am     LOG [InstanceLoader] TypeOrmModule dependencies initialized +1ms
[Nest] 13040  - 27/08/2026, 11:06:06 am     LOG [InstanceLoader] TypeOrmModule dependencies initialized +0ms
[Nest] 13040  - 27/08/2026, 11:06:06 am     LOG [InstanceLoader] TypeOrmModule dependencies initialized +0ms
[Nest] 13040  - 27/08/2026, 11:06:06 am     LOG [InstanceLoader] TypeOrmModule dependencies initialized +0ms
[Nest] 13040  - 27/08/2026, 11:06:06 am     LOG [InstanceLoader] TypeOrmModule dependencies initialized +1ms
[Nest] 13040  - 27/08/2026, 11:06:06 am     LOG [InstanceLoader] TypeOrmModule dependencies initialized +0ms
[Nest] 13040  - 27/08/2026, 11:06:06 am     LOG [InstanceLoader] TypeOrmModule dependencies initialized +1ms
[Nest] 13040  - 27/08/2026, 11:06:06 am     LOG [InstanceLoader] TypeOrmModule dependencies initialized +0ms
[Nest] 13040  - 27/08/2026, 11:06:06 am     LOG [InstanceLoader] ConsentModule dependencies initialized +1ms
[Nest] 13040  - 27/08/2026, 11:06:06 am     LOG [InstanceLoader] AuditModule dependencies initialized +0ms
[Nest] 13040  - 27/08/2026, 11:06:06 am     LOG [InstanceLoader] HealthModule dependencies initialized +1ms
[Nest] 13040  - 27/08/2026, 11:06:06 am     LOG [AbdmModule] ABDM_ENABLED is false. Registering DevelopmentHealthRecordService with synthetic fixtures.
[Nest] 13040  - 27/08/2026, 11:06:06 am     LOG [InstanceLoader] SchemeModule dependencies initialized +0ms
[Nest] 13040  - 27/08/2026, 11:06:06 am     LOG [InstanceLoader] DevDemoModule dependencies initialized +1ms
[Nest] 13040  - 27/08/2026, 11:06:06 am     LOG [InstanceLoader] FacilityModule dependencies initialized +0ms
[Nest] 13040  - 27/08/2026, 11:06:06 am     LOG [InstanceLoader] MedicationModule dependencies initialized +0ms
[Nest] 13040  - 27/08/2026, 11:06:06 am     LOG [InstanceLoader] KnowledgeModule dependencies initialized +1ms
[Nest] 13040  - 27/08/2026, 11:06:06 am     LOG [InstanceLoader] EvaluationModule dependencies initialized +0ms
[Nest] 13040  - 27/08/2026, 11:06:06 am     LOG [InstanceLoader] SessionsModule dependencies initialized +0ms
[Nest] 13040  - 27/08/2026, 11:06:06 am     LOG [InstanceLoader] AiModule dependencies initialized +0ms
[Nest] 13040  - 27/08/2026, 11:06:06 am     LOG [InstanceLoader] AbdmModule dependencies initialized +1ms
[Nest] 13040  - 27/08/2026, 11:06:06 am     LOG [InstanceLoader] PrescriptionModule dependencies initialized +0ms
[Nest] 13040  - 27/08/2026, 11:06:06 am     LOG [InstanceLoader] ConversationsModule dependencies initialized +0ms
[Nest] 13040  - 27/08/2026, 11:06:06 am    WARN [LegacyRouteConverter] Unsupported route path: "/api/v1/*". In previous versions, the symbols ?, *, and + were used to denote optional or repeating path parameters. The latest version of "path-to-regexp" now requires the use of named parameters. For example, instead of using a route like /users/* to capture all routes starting with "/users", you should use /users/*path. For more details, refer to the migration guide. Attempting to auto-convert to "/api/v1/{*path}"...
[Nest] 13040  - 27/08/2026, 11:06:06 am     LOG [RoutesResolver] AppController {/api/v1}: +1ms
[Nest] 13040  - 27/08/2026, 11:06:06 am     LOG [RouterExplorer] Mapped {/api/v1, GET} route +1ms
[Nest] 13040  - 27/08/2026, 11:06:06 am     LOG [RouterExplorer] Mapped {/api/v1/health, GET} route +1ms
[Nest] 13040  - 27/08/2026, 11:06:06 am     LOG [RoutesResolver] SessionsController {/api/v1/sessions}: +0ms
[Nest] 13040  - 27/08/2026, 11:06:06 am     LOG [RouterExplorer] Mapped {/api/v1/sessions, POST} route +1ms
[Nest] 13040  - 27/08/2026, 11:06:06 am     LOG [RouterExplorer] Mapped {/api/v1/sessions/:session_id/close, POST} route +0ms
[Nest] 13040  - 27/08/2026, 11:06:06 am     LOG [RoutesResolver] TurnsController {/api/v1/sessions/:session_id/turns}: +0ms
[Nest] 13040  - 27/08/2026, 11:06:06 am     LOG [RouterExplorer] Mapped {/api/v1/sessions/:session_id/turns, POST} route +1ms
[Nest] 13040  - 27/08/2026, 11:06:06 am     LOG [RoutesResolver] AbdmHiuCallbackController {/api/v1/api/v3/hiu}: +0ms
[Nest] 13040  - 27/08/2026, 11:06:06 am     LOG [RouterExplorer] Mapped {/api/v1/api/v3/hiu/consent/request/on-init, POST} route +1ms
[Nest] 13040  - 27/08/2026, 11:06:06 am     LOG [RouterExplorer] Mapped {/api/v1/api/v3/hiu/consent/request/notify, POST} route +1ms
[Nest] 13040  - 27/08/2026, 11:06:06 am     LOG [RouterExplorer] Mapped {/api/v1/api/v3/hiu/consent/on-fetch, POST} route +0ms
[Nest] 13040  - 27/08/2026, 11:06:06 am     LOG [RouterExplorer] Mapped {/api/v1/api/v3/hiu/health-information/on-request, POST} route +1ms
[Nest] 13040  - 27/08/2026, 11:06:06 am     LOG [RouterExplorer] Mapped {/api/v1/api/v3/hiu/data/notification, POST} route +0ms
[Nest] 13040  - 27/08/2026, 11:06:06 am     LOG [RoutesResolver] DevDemoController {/api/v1/dev/demo}: +1ms
[Nest] 13040  - 27/08/2026, 11:06:06 am     LOG [RouterExplorer] Mapped {/api/v1/dev/demo/session, POST} route +0ms
[Nest] 13040  - 27/08/2026, 11:06:06 am     LOG [RouterExplorer] Mapped {/api/v1/dev/demo/patients, GET} route +0ms
[Nest] 13040  - 27/08/2026, 11:06:06 am     LOG [RouterExplorer] Mapped {/api/v1/dev/demo/patients, POST} route +0ms
[Nest] 13040  - 27/08/2026, 11:06:06 am     LOG [RouterExplorer] Mapped {/api/v1/dev/demo/patients/:id, GET} route +1ms
[Nest] 13040  - 27/08/2026, 11:06:06 am     LOG [RouterExplorer] Mapped {/api/v1/dev/demo/patients/:id, PATCH} route +0ms
[Nest] 13040  - 27/08/2026, 11:06:06 am     LOG [RouterExplorer] Mapped {/api/v1/dev/demo/patients/:id, DELETE} route +0ms
[Nest] 13040  - 27/08/2026, 11:06:06 am     LOG [RouterExplorer] Mapped {/api/v1/dev/demo/patients/:id/session, POST} route +1ms
[Nest] 13040  - 27/08/2026, 11:06:06 am     LOG [RouterExplorer] Mapped {/api/v1/dev/demo/feedback, POST} route +0ms
[Nest] 13040  - 27/08/2026, 11:06:06 am     LOG [RoutesResolver] PrescriptionController {/api/v1/dev/demo/patients/:patientId/prescriptions}: +0ms
[Nest] 13040  - 27/08/2026, 11:06:06 am     LOG [RouterExplorer] Mapped {/api/v1/dev/demo/patients/:patientId/prescriptions, POST} route +1ms
[Nest] 13040  - 27/08/2026, 11:06:06 am     LOG [RouterExplorer] Mapped {/api/v1/dev/demo/patients/:patientId/prescriptions, GET} route +0ms
[Nest] 13040  - 27/08/2026, 11:06:06 am     LOG [RouterExplorer] Mapped {/api/v1/dev/demo/patients/:patientId/prescriptions/:id/approve, POST} route +0ms
[Nest] 13040  - 27/08/2026, 11:06:06 am     LOG [RoutesResolver] AdminKnowledgeController {/api/v1/admin/knowledge}: +1ms
[Nest] 13040  - 27/08/2026, 11:06:06 am     LOG [RouterExplorer] Mapped {/api/v1/admin/knowledge/documents, POST} route +0ms
[Nest] 13040  - 27/08/2026, 11:06:06 am     LOG [RouterExplorer] Mapped {/api/v1/admin/knowledge/documents, GET} route +0ms
[Nest] 13040  - 27/08/2026, 11:06:06 am     LOG [RouterExplorer] Mapped {/api/v1/admin/knowledge/documents/:id, GET} route +0ms
[Nest] 13040  - 27/08/2026, 11:06:06 am     LOG [RouterExplorer] Mapped {/api/v1/admin/knowledge/documents/:id, PATCH} route +1ms
[Nest] 13040  - 27/08/2026, 11:06:06 am     LOG [RouterExplorer] Mapped {/api/v1/admin/knowledge/documents/:id, DELETE} route +0ms
[Nest] 13040  - 27/08/2026, 11:06:06 am     LOG [RouterExplorer] Mapped {/api/v1/admin/knowledge/documents/:id/process, POST} route +0ms
[Nest] 13040  - 27/08/2026, 11:06:06 am     LOG [RouterExplorer] Mapped {/api/v1/admin/knowledge/documents/:id/approve, POST} route +0ms
[Nest] 13040  - 27/08/2026, 11:06:06 am     LOG [RouterExplorer] Mapped {/api/v1/admin/knowledge/documents/:id/publish, POST} route +1ms
[Nest] 13040  - 27/08/2026, 11:06:06 am     LOG [RouterExplorer] Mapped {/api/v1/admin/knowledge/documents/:id/supersede, POST} route +0ms
[Nest] 13040  - 27/08/2026, 11:06:06 am     LOG [RouterExplorer] Mapped {/api/v1/admin/knowledge/reindex, POST} route +0ms
[Nest] 13040  - 27/08/2026, 11:06:06 am     LOG [RouterExplorer] Mapped {/api/v1/admin/knowledge/search, GET} route +0ms
[Nest] 13040  - 27/08/2026, 11:06:06 am     LOG [RoutesResolver] MetricsController {/api/v1/metrics}: +0ms
[Nest] 13040  - 27/08/2026, 11:06:06 am     LOG [RouterExplorer] Mapped {/metrics, GET} route +1ms
[Nest] 13040  - 27/08/2026, 11:06:06 am     LOG [RoutesResolver] MedicationController {/api/v1/dev/demo/patients/:patientId/medications}: +0ms
[Nest] 13040  - 27/08/2026, 11:06:06 am     LOG [RouterExplorer] Mapped {/api/v1/dev/demo/patients/:patientId/medications, GET} route +0ms
[Nest] 13040  - 27/08/2026, 11:06:06 am     LOG [RouterExplorer] Mapped {/api/v1/dev/demo/patients/:patientId/medications/:medicationId/confirm, POST} route +0ms
[Nest] 13040  - 27/08/2026, 11:06:06 am     LOG [RouterExplorer] Mapped {/api/v1/dev/demo/patients/:patientId/medications/adherence/events, GET} route +1ms
[Nest] 13040  - 27/08/2026, 11:06:06 am     LOG [RouterExplorer] Mapped {/api/v1/dev/demo/patients/:patientId/medications/:medicationId/adherence, POST} route +0ms
[Nest] 13040  - 27/08/2026, 11:06:06 am     LOG [RouterExplorer] Mapped {/api/v1/dev/demo/patients/:patientId/medications/:medicationId/adherence/prompt-eligibility/:scheduledDate/:scheduleSlot, GET} route +0ms
[Nest] 13040  - 27/08/2026, 11:06:06 am     LOG [RoutesResolver] FacilityAdminController {/api/v1/admin/facilities}: +0ms
[Nest] 13040  - 27/08/2026, 11:06:06 am     LOG [RouterExplorer] Mapped {/api/v1/admin/facilities/import/structured, POST} route +1ms
[Nest] 13040  - 27/08/2026, 11:06:06 am     LOG [RouterExplorer] Mapped {/api/v1/admin/facilities/import/documents/:documentId, POST} route +0ms
[Nest] 13040  - 27/08/2026, 11:06:06 am     LOG [RouterExplorer] Mapped {/api/v1/admin/facilities/import/documents/:documentId/file, POST} route +0ms
[Nest] 13040  - 27/08/2026, 11:06:06 am     LOG [RouterExplorer] Mapped {/api/v1/admin/facilities, GET} route +0ms
[Nest] 13040  - 27/08/2026, 11:06:06 am     LOG [RoutesResolver] SchemeAdminController {/api/v1/admin/schemes}: +0ms
[Nest] 13040  - 27/08/2026, 11:06:06 am     LOG [RouterExplorer] Mapped {/api/v1/admin/schemes, GET} route +1ms
[Nest] 13040  - 27/08/2026, 11:06:06 am     LOG [RouterExplorer] Mapped {/api/v1/admin/schemes, POST} route +0ms
[Nest] 13040  - 27/08/2026, 11:06:06 am     LOG [RouterExplorer] Mapped {/api/v1/admin/schemes/:schemeId/eligibility, GET} route +0ms
[Nest] 13040  - 27/08/2026, 11:06:06 am     LOG [RoutesResolver] RagEvaluationController {/api/v1/admin/evaluation}: +0ms
[Nest] 13040  - 27/08/2026, 11:06:06 am     LOG [RouterExplorer] Mapped {/api/v1/admin/evaluation/rag-quality, GET} route +1ms
[Nest] 13040  - 27/08/2026, 11:06:06 am     LOG [RouterExplorer] Mapped {/api/v1/admin/evaluation/dashboard-summary, GET} route +0ms
[Nest] 13040  - 27/08/2026, 11:06:06 am     LOG [RouterExplorer] Mapped {/api/v1/admin/evaluation/rag-quality/run-controlled, POST} route +0ms
[Nest] 13040  - 27/08/2026, 11:06:06 am     LOG [RoutesResolver] HealthDiagnosticsController {/api/v1/health}: +0ms
[Nest] 13040  - 27/08/2026, 11:06:06 am     LOG [RouterExplorer] Mapped {/api/v1/health/liveness, GET} route +1ms
[Nest] 13040  - 27/08/2026, 11:06:06 am     LOG [RouterExplorer] Mapped {/api/v1/health/readiness, GET} route +0ms
[Nest] 13040  - 27/08/2026, 11:06:06 am     LOG [RouterExplorer] Mapped {/api/v1/health, GET} route +0ms
[Nest] 13040  - 27/08/2026, 11:06:06 am     LOG [RoutesResolver] VoiceController {/api/v1/voice}: +1ms
[Nest] 13040  - 27/08/2026, 11:06:06 am     LOG [RouterExplorer] Mapped {/api/v1/voice/stt, POST} route +0ms
[Nest] 13040  - 27/08/2026, 11:06:06 am     LOG [RouterExplorer] Mapped {/api/v1/voice/tts, POST} route +0ms
[Nest] 13040  - 27/08/2026, 11:06:06 am     LOG [AuditExporterService] Starting background audit exporter loop intervalMs=5000
[Nest] 13040  - 27/08/2026, 11:06:06 am     LOG [AgentRegistryService] Registered agent: medication-agent
[Nest] 13040  - 27/08/2026, 11:06:06 am     LOG [AgentRegistryService] Registered agent: lab-report-agent
[Nest] 13040  - 27/08/2026, 11:06:06 am     LOG [AgentRegistryService] Registered agent: diagnosis-agent
[Nest] 13040  - 27/08/2026, 11:06:06 am     LOG [AgentRegistryService] Registered agent: allergy-agent
[Nest] 13040  - 27/08/2026, 11:06:06 am     LOG [AgentRegistryService] Registered agent: general-health-agent
[Nest] 13040  - 27/08/2026, 11:06:06 am     LOG [AgentRegistryService] Registered agent: greeting-agent
[Nest] 13040  - 27/08/2026, 11:06:06 am     LOG [AgentRegistryService] Registered agent: scheme-agent
[Nest] 13040  - 27/08/2026, 11:06:06 am     LOG [AgentRegistryService] Registered agent: facility-agent
[Nest] 13040  - 27/08/2026, 11:06:06 am     LOG [AgentRegistryService] Registered agent: referral-agent
[Nest] 13040  - 27/08/2026, 11:06:06 am     LOG [AgentRegistryService] Registered agent: adherence-agent
[Nest] 13040  - 27/08/2026, 11:06:06 am     LOG [AgentRegistryService] Registered agent: teleconsultation-agent
[Nest] 13040  - 27/08/2026, 11:06:06 am     LOG [NestApplication] Nest application successfully started +1ms
query: SELECT "AuditEvent"."id" AS "AuditEvent_id", "AuditEvent"."tenantId" AS "AuditEvent_tenantId", "AuditEvent"."subjectAbhaRefHash" AS "AuditEvent_subjectAbhaRefHash", "AuditEvent"."speaker" AS "AuditEvent_speaker", "AuditEvent"."actingPrincipal" AS "AuditEvent_actingPrincipal", "AuditEvent"."correlationId" AS "AuditEvent_correlationId", "AuditEvent"."action" AS "AuditEvent_action", "AuditEvent"."entityName" AS "AuditEvent_entityName", "AuditEvent"."entityId" AS "AuditEvent_entityId", "AuditEvent"."details" AS "AuditEvent_details", "AuditEvent"."hmacKeyId" AS "AuditEvent_hmacKeyId", "AuditEvent"."timestamp" AS "AuditEvent_timestamp" FROM "audit_events" "AuditEvent" ORDER BY "AuditEvent"."timestamp" DESC LIMIT 50
[Nest] 13040  - 27/08/2026, 11:06:11 am     LOG [DevelopmentAuditExporter] [DEV_AUDIT_EXPORTER] Processing batch export count=50
query: SELECT 1
query: SELECT "AuditEvent"."id" AS "AuditEvent_id", "AuditEvent"."tenantId" AS "AuditEvent_tenantId", "AuditEvent"."subjectAbhaRefHash" AS "AuditEvent_subjectAbhaRefHash", "AuditEvent"."speaker" AS "AuditEvent_speaker", "AuditEvent"."actingPrincipal" AS "AuditEvent_actingPrincipal", "AuditEvent"."correlationId" AS "AuditEvent_correlationId", "AuditEvent"."action" AS "AuditEvent_action", "AuditEvent"."entityName" AS "AuditEvent_entityName", "AuditEvent"."entityId" AS "AuditEvent_entityId", "AuditEvent"."details" AS "AuditEvent_details", "AuditEvent"."hmacKeyId" AS "AuditEvent_hmacKeyId", "AuditEvent"."timestamp" AS "AuditEvent_timestamp" FROM "audit_events" "AuditEvent" ORDER BY "AuditEvent"."timestamp" DESC LIMIT 50
[Nest] 13040  - 27/08/2026, 11:06:16 am     LOG [DevelopmentAuditExporter] [DEV_AUDIT_EXPORTER] Processing batch export count=50
query: SELECT "AuditEvent"."id" AS "AuditEvent_id", "AuditEvent"."tenantId" AS "AuditEvent_tenantId", "AuditEvent"."subjectAbhaRefHash" AS "AuditEvent_subjectAbhaRefHash", "AuditEvent"."speaker" AS "AuditEvent_speaker", "AuditEvent"."actingPrincipal" AS "AuditEvent_actingPrincipal", "AuditEvent"."correlationId" AS "AuditEvent_correlationId", "AuditEvent"."action" AS "AuditEvent_action", "AuditEvent"."entityName" AS "AuditEvent_entityName", "AuditEvent"."entityId" AS "AuditEvent_entityId", "AuditEvent"."details" AS "AuditEvent_details", "AuditEvent"."hmacKeyId" AS "AuditEvent_hmacKeyId", "AuditEvent"."timestamp" AS "AuditEvent_timestamp" FROM "audit_events" "AuditEvent" ORDER BY "AuditEvent"."timestamp" DESC LIMIT 50
[Nest] 13040  - 27/08/2026, 11:06:21 am     LOG [DevelopmentAuditExporter] [DEV_AUDIT_EXPORTER] Processing batch export count=50
query: SELECT "AuditEvent"."id" AS "AuditEvent_id", "AuditEvent"."tenantId" AS "AuditEvent_tenantId", "AuditEvent"."subjectAbhaRefHash" AS "AuditEvent_subjectAbhaRefHash", "AuditEvent"."speaker" AS "AuditEvent_speaker", "AuditEvent"."actingPrincipal" AS "AuditEvent_actingPrincipal", "AuditEvent"."correlationId" AS "AuditEvent_correlationId", "AuditEvent"."action" AS "AuditEvent_action", "AuditEvent"."entityName" AS "AuditEvent_entityName", "AuditEvent"."entityId" AS "AuditEvent_entityId", "AuditEvent"."details" AS "AuditEvent_details", "AuditEvent"."hmacKeyId" AS "AuditEvent_hmacKeyId", "AuditEvent"."timestamp" AS "AuditEvent_timestamp" FROM "audit_events" "AuditEvent" ORDER BY "AuditEvent"."timestamp" DESC LIMIT 50
[Nest] 13040  - 27/08/2026, 11:06:26 am     LOG [DevelopmentAuditExporter] [DEV_AUDIT_EXPORTER] Processing batch export count=50
query: SELECT "SyntheticPatient"."id" AS "SyntheticPatient_id", "SyntheticPatient"."tenantId" AS "SyntheticPatient_tenantId", "SyntheticPatient"."syntheticPatientId" AS "SyntheticPatient_syntheticPatientId", "SyntheticPatient"."name" AS "SyntheticPatient_name", "SyntheticPatient"."age" AS "SyntheticPatient_age", "SyntheticPatient"."dateOfBirth" AS "SyntheticPatient_dateOfBirth", "SyntheticPatient"."gender" AS "SyntheticPatient_gender", "SyntheticPatient"."state" AS "SyntheticPatient_state", "SyntheticPatient"."district" AS "SyntheticPatient_district", "SyntheticPatient"."city" AS "SyntheticPatient_city", "SyntheticPatient"."locality" AS "SyntheticPatient_locality", "SyntheticPatient"."language" AS "SyntheticPatient_language", "SyntheticPatient"."timezone" AS "SyntheticPatient_timezone", "SyntheticPatient"."phoneNumber" AS "SyntheticPatient_phoneNumber", "SyntheticPatient"."clinicalProfile" AS "SyntheticPatient_clinicalProfile", "SyntheticPatient"."createdAt" AS "SyntheticPatient_createdAt", "SyntheticPatient"."updatedAt" AS "SyntheticPatient_updatedAt" FROM "synthetic_patients" "SyntheticPatient" WHERE (("SyntheticPatient"."tenantId" = $1)) ORDER BY "SyntheticPatient"."updatedAt" DESC -- PARAMETERS: ["00000000-0000-0000-0000-000000000000"]
query: SELECT "SyntheticPatient"."id" AS "SyntheticPatient_id", "SyntheticPatient"."tenantId" AS "SyntheticPatient_tenantId", "SyntheticPatient"."syntheticPatientId" AS "SyntheticPatient_syntheticPatientId", "SyntheticPatient"."name" AS "SyntheticPatient_name", "SyntheticPatient"."age" AS "SyntheticPatient_age", "SyntheticPatient"."dateOfBirth" AS "SyntheticPatient_dateOfBirth", "SyntheticPatient"."gender" AS "SyntheticPatient_gender", "SyntheticPatient"."state" AS "SyntheticPatient_state", "SyntheticPatient"."district" AS "SyntheticPatient_district", "SyntheticPatient"."city" AS "SyntheticPatient_city", "SyntheticPatient"."locality" AS "SyntheticPatient_locality", "SyntheticPatient"."language" AS "SyntheticPatient_language", "SyntheticPatient"."timezone" AS "SyntheticPatient_timezone", "SyntheticPatient"."phoneNumber" AS "SyntheticPatient_phoneNumber", "SyntheticPatient"."clinicalProfile" AS "SyntheticPatient_clinicalProfile", "SyntheticPatient"."createdAt" AS "SyntheticPatient_createdAt", "SyntheticPatient"."updatedAt" AS "SyntheticPatient_updatedAt" FROM "synthetic_patients" "SyntheticPatient" WHERE (("SyntheticPatient"."id" = $1) AND ("SyntheticPatient"."tenantId" = $2)) LIMIT 1 -- PARAMETERS: ["df466985-1e4f-4c9e-98d3-cbce5ab54d15","00000000-0000-0000-0000-000000000000"]
query: SELECT "Tenant"."id" AS "Tenant_id", "Tenant"."name" AS "Tenant_name", "Tenant"."domain" AS "Tenant_domain", "Tenant"."status" AS "Tenant_status", "Tenant"."createdAt" AS "Tenant_createdAt", "Tenant"."updatedAt" AS "Tenant_updatedAt" FROM "tenants" "Tenant" WHERE (("Tenant"."id" = $1)) LIMIT 1 -- PARAMETERS: ["00000000-0000-0000-0000-000000000000"]
query: START TRANSACTION
query: INSERT INTO "consent_artifacts"("id", "tenantId", "subjectId", "consentVersion", "scopes", "language", "deliveryMode", "retentionInfo", "status", "createdAt", "withdrawnAt") VALUES (DEFAULT, $1, $2, $3, $4, $5, $6, $7, $8, DEFAULT, DEFAULT) RETURNING "id", "createdAt" -- PARAMETERS: ["00000000-0000-0000-0000-000000000000","dev-host-user-123","synthetic-development-v1",["record_read","conversation_retention"],"hi","text","{\"mode\":\"synthetic-development\",\"syntheticPatientId\":\"dev-787e7d0f-ef4a-487e-9cd5-3842dec82428\"}","ACTIVE"]
query: COMMIT
query: SELECT "ConsentArtifact"."id" AS "ConsentArtifact_id", "ConsentArtifact"."tenantId" AS "ConsentArtifact_tenantId", "ConsentArtifact"."subjectId" AS "ConsentArtifact_subjectId", "ConsentArtifact"."consentVersion" AS "ConsentArtifact_consentVersion", "ConsentArtifact"."scopes" AS "ConsentArtifact_scopes", "ConsentArtifact"."language" AS "ConsentArtifact_language", "ConsentArtifact"."deliveryMode" AS "ConsentArtifact_deliveryMode", "ConsentArtifact"."retentionInfo" AS "ConsentArtifact_retentionInfo", "ConsentArtifact"."status" AS "ConsentArtifact_status", "ConsentArtifact"."createdAt" AS "ConsentArtifact_createdAt", "ConsentArtifact"."withdrawnAt" AS "ConsentArtifact_withdrawnAt" FROM "consent_artifacts" "ConsentArtifact" WHERE (("ConsentArtifact"."id" = $1)) LIMIT 1 -- PARAMETERS: ["c4f439f7-0ec7-4e63-801e-1c4ba2e146a6"]
query: START TRANSACTION
query: INSERT INTO "audit_events"("id", "tenantId", "subjectAbhaRefHash", "speaker", "actingPrincipal", "correlationId", "action", "entityName", "entityId", "details", "hmacKeyId", "timestamp") VALUES (DEFAULT, $1, $2, $3, $4, $5, $6, $7, $8, $9, $10, DEFAULT) RETURNING "id", "timestamp" -- PARAMETERS: ["00000000-0000-0000-0000-000000000000","dc7ed8a42daa3de2d35480f5b489da4d70030065a329635f0f5ac493adcadabe","self","dev-host-user-123","vda-a2d9c6e6-cc96-42a1-ad8d-6382eff5ca72","consent_validated","consent_artifact","c4f439f7-0ec7-4e63-801e-1c4ba2e146a6",null,"v1"]
query: COMMIT
[Nest] 13040  - 27/08/2026, 11:06:30 am     LOG [AuditService] Audit Logged: action=consent_validated correlationId=vda-a2d9c6e6-cc96-42a1-ad8d-6382eff5ca72 keyId=v1
query: START TRANSACTION
query: INSERT INTO "sessions"("id", "tenantId", "externalId", "subjectAbhaRef", "speaker", "assistContextId", "consentArtifactId", "localeHint", "deviceClass", "medicationState", "status", "idleExpiresAt", "absoluteExpiresAt", "createdAt", "closedAt") VALUES (DEFAULT, $1, $2, $3, $4, DEFAULT, $5, $6, DEFAULT, DEFAULT, $7, $8, $9, DEFAULT, DEFAULT) RETURNING "id", "medicationState", "status", "createdAt" -- PARAMETERS: ["00000000-0000-0000-0000-000000000000","dev-host-user-123","synthetic:dev-787e7d0f-ef4a-487e-9cd5-3842dec82428","self","c4f439f7-0ec7-4e63-801e-1c4ba2e146a6","hi","ACTIVE","2026-08-27T06:06:30.086Z","2026-08-27T09:36:30.086Z"]
query: COMMIT
query: START TRANSACTION
query: INSERT INTO "audit_events"("id", "tenantId", "subjectAbhaRefHash", "speaker", "actingPrincipal", "correlationId", "action", "entityName", "entityId", "details", "hmacKeyId", "timestamp") VALUES (DEFAULT, $1, $2, $3, $4, $5, $6, $7, $8, $9, $10, DEFAULT) RETURNING "id", "timestamp" -- PARAMETERS: ["00000000-0000-0000-0000-000000000000","dc7ed8a42daa3de2d35480f5b489da4d70030065a329635f0f5ac493adcadabe","self","dev-host-user-123","vda-a2d9c6e6-cc96-42a1-ad8d-6382eff5ca72","session_created","session","4aaa7e2b-442e-40f5-b11f-752d818ee644",null,"v1"]
query: COMMIT
[Nest] 13040  - 27/08/2026, 11:06:30 am     LOG [AuditService] Audit Logged: action=session_created correlationId=vda-a2d9c6e6-cc96-42a1-ad8d-6382eff5ca72 keyId=v1
query: START TRANSACTION
query: SELECT "Session"."id" AS "Session_id", "Session"."tenantId" AS "Session_tenantId", "Session"."externalId" AS "Session_externalId", "Session"."subjectAbhaRef" AS "Session_subjectAbhaRef", "Session"."speaker" AS "Session_speaker", "Session"."assistContextId" AS "Session_assistContextId", "Session"."consentArtifactId" AS "Session_consentArtifactId", "Session"."localeHint" AS "Session_localeHint", "Session"."deviceClass" AS "Session_deviceClass", "Session"."medicationState" AS "Session_medicationState", "Session"."status" AS "Session_status", "Session"."idleExpiresAt" AS "Session_idleExpiresAt", "Session"."absoluteExpiresAt" AS "Session_absoluteExpiresAt", "Session"."createdAt" AS "Session_createdAt", "Session"."closedAt" AS "Session_closedAt" FROM "sessions" "Session" WHERE (("Session"."id" = $1)) LIMIT 1 FOR UPDATE -- PARAMETERS: ["4aaa7e2b-442e-40f5-b11f-752d818ee644"]
query: SELECT "ConsentArtifact"."id" AS "ConsentArtifact_id", "ConsentArtifact"."tenantId" AS "ConsentArtifact_tenantId", "ConsentArtifact"."subjectId" AS "ConsentArtifact_subjectId", "ConsentArtifact"."consentVersion" AS "ConsentArtifact_consentVersion", "ConsentArtifact"."scopes" AS "ConsentArtifact_scopes", "ConsentArtifact"."language" AS "ConsentArtifact_language", "ConsentArtifact"."deliveryMode" AS "ConsentArtifact_deliveryMode", "ConsentArtifact"."retentionInfo" AS "ConsentArtifact_retentionInfo", "ConsentArtifact"."status" AS "ConsentArtifact_status", "ConsentArtifact"."createdAt" AS "ConsentArtifact_createdAt", "ConsentArtifact"."withdrawnAt" AS "ConsentArtifact_withdrawnAt" FROM "consent_artifacts" "ConsentArtifact" WHERE (("ConsentArtifact"."id" = $1)) LIMIT 1 -- PARAMETERS: ["c4f439f7-0ec7-4e63-801e-1c4ba2e146a6"]
query: SELECT "ConversationTurn"."id" AS "ConversationTurn_id", "ConversationTurn"."sessionId" AS "ConversationTurn_sessionId", "ConversationTurn"."turnNumber" AS "ConversationTurn_turnNumber", "ConversationTurn"."correlationId" AS "ConversationTurn_correlationId", "ConversationTurn"."speaker" AS "ConversationTurn_speaker", "ConversationTurn"."subjectRef" AS "ConversationTurn_subjectRef", "ConversationTurn"."inputText" AS "ConversationTurn_inputText", "ConversationTurn"."outputText" AS "ConversationTurn_outputText", "ConversationTurn"."responseType" AS "ConversationTurn_responseType", "ConversationTurn"."intent" AS "ConversationTurn_intent", "ConversationTurn"."selectedAgent" AS "ConversationTurn_selectedAgent", "ConversationTurn"."latency" AS "ConversationTurn_latency", "ConversationTurn"."safetyStatus" AS "ConversationTurn_safetyStatus", "ConversationTurn"."status" AS "ConversationTurn_status", "ConversationTurn"."idempotencyKey" AS "ConversationTurn_idempotencyKey", "ConversationTurn"."conversationRetentionGranted" AS "ConversationTurn_conversationRetentionGranted", "ConversationTurn"."processingStartedAt" AS "ConversationTurn_processingStartedAt", "ConversationTurn"."createdAt" AS "ConversationTurn_createdAt" FROM "conversation_turns" "ConversationTurn" WHERE (("ConversationTurn"."sessionId" = $1) AND ("ConversationTurn"."idempotencyKey" = $2)) LIMIT 1 -- PARAMETERS: ["4aaa7e2b-442e-40f5-b11f-752d818ee644","b8dae1ce-c923-43cd-8444-9eb877fd2d6b"]
query: SELECT "ConversationTurn"."id" AS "ConversationTurn_id", "ConversationTurn"."sessionId" AS "ConversationTurn_sessionId", "ConversationTurn"."turnNumber" AS "ConversationTurn_turnNumber", "ConversationTurn"."correlationId" AS "ConversationTurn_correlationId", "ConversationTurn"."speaker" AS "ConversationTurn_speaker", "ConversationTurn"."subjectRef" AS "ConversationTurn_subjectRef", "ConversationTurn"."inputText" AS "ConversationTurn_inputText", "ConversationTurn"."outputText" AS "ConversationTurn_outputText", "ConversationTurn"."responseType" AS "ConversationTurn_responseType", "ConversationTurn"."intent" AS "ConversationTurn_intent", "ConversationTurn"."selectedAgent" AS "ConversationTurn_selectedAgent", "ConversationTurn"."latency" AS "ConversationTurn_latency", "ConversationTurn"."safetyStatus" AS "ConversationTurn_safetyStatus", "ConversationTurn"."status" AS "ConversationTurn_status", "ConversationTurn"."idempotencyKey" AS "ConversationTurn_idempotencyKey", "ConversationTurn"."conversationRetentionGranted" AS "ConversationTurn_conversationRetentionGranted", "ConversationTurn"."processingStartedAt" AS "ConversationTurn_processingStartedAt", "ConversationTurn"."createdAt" AS "ConversationTurn_createdAt" FROM "conversation_turns" "ConversationTurn" WHERE (("ConversationTurn"."sessionId" = $1)) ORDER BY "ConversationTurn"."turnNumber" DESC LIMIT 1 -- PARAMETERS: ["4aaa7e2b-442e-40f5-b11f-752d818ee644"]
query: SELECT "Session"."id" AS "Session_id", "Session"."tenantId" AS "Session_tenantId", "Session"."externalId" AS "Session_externalId", "Session"."subjectAbhaRef" AS "Session_subjectAbhaRef", "Session"."speaker" AS "Session_speaker", "Session"."assistContextId" AS "Session_assistContextId", "Session"."consentArtifactId" AS "Session_consentArtifactId", "Session"."localeHint" AS "Session_localeHint", "Session"."deviceClass" AS "Session_deviceClass", "Session"."medicationState" AS "Session_medicationState", "Session"."status" AS "Session_status", "Session"."idleExpiresAt" AS "Session_idleExpiresAt", "Session"."absoluteExpiresAt" AS "Session_absoluteExpiresAt", "Session"."createdAt" AS "Session_createdAt", "Session"."closedAt" AS "Session_closedAt" FROM "sessions" "Session" WHERE "Session"."id" = $1 -- PARAMETERS: ["4aaa7e2b-442e-40f5-b11f-752d818ee644"]
query: UPDATE "sessions" SET "idleExpiresAt" = $1 WHERE "id" = $2 -- PARAMETERS: ["2026-08-27T06:06:30.158Z","4aaa7e2b-442e-40f5-b11f-752d818ee644"]
query: INSERT INTO "conversation_turns"("id", "sessionId", "turnNumber", "correlationId", "speaker", "subjectRef", "inputText", "outputText", "responseType", "intent", "selectedAgent", "latency", "safetyStatus", "status", "idempotencyKey", "conversationRetentionGranted", "processingStartedAt", "createdAt") VALUES (DEFAULT, $1, $2, $3, $4, $5, $6, $7, $8, DEFAULT, DEFAULT, $9, $10, $11, $12, $13, $14, DEFAULT) RETURNING "id", "status", "conversationRetentionGranted", "createdAt" -- PARAMETERS: ["4aaa7e2b-442e-40f5-b11f-752d818ee644",1,"vda-59e1f59e-dce9-4f87-a38c-0751918c743d","self","synthetic:dev-787e7d0f-ef4a-487e-9cd5-3842dec82428","मेरा HbA1c कितना है?",null,"text",0,"SAFE","PROCESSING","b8dae1ce-c923-43cd-8444-9eb877fd2d6b",true,"2026-08-27T05:36:30.158Z"]
query: START TRANSACTION
query: INSERT INTO "audit_events"("id", "tenantId", "subjectAbhaRefHash", "speaker", "actingPrincipal", "correlationId", "action", "entityName", "entityId", "details", "hmacKeyId", "timestamp") VALUES (DEFAULT, $1, $2, $3, $4, $5, $6, $7, $8, $9, $10, DEFAULT) RETURNING "id", "timestamp" -- PARAMETERS: ["00000000-0000-0000-0000-000000000000","dc7ed8a42daa3de2d35480f5b489da4d70030065a329635f0f5ac493adcadabe","self","dev-host-user-123","vda-59e1f59e-dce9-4f87-a38c-0751918c743d","turn_received","session","4aaa7e2b-442e-40f5-b11f-752d818ee644","{\"turn_number\":1}","v1"]
query: COMMIT
[Nest] 13040  - 27/08/2026, 11:06:30 am     LOG [AuditService] Audit Logged: action=turn_received correlationId=vda-59e1f59e-dce9-4f87-a38c-0751918c743d keyId=v1
query: COMMIT
query: SELECT "Session"."id" AS "Session_id", "Session"."tenantId" AS "Session_tenantId", "Session"."externalId" AS "Session_externalId", "Session"."subjectAbhaRef" AS "Session_subjectAbhaRef", "Session"."speaker" AS "Session_speaker", "Session"."assistContextId" AS "Session_assistContextId", "Session"."consentArtifactId" AS "Session_consentArtifactId", "Session"."localeHint" AS "Session_localeHint", "Session"."deviceClass" AS "Session_deviceClass", "Session"."medicationState" AS "Session_medicationState", "Session"."status" AS "Session_status", "Session"."idleExpiresAt" AS "Session_idleExpiresAt", "Session"."absoluteExpiresAt" AS "Session_absoluteExpiresAt", "Session"."createdAt" AS "Session_createdAt", "Session"."closedAt" AS "Session_closedAt" FROM "sessions" "Session" WHERE (("Session"."id" = $1)) LIMIT 1 -- PARAMETERS: ["4aaa7e2b-442e-40f5-b11f-752d818ee644"]
query: START TRANSACTION
query: INSERT INTO "audit_events"("id", "tenantId", "subjectAbhaRefHash", "speaker", "actingPrincipal", "correlationId", "action", "entityName", "entityId", "details", "hmacKeyId", "timestamp") VALUES (DEFAULT, $1, $2, $3, $4, $5, $6, $7, $8, $9, $10, DEFAULT) RETURNING "id", "timestamp" -- PARAMETERS: ["00000000-0000-0000-0000-000000000000","dc7ed8a42daa3de2d35480f5b489da4d70030065a329635f0f5ac493adcadabe","self","dev-host-user-123","vda-59e1f59e-dce9-4f87-a38c-0751918c743d","safety_evaluated","conversation_turn","3fdda65e-14ef-45f9-b56e-0e3e8f331355","{\"status\":\"SAFE\",\"rule_id\":null,\"rule_version\":null,\"severity\":null,\"action\":null}","v1"]
query: COMMIT
[Nest] 13040  - 27/08/2026, 11:06:30 am     LOG [AuditService] Audit Logged: action=safety_evaluated correlationId=vda-59e1f59e-dce9-4f87-a38c-0751918c743d keyId=v1
[Nest] 13040  - 27/08/2026, 11:06:30 am     LOG [AiConversationProcessor] [AiProcessor] Processing turn for sessionId=4aaa7e2b-442e-40f5-b11f-752d818ee644
[Nest] 13040  - 27/08/2026, 11:06:30 am     LOG [AiOrchestratorService] [AiOrchestrator] Turn execution started sessionId=4aaa7e2b-442e-40f5-b11f-752d818ee644 correlationId=vda-59e1f59e-dce9-4f87-a38c-0751918c743d
query: START TRANSACTION
query: INSERT INTO "audit_events"("id", "tenantId", "subjectAbhaRefHash", "speaker", "actingPrincipal", "correlationId", "action", "entityName", "entityId", "details", "hmacKeyId", "timestamp") VALUES (DEFAULT, $1, $2, $3, $4, $5, $6, $7, $8, $9, $10, DEFAULT) RETURNING "id", "timestamp" -- PARAMETERS: ["00000000-0000-0000-0000-000000000000","5a221c7d1978e65088528da2883a866a8b0e58e7801f3030304f6814934bc0ad",null,"dev-host-user-123","vda-59e1f59e-dce9-4f87-a38c-0751918c743d","ai_request_started","turn","4aaa7e2b-442e-40f5-b11f-752d818ee644","{\"sessionId\":\"4aaa7e2b-442e-40f5-b11f-752d818ee644\",\"inputLength\":20}","v1"]
query: COMMIT
[Nest] 13040  - 27/08/2026, 11:06:30 am     LOG [AuditService] Audit Logged: action=ai_request_started correlationId=vda-59e1f59e-dce9-4f87-a38c-0751918c743d keyId=v1
[Nest] 13040  - 27/08/2026, 11:06:30 am    WARN [SarvamProvider] Sarvam language detection failed, falling back to rule engine: Sarvam API status 404
[Nest] 13040  - 27/08/2026, 11:06:30 am     LOG [IntentClassifierService] [IntentClassifier] Stage 1 Rule Match: intent=LAB_RESULT_QUERY confidence=0.95
query: START TRANSACTION
query: INSERT INTO "audit_events"("id", "tenantId", "subjectAbhaRefHash", "speaker", "actingPrincipal", "correlationId", "action", "entityName", "entityId", "details", "hmacKeyId", "timestamp") VALUES (DEFAULT, $1, $2, $3, $4, $5, $6, $7, $8, $9, $10, DEFAULT) RETURNING "id", "timestamp" -- PARAMETERS: ["00000000-0000-0000-0000-000000000000","857527416d304304abcb58c7f64c3c66a40846c1f23df275ddd9011fbf18c2cd",null,"intent-classifier-service","vda-59e1f59e-dce9-4f87-a38c-0751918c743d","ai_intent_classified","intent","LAB_RESULT_QUERY","{\"intent\":\"LAB_RESULT_QUERY\",\"confidence\":0.95,\"classifiedBy\":\"RULE_ENGINE\",\"language\":\"hi\"}","v1"]
query: COMMIT
[Nest] 13040  - 27/08/2026, 11:06:30 am     LOG [AuditService] Audit Logged: action=ai_intent_classified correlationId=vda-59e1f59e-dce9-4f87-a38c-0751918c743d keyId=v1
query: SELECT "Session"."id" AS "Session_id", "Session"."tenantId" AS "Session_tenantId", "Session"."externalId" AS "Session_externalId", "Session"."subjectAbhaRef" AS "Session_subjectAbhaRef", "Session"."speaker" AS "Session_speaker", "Session"."assistContextId" AS "Session_assistContextId", "Session"."consentArtifactId" AS "Session_consentArtifactId", "Session"."localeHint" AS "Session_localeHint", "Session"."deviceClass" AS "Session_deviceClass", "Session"."medicationState" AS "Session_medicationState", "Session"."status" AS "Session_status", "Session"."idleExpiresAt" AS "Session_idleExpiresAt", "Session"."absoluteExpiresAt" AS "Session_absoluteExpiresAt", "Session"."createdAt" AS "Session_createdAt", "Session"."closedAt" AS "Session_closedAt" FROM "sessions" "Session" WHERE (("Session"."id" = $1) AND ("Session"."tenantId" = $2)) LIMIT 1 -- PARAMETERS: ["4aaa7e2b-442e-40f5-b11f-752d818ee644","00000000-0000-0000-0000-000000000000"]
query: SELECT "Medication"."id" AS "Medication_id", "Medication"."tenantId" AS "Medication_tenantId", "Medication"."patientRef" AS "Medication_patientRef", "Medication"."sourcePrescriptionId" AS "Medication_sourcePrescriptionId", "Medication"."name" AS "Medication_name", "Medication"."normalizedName" AS "Medication_normalizedName", "Medication"."strength" AS "Medication_strength", "Medication"."dosage" AS "Medication_dosage", "Medication"."dosageForm" AS "Medication_dosageForm", "Medication"."frequency" AS "Medication_frequency", "Medication"."route" AS "Medication_route", "Medication"."timing" AS "Medication_timing", "Medication"."duration" AS "Medication_duration", "Medication"."startDate" AS "Medication_startDate", "Medication"."endDate" AS "Medication_endDate", "Medication"."instructions" AS "Medication_instructions", "Medication"."status" AS "Medication_status", "Medication"."verificationStatus" AS "Medication_verificationStatus", "Medication"."sourceType" AS "Medication_sourceType", "Medication"."sourceReference" AS "Medication_sourceReference", "Medication"."createdAt" AS "Medication_createdAt", "Medication"."updatedAt" AS "Medication_updatedAt" FROM "medications" "Medication" WHERE (("Medication"."tenantId" = $1) AND ("Medication"."patientRef" = $2) AND ("Medication"."verificationStatus" = $3) AND ("Medication"."status" = $4)) ORDER BY "Medication"."createdAt" DESC -- PARAMETERS: ["00000000-0000-0000-0000-000000000000","synthetic:dev-787e7d0f-ef4a-487e-9cd5-3842dec82428","CONFIRMED","ACTIVE"]
query: START TRANSACTION
query: INSERT INTO "audit_events"("id", "tenantId", "subjectAbhaRefHash", "speaker", "actingPrincipal", "correlationId", "action", "entityName", "entityId", "details", "hmacKeyId", "timestamp") VALUES (DEFAULT, $1, $2, $3, $4, $5, $6, $7, $8, $9, $10, DEFAULT) RETURNING "id", "timestamp" -- PARAMETERS: ["00000000-0000-0000-0000-000000000000","a8bf746fc3092d3300c7ffc9670c56d735bb82698d9144e8db41d897e5d637bb",null,"system","rag-query-action","knowledge_retrieval_started","knowledge_index","rag-query","{\"intent\":\"LAB_RESULT_QUERY\",\"domain\":\"laboratory\",\"language\":\"hi\"}","v1"]
query: COMMIT
[Nest] 13040  - 27/08/2026, 11:06:30 am     LOG [AuditService] Audit Logged: action=knowledge_retrieval_started correlationId=rag-query-action keyId=v1
query: 
        SELECT 
          c.id AS "chunkId",
          c."documentId",
          c."documentVersion",
          d.title AS "title",
          c.content AS "content",
          c.source AS "source",
          c.language AS "language",
          c.domain AS "domain",
          c.category AS "category",
          c.metadata AS "metadata",
          CASE WHEN c.language = $4 THEN 0 ELSE 1 END AS "languagePreference",
          (e.embedding <=> $1::vector) AS "cosineDistance"
        FROM knowledge_embeddings e
        JOIN knowledge_chunks c ON e."chunkId" = c.id
        JOIN knowledge_documents d ON c."documentId" = d.id
        WHERE d.status IN ('ACTIVE', 'PUBLISHED')
          AND c."tenantId" = $2
          AND c.domain = $3
        ORDER BY "languagePreference" ASC, "cosineDistance" ASC
        LIMIT $5;
       -- PARAMETERS: ["[-0.06194351240992546,-0.00637841084972024,-0.08203360438346863,0.060124121606349945,-0.05550622195005417,-0.00926694180816412,0.0911981537938118,0.054465245455503464,-0.04476706683635712,0.009421777911484241,-0.05482544004917145,-0.04813855513930321,-0.08684300631284714,-0.08034900575876236,-0.09394919872283936,0.017189374193549156,0.07054822146892548,-0.08631783723831177,0.05620797351002693,0.002975582843646407,0.023402787744998932,0.023501107469201088,0.09529085457324982,0.06272917240858078,0.03518812358379364,-0.009004313498735428,-0.011681252159178257,0.09076881408691406,-0.03534003719687462,0.009797819890081882,0.05327560380101204,-0.01256074383854866,0.08366827666759491,0.032295312732458115,0.01707274466753006,-0.009522623382508755,0.015878990292549133,-0.10484333336353302,-0.05263974890112877,-0.02028054930269718,0.08361181616783142,0.03566240146756172,-0.015593486838042736,0.05460416525602341,-0.05802154168486595,-0.02897052653133869,-0.004893799778074026,-0.0001621284754946828,-0.031831152737140656,0.07953257858753204,0.007621923927217722,0.009336466901004314,-0.03917814791202545,-0.00020533951465040445,0.08337251096963882,0.029400236904621124,-0.09400098770856857,0.05025321617722511,0.1085558757185936,-0.012607665732502937,-0.0552634596824646,0.05161605402827263,0.07418106496334076,0.0038672061637043953,0.06478458642959595,-0.04453352093696594,0.0026903562247753143,-0.05662871152162552,0.017224736511707306,0.010451758280396461,-0.10626963526010513,-0.07155429571866989,0.02603139728307724,-0.02064746618270874,-0.028916018083691597,-0.04742034524679184,-0.0971042662858963,-0.04653635621070862,0.026585109531879425,-0.018986230716109276,-0.040890924632549286,-0.02228548936545849,0.024465227499604225,0.04950442537665367,-0.02501855045557022,-0.023836757987737656,0.09999824315309525,0.02107245847582817,0.03615039214491844,-0.0556349903345108,0.011403191834688187,-0.018141964450478554,0.06013677269220352,-0.015704410150647163,-0.030597535893321037,-0.0592375285923481,0.007606680504977703,0.0377640500664711,0.019371772184967995,-0.015286835841834545,0.018458040431141853,0.04486466199159622,0.0788191705942154,0.03959592059254646,-0.030282840132713318,0.044521816074848175,0.06008068099617958,0.07489338517189026,0.08998408913612366,0.018195152282714844,-0.09900777041912079,0.02251206710934639,-0.015290256589651108,0.021585043519735336,-0.11101362109184265,-0.0075507876463234425,0.05295208469033241,-0.019383151084184647,0.029932906851172447,0.015680178999900818,0.011719279922544956,-0.11564590036869049,0.10739395767450333,-0.09546395391225815,0.06414811313152313,-0.012308674864470959,-0.05724044144153595,2.911855856919015e-34,0.06367432326078415,-0.06797903031110764,0.017868665978312492,0.025012558326125145,-0.07853351533412933,0.06831226497888565,-0.05563882365822792,0.009191346354782581,0.0798381119966507,0.014021966606378555,-0.004880403634160757,0.011101063340902328,0.00749590341001749,0.025361601263284683,-0.10707307606935501,0.0027797305956482887,-0.08975895494222641,-0.06950230151414871,0.02067798748612404,0.060999881476163864,-0.09097958356142044,0.0009613216971047223,0.02595794014632702,-0.022874783724546432,-0.019616488367319107,0.045889005064964294,-0.03241747245192528,0.039468489587306976,0.0939040556550026,0.04362504184246063,0.017151685431599617,-0.0003938810550607741,0.0018841048004105687,-0.11262854188680649,-0.013333155773580074,0.014167076908051968,0.048495419323444366,0.05362439155578613,0.038308922201395035,0.004800720605999231,0.009465942159295082,0.007072479464113712,0.05673971399664879,-0.09931046515703201,0.04602998495101929,0.04302641749382019,-0.0301448293030262,0.03904403746128082,-0.0554409921169281,0.05115008354187012,-0.07478943467140198,-0.12646421790122986,0.058029722422361374,0.06238188594579697,0.03940514847636223,-0.037096746265888214,-0.018980175256729126,0.08393799513578415,0.02319006249308586,0.014960037544369698,0.019224204123020172,0.05661051720380783,-0.004074770957231522,0.011723454110324383,0.030011923983693123,-0.01716732606291771,-0.04003124684095383,0.05372929200530052,-0.060682620853185654,-0.09890322387218475,0.045517437160015106,-0.036919187754392624,0.0020771529525518417,0.027235595509409904,-0.06749936938285828,-0.0011762817157432437,0.08792303502559662,-0.021389909088611603,0.028493141755461693,-0.07767391204833984,-0.01362532377243042,-0.09815961122512817,0.07190657407045364,-0.10062617063522339,-0.0786280483007431,0.03138991445302963,-0.05052710697054863,-0.10150909423828125,-0.13444584608078003,0.007999020628631115,-0.02533569745719433,0.01899605616927147,0.03334011510014534,-0.0541851632297039,-0.029846899211406708,-1.285614386100831e-33,-0.022933457046747208,-0.004710479639470577,0.010044238530099392,0.009162796661257744,0.030613820999860764,0.02708042412996292,0.1007278710603714,-0.04270746931433678,0.007540123537182808,0.027354536578059196,0.12247207015752792,0.016273437067866325,-0.033440008759498596,-0.03646615520119667,0.08690577745437622,-0.036167386919260025,-0.06153988093137741,0.01250604260712862,-0.05263404920697212,0.054819364100694656,0.021782943978905678,-0.022407276555895805,-0.007941128686070442,-0.025993816554546356,0.0057970560155808926,0.07477317750453949,-0.002723225625231862,0.08404944092035294,0.002232109662145376,-0.02255774475634098,-0.024605559185147285,-0.006454449146986008,-0.054043300449848175,0.01564580574631691,-0.059139735996723175,-0.10136011242866516,-0.025977136567234993,-0.023905981332063675,-0.03125068172812462,-0.04673020914196968,-0.0372445248067379,-0.03453250974416733,0.0065939538180828094,-0.044585153460502625,0.0308472141623497,0.061617910861968994,-0.003194628981873393,0.0027669761329889297,-0.005904821213334799,0.00886988639831543,-0.052679888904094696,0.07077032327651978,-0.03878172114491463,0.021686090156435966,-0.022124366834759712,0.07458644360303879,0.03432270139455795,0.002866145223379135,-0.03762643039226532,-0.009768725372850895,0.015239058062434196,0.04400346800684929,0.06587082147598267,0.06341198831796646,0.005989959463477135,0.06169547140598297,0.13484804332256317,0.046684782952070236,0.056080590933561325,0.03411130607128143,0.08598876744508743,-0.023121176287531853,0.01507115364074707,-0.0303233340382576,-0.009859109297394753,-0.006596419494599104,-0.06719644367694855,0.032226692885160446,-0.012149354442954063,-0.07544732093811035,-0.061625514179468155,0.027090473100543022,-0.05672966688871384,-0.06524039804935455,0.04941043630242348,-0.08127570897340775,-0.016256825998425484,-0.040815625339746475,0.014826102182269096,0.07645055651664734,-0.018477708101272583,0.03257273882627487,-0.021541498601436615,0.035326287150382996,-0.02204854227602482,-1.456895226681354e-8,0.014218241907656193,-0.07601553946733475,0.034831732511520386,0.052349504083395004,0.041041526943445206,0.02284979075193405,-0.1310947984457016,0.02448091097176075,0.014034898951649666,0.013994337990880013,0.04776563122868538,0.07752033323049545,-0.014328788965940475,0.0034182427916675806,-0.014532403089106083,0.0045755719766020775,-0.03306413069367409,-0.0066925035789608955,-0.014626914635300636,0.017542613670229912,-0.07817534357309341,-0.02192107029259205,0.010559319518506527,0.016823258250951767,0.012213882058858871,-0.05979689955711365,-0.05066818371415138,0.026349544525146484,0.016706246882677078,-0.0437377505004406,0.024004364386200905,0.09852134436368942,0.07896961271762848,-0.030725236982107162,-0.006783210206776857,0.012403576634824276,0.05364733561873436,0.0014610820217058063,-0.0362374484539032,-0.0030657481402158737,0.018298359587788582,-0.0005296121817082167,-0.026523975655436516,0.006098576355725527,0.03530704602599144,0.03880269452929497,0.04170301556587219,0.07823137938976288,-0.016712123528122902,-0.0304538793861866,-0.046794548630714417,0.09060584008693695,-0.10101278126239777,-0.05871836841106415,-0.01588059961795807,0.03639298677444458,-0.04704457148909569,0.03213420510292053,0.03933420777320862,-0.04484561085700989,0.044272784143686295,-0.04302079603075981,-0.09580610692501068,0.003261798294261098]","00000000-0000-0000-0000-000000000000","laboratory","hi",10]
query: START TRANSACTION
query: INSERT INTO "audit_events"("id", "tenantId", "subjectAbhaRefHash", "speaker", "actingPrincipal", "correlationId", "action", "entityName", "entityId", "details", "hmacKeyId", "timestamp") VALUES (DEFAULT, $1, $2, $3, $4, $5, $6, $7, $8, $9, $10, DEFAULT) RETURNING "id", "timestamp" -- PARAMETERS: ["00000000-0000-0000-0000-000000000000","5a221c7d1978e65088528da2883a866a8b0e58e7801f3030304f6814934bc0ad",null,"dev-host-user-123","vda-59e1f59e-dce9-4f87-a38c-0751918c743d","ai_context_requested","clinical_context","4aaa7e2b-442e-40f5-b11f-752d818ee644","{\"categories\":[\"LAB_REPORT\",\"INVESTIGATION\"]}","v1"]
query: COMMIT
[Nest] 13040  - 27/08/2026, 11:06:31 am     LOG [AuditService] Audit Logged: action=ai_context_requested correlationId=vda-59e1f59e-dce9-4f87-a38c-0751918c743d keyId=v1
query: START TRANSACTION
query: INSERT INTO "audit_events"("id", "tenantId", "subjectAbhaRefHash", "speaker", "actingPrincipal", "correlationId", "action", "entityName", "entityId", "details", "hmacKeyId", "timestamp") VALUES (DEFAULT, $1, $2, $3, $4, $5, $6, $7, $8, $9, $10, DEFAULT) RETURNING "id", "timestamp" -- PARAMETERS: ["00000000-0000-0000-0000-000000000000","5a221c7d1978e65088528da2883a866a8b0e58e7801f3030304f6814934bc0ad",null,"clinical-context-service","vda-59e1f59e-dce9-4f87-a38c-0751918c743d","health_record_access_requested","ClinicalContext","4aaa7e2b-442e-40f5-b11f-752d818ee644","{\"intent\":\"LAB_RESULT_QUERY\"}","v1"]
query: COMMIT
[Nest] 13040  - 27/08/2026, 11:06:31 am     LOG [AuditService] Audit Logged: action=health_record_access_requested correlationId=vda-59e1f59e-dce9-4f87-a38c-0751918c743d keyId=v1
query: SELECT "ConsentArtifact"."id" AS "ConsentArtifact_id", "ConsentArtifact"."tenantId" AS "ConsentArtifact_tenantId", "ConsentArtifact"."subjectId" AS "ConsentArtifact_subjectId", "ConsentArtifact"."consentVersion" AS "ConsentArtifact_consentVersion", "ConsentArtifact"."scopes" AS "ConsentArtifact_scopes", "ConsentArtifact"."language" AS "ConsentArtifact_language", "ConsentArtifact"."deliveryMode" AS "ConsentArtifact_deliveryMode", "ConsentArtifact"."retentionInfo" AS "ConsentArtifact_retentionInfo", "ConsentArtifact"."status" AS "ConsentArtifact_status", "ConsentArtifact"."createdAt" AS "ConsentArtifact_createdAt", "ConsentArtifact"."withdrawnAt" AS "ConsentArtifact_withdrawnAt" FROM "consent_artifacts" "ConsentArtifact" WHERE (("ConsentArtifact"."id" = $1)) LIMIT 1 -- PARAMETERS: ["c4f439f7-0ec7-4e63-801e-1c4ba2e146a6"]
query: START TRANSACTION
query: INSERT INTO "audit_events"("id", "tenantId", "subjectAbhaRefHash", "speaker", "actingPrincipal", "correlationId", "action", "entityName", "entityId", "details", "hmacKeyId", "timestamp") VALUES (DEFAULT, $1, $2, $3, $4, $5, $6, $7, $8, $9, $10, DEFAULT) RETURNING "id", "timestamp" -- PARAMETERS: ["00000000-0000-0000-0000-000000000000","5a221c7d1978e65088528da2883a866a8b0e58e7801f3030304f6814934bc0ad",null,"clinical-context-service","vda-59e1f59e-dce9-4f87-a38c-0751918c743d","health_record_access_granted","ConsentArtifact","c4f439f7-0ec7-4e63-801e-1c4ba2e146a6","{\"consentVersion\":\"synthetic-development-v1\"}","v1"]
query: COMMIT
[Nest] 13040  - 27/08/2026, 11:06:31 am     LOG [AuditService] Audit Logged: action=health_record_access_granted correlationId=vda-59e1f59e-dce9-4f87-a38c-0751918c743d keyId=v1
[Nest] 13040  - 27/08/2026, 11:06:31 am     LOG [DevelopmentHealthRecordService] [DEV] fetchRecords categories=LAB_REPORT,INVESTIGATION sessionId=4aaa7e2b-442e-40f5-b11f-752d818ee644
query: SELECT "Session"."id" AS "Session_id", "Session"."tenantId" AS "Session_tenantId", "Session"."externalId" AS "Session_externalId", "Session"."subjectAbhaRef" AS "Session_subjectAbhaRef", "Session"."speaker" AS "Session_speaker", "Session"."assistContextId" AS "Session_assistContextId", "Session"."consentArtifactId" AS "Session_consentArtifactId", "Session"."localeHint" AS "Session_localeHint", "Session"."deviceClass" AS "Session_deviceClass", "Session"."medicationState" AS "Session_medicationState", "Session"."status" AS "Session_status", "Session"."idleExpiresAt" AS "Session_idleExpiresAt", "Session"."absoluteExpiresAt" AS "Session_absoluteExpiresAt", "Session"."createdAt" AS "Session_createdAt", "Session"."closedAt" AS "Session_closedAt" FROM "sessions" "Session" WHERE (("Session"."id" = $1) AND ("Session"."tenantId" = $2) AND ("Session"."externalId" = $3)) LIMIT 1 -- PARAMETERS: ["4aaa7e2b-442e-40f5-b11f-752d818ee644","00000000-0000-0000-0000-000000000000","dev-host-user-123"]
query: SELECT "SyntheticPatient"."id" AS "SyntheticPatient_id", "SyntheticPatient"."tenantId" AS "SyntheticPatient_tenantId", "SyntheticPatient"."syntheticPatientId" AS "SyntheticPatient_syntheticPatientId", "SyntheticPatient"."name" AS "SyntheticPatient_name", "SyntheticPatient"."age" AS "SyntheticPatient_age", "SyntheticPatient"."dateOfBirth" AS "SyntheticPatient_dateOfBirth", "SyntheticPatient"."gender" AS "SyntheticPatient_gender", "SyntheticPatient"."state" AS "SyntheticPatient_state", "SyntheticPatient"."district" AS "SyntheticPatient_district", "SyntheticPatient"."city" AS "SyntheticPatient_city", "SyntheticPatient"."locality" AS "SyntheticPatient_locality", "SyntheticPatient"."language" AS "SyntheticPatient_language", "SyntheticPatient"."timezone" AS "SyntheticPatient_timezone", "SyntheticPatient"."phoneNumber" AS "SyntheticPatient_phoneNumber", "SyntheticPatient"."clinicalProfile" AS "SyntheticPatient_clinicalProfile", "SyntheticPatient"."createdAt" AS "SyntheticPatient_createdAt", "SyntheticPatient"."updatedAt" AS "SyntheticPatient_updatedAt" FROM "synthetic_patients" "SyntheticPatient" WHERE (("SyntheticPatient"."tenantId" = $1) AND ("SyntheticPatient"."syntheticPatientId" = $2)) LIMIT 1 -- PARAMETERS: ["00000000-0000-0000-0000-000000000000","dev-787e7d0f-ef4a-487e-9cd5-3842dec82428"]
query: START TRANSACTION
query: INSERT INTO "audit_events"("id", "tenantId", "subjectAbhaRefHash", "speaker", "actingPrincipal", "correlationId", "action", "entityName", "entityId", "details", "hmacKeyId", "timestamp") VALUES (DEFAULT, $1, $2, $3, $4, $5, $6, $7, $8, $9, $10, DEFAULT) RETURNING "id", "timestamp" -- PARAMETERS: ["00000000-0000-0000-0000-000000000000","5a221c7d1978e65088528da2883a866a8b0e58e7801f3030304f6814934bc0ad",null,"clinical-context-service","vda-59e1f59e-dce9-4f87-a38c-0751918c743d","health_record_retrieved","IHealthRecordService","4aaa7e2b-442e-40f5-b11f-752d818ee644","{\"categoriesRequested\":[\"LAB_REPORT\",\"INVESTIGATION\"],\"categoriesFulfilled\":[\"LAB_REPORT\",\"INVESTIGATION\"],\"unavailableCategories\":[],\"partialResult\":false,\"providerErrorCount\":0}","v1"]
query: COMMIT
[Nest] 13040  - 27/08/2026, 11:06:31 am     LOG [AuditService] Audit Logged: action=health_record_retrieved correlationId=vda-59e1f59e-dce9-4f87-a38c-0751918c743d keyId=v1
query: START TRANSACTION
query: INSERT INTO "audit_events"("id", "tenantId", "subjectAbhaRefHash", "speaker", "actingPrincipal", "correlationId", "action", "entityName", "entityId", "details", "hmacKeyId", "timestamp") VALUES (DEFAULT, $1, $2, $3, $4, $5, $6, $7, $8, $9, $10, DEFAULT) RETURNING "id", "timestamp" -- PARAMETERS: ["00000000-0000-0000-0000-000000000000","5a221c7d1978e65088528da2883a866a8b0e58e7801f3030304f6814934bc0ad",null,"clinical-context-service","vda-59e1f59e-dce9-4f87-a38c-0751918c743d","clinical_context_created","ClinicalContext","4aaa7e2b-442e-40f5-b11f-752d818ee644","{\"intent\":\"LAB_RESULT_QUERY\",\"medicationCount\":0,\"prescriptionCount\":0,\"diagnosisCount\":0,\"labResultCount\":2,\"allergyCount\":0,\"unavailableCategoryCount\":0,\"partialResult\":false}","v1"]
query: COMMIT
[Nest] 13040  - 27/08/2026, 11:06:31 am     LOG [AuditService] Audit Logged: action=clinical_context_created correlationId=vda-59e1f59e-dce9-4f87-a38c-0751918c743d keyId=v1
query: SELECT "ConversationTurn"."id" AS "ConversationTurn_id", "ConversationTurn"."sessionId" AS "ConversationTurn_sessionId", "ConversationTurn"."turnNumber" AS "ConversationTurn_turnNumber", "ConversationTurn"."correlationId" AS "ConversationTurn_correlationId", "ConversationTurn"."speaker" AS "ConversationTurn_speaker", "ConversationTurn"."subjectRef" AS "ConversationTurn_subjectRef", "ConversationTurn"."inputText" AS "ConversationTurn_inputText", "ConversationTurn"."outputText" AS "ConversationTurn_outputText", "ConversationTurn"."responseType" AS "ConversationTurn_responseType", "ConversationTurn"."intent" AS "ConversationTurn_intent", "ConversationTurn"."selectedAgent" AS "ConversationTurn_selectedAgent", "ConversationTurn"."latency" AS "ConversationTurn_latency", "ConversationTurn"."safetyStatus" AS "ConversationTurn_safetyStatus", "ConversationTurn"."status" AS "ConversationTurn_status", "ConversationTurn"."idempotencyKey" AS "ConversationTurn_idempotencyKey", "ConversationTurn"."conversationRetentionGranted" AS "ConversationTurn_conversationRetentionGranted", "ConversationTurn"."processingStartedAt" AS "ConversationTurn_processingStartedAt", "ConversationTurn"."createdAt" AS "ConversationTurn_createdAt" FROM "conversation_turns" "ConversationTurn" WHERE (("ConversationTurn"."sessionId" = $1)) ORDER BY "ConversationTurn"."turnNumber" DESC LIMIT 4 -- PARAMETERS: ["4aaa7e2b-442e-40f5-b11f-752d818ee644"]
[Nest] 13040  - 27/08/2026, 11:06:31 am     LOG [AiOrchestratorService] [RagPromptTelemetry] intent=LAB_RESULT_QUERY agent=lab-report-agent domain=laboratory chunks=0 knowledge_chars=0 clinical_context_chars=595 history_chars=0 patient_query_chars=20 total_prompt_chars=633
query: SELECT "AuditEvent"."id" AS "AuditEvent_id", "AuditEvent"."tenantId" AS "AuditEvent_tenantId", "AuditEvent"."subjectAbhaRefHash" AS "AuditEvent_subjectAbhaRefHash", "AuditEvent"."speaker" AS "AuditEvent_speaker", "AuditEvent"."actingPrincipal" AS "AuditEvent_actingPrincipal", "AuditEvent"."correlationId" AS "AuditEvent_correlationId", "AuditEvent"."action" AS "AuditEvent_action", "AuditEvent"."entityName" AS "AuditEvent_entityName", "AuditEvent"."entityId" AS "AuditEvent_entityId", "AuditEvent"."details" AS "AuditEvent_details", "AuditEvent"."hmacKeyId" AS "AuditEvent_hmacKeyId", "AuditEvent"."timestamp" AS "AuditEvent_timestamp" FROM "audit_events" "AuditEvent" ORDER BY "AuditEvent"."timestamp" DESC LIMIT 50
[Nest] 13040  - 27/08/2026, 11:06:31 am     LOG [DevelopmentAuditExporter] [DEV_AUDIT_EXPORTER] Processing batch export count=50
[Nest] 13040  - 27/08/2026, 11:06:32 am    WARN [GeminiProvider] [GeminiTelemetry] provider=gemini keySlot=1 status=failed attempt=1/2 duration_ms=437 prompt_chars=633 system_chars=2032 error=Gemini API returned status 429
[Nest] 13040  - 27/08/2026, 11:06:32 am    WARN [GeminiProvider] [GeminiTelemetry] provider=gemini keySlot=1 status=failed attempt=2/2 duration_ms=1021 prompt_chars=633 system_chars=2032 error=Gemini API returned status 429
[Nest] 13040  - 27/08/2026, 11:06:32 am    WARN [GeminiProvider] [GeminiTelemetry] provider=gemini keySlot=1 status=429 failover=true attempt=1
[Nest] 13040  - 27/08/2026, 11:06:33 am    WARN [GeminiProvider] [GeminiTelemetry] provider=gemini keySlot=2 status=failed attempt=1/2 duration_ms=427 prompt_chars=633 system_chars=2032 error=Gemini API returned status 429
query: SELECT "AuditEvent"."id" AS "AuditEvent_id", "AuditEvent"."tenantId" AS "AuditEvent_tenantId", "AuditEvent"."subjectAbhaRefHash" AS "AuditEvent_subjectAbhaRefHash", "AuditEvent"."speaker" AS "AuditEvent_speaker", "AuditEvent"."actingPrincipal" AS "AuditEvent_actingPrincipal", "AuditEvent"."correlationId" AS "AuditEvent_correlationId", "AuditEvent"."action" AS "AuditEvent_action", "AuditEvent"."entityName" AS "AuditEvent_entityName", "AuditEvent"."entityId" AS "AuditEvent_entityId", "AuditEvent"."details" AS "AuditEvent_details", "AuditEvent"."hmacKeyId" AS "AuditEvent_hmacKeyId", "AuditEvent"."timestamp" AS "AuditEvent_timestamp" FROM "audit_events" "AuditEvent" ORDER BY "AuditEvent"."timestamp" DESC LIMIT 50
[Nest] 13040  - 27/08/2026, 11:06:37 am     LOG [DevelopmentAuditExporter] [DEV_AUDIT_EXPORTER] Processing batch export count=50
query: SELECT "AuditEvent"."id" AS "AuditEvent_id", "AuditEvent"."tenantId" AS "AuditEvent_tenantId", "AuditEvent"."subjectAbhaRefHash" AS "AuditEvent_subjectAbhaRefHash", "AuditEvent"."speaker" AS "AuditEvent_speaker", "AuditEvent"."actingPrincipal" AS "AuditEvent_actingPrincipal", "AuditEvent"."correlationId" AS "AuditEvent_correlationId", "AuditEvent"."action" AS "AuditEvent_action", "AuditEvent"."entityName" AS "AuditEvent_entityName", "AuditEvent"."entityId" AS "AuditEvent_entityId", "AuditEvent"."details" AS "AuditEvent_details", "AuditEvent"."hmacKeyId" AS "AuditEvent_hmacKeyId", "AuditEvent"."timestamp" AS "AuditEvent_timestamp" FROM "audit_events" "AuditEvent" ORDER BY "AuditEvent"."timestamp" DESC LIMIT 50
[Nest] 13040  - 27/08/2026, 11:06:42 am     LOG [DevelopmentAuditExporter] [DEV_AUDIT_EXPORTER] Processing batch export count=50
[Nest] 13040  - 27/08/2026, 11:06:45 am     LOG [GeminiProvider] [GeminiTelemetry] provider=gemini keySlot=2 status=success failover=true attempts=2 duration_ms=13025 prompt_chars=633 system_chars=2032
query: START TRANSACTION
query: INSERT INTO "audit_events"("id", "tenantId", "subjectAbhaRefHash", "speaker", "actingPrincipal", "correlationId", "action", "entityName", "entityId", "details", "hmacKeyId", "timestamp") VALUES (DEFAULT, $1, $2, $3, $4, $5, $6, $7, $8, $9, $10, DEFAULT) RETURNING "id", "timestamp" -- PARAMETERS: ["00000000-0000-0000-0000-000000000000","5a221c7d1978e65088528da2883a866a8b0e58e7801f3030304f6814934bc0ad",null,"dev-host-user-123","vda-59e1f59e-dce9-4f87-a38c-0751918c743d","ai_response_generated","turn","4aaa7e2b-442e-40f5-b11f-752d818ee644","{\"intent\":\"LAB_RESULT_QUERY\",\"selectedAgent\":\"lab-report-agent\",\"safetyStatus\":\"SAFE\",\"language\":\"hi\"}","v1"]
query: COMMIT
[Nest] 13040  - 27/08/2026, 11:06:45 am     LOG [AuditService] Audit Logged: action=ai_response_generated correlationId=vda-59e1f59e-dce9-4f87-a38c-0751918c743d keyId=v1
query: START TRANSACTION
query: INSERT INTO "rag_evaluation_traces"("id", "tenantId", "query", "normalizedQuery", "intent", "agent", "language", "domain", "state", "providerType", "retrievedChunkCount", "retrievalLatencyMs", "sources", "chunks", "response", "contextPrecision", "contextRecall", "faithfulness", "answerRelevancy", "createdAt") VALUES (DEFAULT, $1, $2, $3, $4, $5, $6, $7, $8, $9, $10, $11, $12, $13, $14, DEFAULT, DEFAULT, DEFAULT, DEFAULT, DEFAULT) RETURNING "id", "retrievedChunkCount", "retrievalLatencyMs", "sources", "chunks", "createdAt" -- PARAMETERS: ["00000000-0000-0000-0000-000000000000","मेरा HbA1c कितना है?","HbA1c meaning average blood sugar","LAB_RESULT_QUERY","lab-report-agent","hi","laboratory",null,"postgres_pgvector",0,929,"[]","[]","आपका HbA1c 7.2% है। यह जांच 27 अगस्त 2026 को की गई थी।"]
query: COMMIT
query: START TRANSACTION
query: SELECT "ConversationTurn"."id" AS "ConversationTurn_id", "ConversationTurn"."sessionId" AS "ConversationTurn_sessionId", "ConversationTurn"."turnNumber" AS "ConversationTurn_turnNumber", "ConversationTurn"."correlationId" AS "ConversationTurn_correlationId", "ConversationTurn"."speaker" AS "ConversationTurn_speaker", "ConversationTurn"."subjectRef" AS "ConversationTurn_subjectRef", "ConversationTurn"."inputText" AS "ConversationTurn_inputText", "ConversationTurn"."outputText" AS "ConversationTurn_outputText", "ConversationTurn"."responseType" AS "ConversationTurn_responseType", "ConversationTurn"."intent" AS "ConversationTurn_intent", "ConversationTurn"."selectedAgent" AS "ConversationTurn_selectedAgent", "ConversationTurn"."latency" AS "ConversationTurn_latency", "ConversationTurn"."safetyStatus" AS "ConversationTurn_safetyStatus", "ConversationTurn"."status" AS "ConversationTurn_status", "ConversationTurn"."idempotencyKey" AS "ConversationTurn_idempotencyKey", "ConversationTurn"."conversationRetentionGranted" AS "ConversationTurn_conversationRetentionGranted", "ConversationTurn"."processingStartedAt" AS "ConversationTurn_processingStartedAt", "ConversationTurn"."createdAt" AS "ConversationTurn_createdAt" FROM "conversation_turns" "ConversationTurn" WHERE (("ConversationTurn"."id" = $1)) LIMIT 1 -- PARAMETERS: ["3fdda65e-14ef-45f9-b56e-0e3e8f331355"]
query: SELECT "ConversationTurn"."id" AS "ConversationTurn_id", "ConversationTurn"."sessionId" AS "ConversationTurn_sessionId", "ConversationTurn"."turnNumber" AS "ConversationTurn_turnNumber", "ConversationTurn"."correlationId" AS "ConversationTurn_correlationId", "ConversationTurn"."speaker" AS "ConversationTurn_speaker", "ConversationTurn"."subjectRef" AS "ConversationTurn_subjectRef", "ConversationTurn"."inputText" AS "ConversationTurn_inputText", "ConversationTurn"."outputText" AS "ConversationTurn_outputText", "ConversationTurn"."responseType" AS "ConversationTurn_responseType", "ConversationTurn"."intent" AS "ConversationTurn_intent", "ConversationTurn"."selectedAgent" AS "ConversationTurn_selectedAgent", "ConversationTurn"."latency" AS "ConversationTurn_latency", "ConversationTurn"."safetyStatus" AS "ConversationTurn_safetyStatus", "ConversationTurn"."status" AS "ConversationTurn_status", "ConversationTurn"."idempotencyKey" AS "ConversationTurn_idempotencyKey", "ConversationTurn"."conversationRetentionGranted" AS "ConversationTurn_conversationRetentionGranted", "ConversationTurn"."processingStartedAt" AS "ConversationTurn_processingStartedAt", "ConversationTurn"."createdAt" AS "ConversationTurn_createdAt" FROM "conversation_turns" "ConversationTurn" WHERE "ConversationTurn"."id" = $1 -- PARAMETERS: ["3fdda65e-14ef-45f9-b56e-0e3e8f331355"]
query: UPDATE "conversation_turns" SET "outputText" = $1, "intent" = $2, "selectedAgent" = $3, "latency" = $4, "status" = $5 WHERE "id" = $6 -- PARAMETERS: ["{\"summary\":\"आपका HbA1c 7.2% है। यह जांच 27 अगस्त 2026 को की गई थी।\",\"sections\":[{\"title\":\"जांच विवरण (Lab Details) \"}],\"cards\":[],\"hi\":\"आपका HbA1c 7.2% है। यह जांच 27 अगस्त 2026 को की गई थी।\",\"en\":\"आपका HbA1c 7.2% है। यह जांच 27 अगस्त 2026 को की गई थी।\",\"lab_results\":[{\"test_name\":\"HbA1c\",\"value\":\"7.2\",\"unit\":\"%\",\"reference_range\":\"4.0-5.6\",\"observation_date\":\"2026-08-27T05:36:31.552Z\",\"interpretation\":null}]}","LAB_RESULT_QUERY","lab-report-agent",15533,"COMPLETED","3fdda65e-14ef-45f9-b56e-0e3e8f331355"]
query: START TRANSACTION
query: INSERT INTO "audit_events"("id", "tenantId", "subjectAbhaRefHash", "speaker", "actingPrincipal", "correlationId", "action", "entityName", "entityId", "details", "hmacKeyId", "timestamp") VALUES (DEFAULT, $1, $2, $3, $4, $5, $6, $7, $8, $9, $10, DEFAULT) RETURNING "id", "timestamp" -- PARAMETERS: ["00000000-0000-0000-0000-000000000000","dc7ed8a42daa3de2d35480f5b489da4d70030065a329635f0f5ac493adcadabe","self","dev-host-user-123","vda-59e1f59e-dce9-4f87-a38c-0751918c743d","turn_processed","conversation_turn","3fdda65e-14ef-45f9-b56e-0e3e8f331355","{\"turn_number\":1,\"latency\":15533}","v1"]
query: COMMIT
[Nest] 13040  - 27/08/2026, 11:06:45 am     LOG [AuditService] Audit Logged: action=turn_processed correlationId=vda-59e1f59e-dce9-4f87-a38c-0751918c743d keyId=v1
query: COMMIT
query: START TRANSACTION
query: SELECT "Session"."id" AS "Session_id", "Session"."tenantId" AS "Session_tenantId", "Session"."externalId" AS "Session_externalId", "Session"."subjectAbhaRef" AS "Session_subjectAbhaRef", "Session"."speaker" AS "Session_speaker", "Session"."assistContextId" AS "Session_assistContextId", "Session"."consentArtifactId" AS "Session_consentArtifactId", "Session"."localeHint" AS "Session_localeHint", "Session"."deviceClass" AS "Session_deviceClass", "Session"."medicationState" AS "Session_medicationState", "Session"."status" AS "Session_status", "Session"."idleExpiresAt" AS "Session_idleExpiresAt", "Session"."absoluteExpiresAt" AS "Session_absoluteExpiresAt", "Session"."createdAt" AS "Session_createdAt", "Session"."closedAt" AS "Session_closedAt" FROM "sessions" "Session" WHERE (("Session"."id" = $1)) LIMIT 1 FOR UPDATE -- PARAMETERS: ["4aaa7e2b-442e-40f5-b11f-752d818ee644"]
query: SELECT "ConsentArtifact"."id" AS "ConsentArtifact_id", "ConsentArtifact"."tenantId" AS "ConsentArtifact_tenantId", "ConsentArtifact"."subjectId" AS "ConsentArtifact_subjectId", "ConsentArtifact"."consentVersion" AS "ConsentArtifact_consentVersion", "ConsentArtifact"."scopes" AS "ConsentArtifact_scopes", "ConsentArtifact"."language" AS "ConsentArtifact_language", "ConsentArtifact"."deliveryMode" AS "ConsentArtifact_deliveryMode", "ConsentArtifact"."retentionInfo" AS "ConsentArtifact_retentionInfo", "ConsentArtifact"."status" AS "ConsentArtifact_status", "ConsentArtifact"."createdAt" AS "ConsentArtifact_createdAt", "ConsentArtifact"."withdrawnAt" AS "ConsentArtifact_withdrawnAt" FROM "consent_artifacts" "ConsentArtifact" WHERE (("ConsentArtifact"."id" = $1)) LIMIT 1 -- PARAMETERS: ["c4f439f7-0ec7-4e63-801e-1c4ba2e146a6"]
query: SELECT "ConversationTurn"."id" AS "ConversationTurn_id", "ConversationTurn"."sessionId" AS "ConversationTurn_sessionId", "ConversationTurn"."turnNumber" AS "ConversationTurn_turnNumber", "ConversationTurn"."correlationId" AS "ConversationTurn_correlationId", "ConversationTurn"."speaker" AS "ConversationTurn_speaker", "ConversationTurn"."subjectRef" AS "ConversationTurn_subjectRef", "ConversationTurn"."inputText" AS "ConversationTurn_inputText", "ConversationTurn"."outputText" AS "ConversationTurn_outputText", "ConversationTurn"."responseType" AS "ConversationTurn_responseType", "ConversationTurn"."intent" AS "ConversationTurn_intent", "ConversationTurn"."selectedAgent" AS "ConversationTurn_selectedAgent", "ConversationTurn"."latency" AS "ConversationTurn_latency", "ConversationTurn"."safetyStatus" AS "ConversationTurn_safetyStatus", "ConversationTurn"."status" AS "ConversationTurn_status", "ConversationTurn"."idempotencyKey" AS "ConversationTurn_idempotencyKey", "ConversationTurn"."conversationRetentionGranted" AS "ConversationTurn_conversationRetentionGranted", "ConversationTurn"."processingStartedAt" AS "ConversationTurn_processingStartedAt", "ConversationTurn"."createdAt" AS "ConversationTurn_createdAt" FROM "conversation_turns" "ConversationTurn" WHERE (("ConversationTurn"."sessionId" = $1) AND ("ConversationTurn"."idempotencyKey" = $2)) LIMIT 1 -- PARAMETERS: ["4aaa7e2b-442e-40f5-b11f-752d818ee644","46bf34fc-642a-4250-b92f-2982caa8a1f5"]
query: SELECT "ConversationTurn"."id" AS "ConversationTurn_id", "ConversationTurn"."sessionId" AS "ConversationTurn_sessionId", "ConversationTurn"."turnNumber" AS "ConversationTurn_turnNumber", "ConversationTurn"."correlationId" AS "ConversationTurn_correlationId", "ConversationTurn"."speaker" AS "ConversationTurn_speaker", "ConversationTurn"."subjectRef" AS "ConversationTurn_subjectRef", "ConversationTurn"."inputText" AS "ConversationTurn_inputText", "ConversationTurn"."outputText" AS "ConversationTurn_outputText", "ConversationTurn"."responseType" AS "ConversationTurn_responseType", "ConversationTurn"."intent" AS "ConversationTurn_intent", "ConversationTurn"."selectedAgent" AS "ConversationTurn_selectedAgent", "ConversationTurn"."latency" AS "ConversationTurn_latency", "ConversationTurn"."safetyStatus" AS "ConversationTurn_safetyStatus", "ConversationTurn"."status" AS "ConversationTurn_status", "ConversationTurn"."idempotencyKey" AS "ConversationTurn_idempotencyKey", "ConversationTurn"."conversationRetentionGranted" AS "ConversationTurn_conversationRetentionGranted", "ConversationTurn"."processingStartedAt" AS "ConversationTurn_processingStartedAt", "ConversationTurn"."createdAt" AS "ConversationTurn_createdAt" FROM "conversation_turns" "ConversationTurn" WHERE (("ConversationTurn"."sessionId" = $1)) ORDER BY "ConversationTurn"."turnNumber" DESC LIMIT 1 -- PARAMETERS: ["4aaa7e2b-442e-40f5-b11f-752d818ee644"]
query: SELECT "Session"."id" AS "Session_id", "Session"."tenantId" AS "Session_tenantId", "Session"."externalId" AS "Session_externalId", "Session"."subjectAbhaRef" AS "Session_subjectAbhaRef", "Session"."speaker" AS "Session_speaker", "Session"."assistContextId" AS "Session_assistContextId", "Session"."consentArtifactId" AS "Session_consentArtifactId", "Session"."localeHint" AS "Session_localeHint", "Session"."deviceClass" AS "Session_deviceClass", "Session"."medicationState" AS "Session_medicationState", "Session"."status" AS "Session_status", "Session"."idleExpiresAt" AS "Session_idleExpiresAt", "Session"."absoluteExpiresAt" AS "Session_absoluteExpiresAt", "Session"."createdAt" AS "Session_createdAt", "Session"."closedAt" AS "Session_closedAt" FROM "sessions" "Session" WHERE "Session"."id" = $1 -- PARAMETERS: ["4aaa7e2b-442e-40f5-b11f-752d818ee644"]
query: UPDATE "sessions" SET "idleExpiresAt" = $1 WHERE "id" = $2 -- PARAMETERS: ["2026-08-27T06:06:45.798Z","4aaa7e2b-442e-40f5-b11f-752d818ee644"]
query: INSERT INTO "conversation_turns"("id", "sessionId", "turnNumber", "correlationId", "speaker", "subjectRef", "inputText", "outputText", "responseType", "intent", "selectedAgent", "latency", "safetyStatus", "status", "idempotencyKey", "conversationRetentionGranted", "processingStartedAt", "createdAt") VALUES (DEFAULT, $1, $2, $3, $4, $5, $6, $7, $8, DEFAULT, DEFAULT, $9, $10, $11, $12, $13, $14, DEFAULT) RETURNING "id", "status", "conversationRetentionGranted", "createdAt" -- PARAMETERS: ["4aaa7e2b-442e-40f5-b11f-752d818ee644",2,"vda-c7da3068-1ba4-4327-abd8-e2bcead8c619","self","synthetic:dev-787e7d0f-ef4a-487e-9cd5-3842dec82428","इसे आसान भाषा में समझाओ",null,"text",0,"SAFE","PROCESSING","46bf34fc-642a-4250-b92f-2982caa8a1f5",true,"2026-08-27T05:36:45.798Z"]
query: START TRANSACTION
query: INSERT INTO "audit_events"("id", "tenantId", "subjectAbhaRefHash", "speaker", "actingPrincipal", "correlationId", "action", "entityName", "entityId", "details", "hmacKeyId", "timestamp") VALUES (DEFAULT, $1, $2, $3, $4, $5, $6, $7, $8, $9, $10, DEFAULT) RETURNING "id", "timestamp" -- PARAMETERS: ["00000000-0000-0000-0000-000000000000","dc7ed8a42daa3de2d35480f5b489da4d70030065a329635f0f5ac493adcadabe","self","dev-host-user-123","vda-c7da3068-1ba4-4327-abd8-e2bcead8c619","turn_received","session","4aaa7e2b-442e-40f5-b11f-752d818ee644","{\"turn_number\":2}","v1"]
query: COMMIT
[Nest] 13040  - 27/08/2026, 11:06:45 am     LOG [AuditService] Audit Logged: action=turn_received correlationId=vda-c7da3068-1ba4-4327-abd8-e2bcead8c619 keyId=v1
query: COMMIT
query: SELECT "Session"."id" AS "Session_id", "Session"."tenantId" AS "Session_tenantId", "Session"."externalId" AS "Session_externalId", "Session"."subjectAbhaRef" AS "Session_subjectAbhaRef", "Session"."speaker" AS "Session_speaker", "Session"."assistContextId" AS "Session_assistContextId", "Session"."consentArtifactId" AS "Session_consentArtifactId", "Session"."localeHint" AS "Session_localeHint", "Session"."deviceClass" AS "Session_deviceClass", "Session"."medicationState" AS "Session_medicationState", "Session"."status" AS "Session_status", "Session"."idleExpiresAt" AS "Session_idleExpiresAt", "Session"."absoluteExpiresAt" AS "Session_absoluteExpiresAt", "Session"."createdAt" AS "Session_createdAt", "Session"."closedAt" AS "Session_closedAt" FROM "sessions" "Session" WHERE (("Session"."id" = $1)) LIMIT 1 -- PARAMETERS: ["4aaa7e2b-442e-40f5-b11f-752d818ee644"]
query: START TRANSACTION
query: INSERT INTO "audit_events"("id", "tenantId", "subjectAbhaRefHash", "speaker", "actingPrincipal", "correlationId", "action", "entityName", "entityId", "details", "hmacKeyId", "timestamp") VALUES (DEFAULT, $1, $2, $3, $4, $5, $6, $7, $8, $9, $10, DEFAULT) RETURNING "id", "timestamp" -- PARAMETERS: ["00000000-0000-0000-0000-000000000000","dc7ed8a42daa3de2d35480f5b489da4d70030065a329635f0f5ac493adcadabe","self","dev-host-user-123","vda-c7da3068-1ba4-4327-abd8-e2bcead8c619","safety_evaluated","conversation_turn","0fb34ae4-2b75-447c-bc6d-2740be43f284","{\"status\":\"SAFE\",\"rule_id\":null,\"rule_version\":null,\"severity\":null,\"action\":null}","v1"]
query: COMMIT
[Nest] 13040  - 27/08/2026, 11:06:45 am     LOG [AuditService] Audit Logged: action=safety_evaluated correlationId=vda-c7da3068-1ba4-4327-abd8-e2bcead8c619 keyId=v1
[Nest] 13040  - 27/08/2026, 11:06:45 am     LOG [AiConversationProcessor] [AiProcessor] Processing turn for sessionId=4aaa7e2b-442e-40f5-b11f-752d818ee644
[Nest] 13040  - 27/08/2026, 11:06:45 am     LOG [AiOrchestratorService] [AiOrchestrator] Turn execution started sessionId=4aaa7e2b-442e-40f5-b11f-752d818ee644 correlationId=vda-c7da3068-1ba4-4327-abd8-e2bcead8c619
query: START TRANSACTION
query: INSERT INTO "audit_events"("id", "tenantId", "subjectAbhaRefHash", "speaker", "actingPrincipal", "correlationId", "action", "entityName", "entityId", "details", "hmacKeyId", "timestamp") VALUES (DEFAULT, $1, $2, $3, $4, $5, $6, $7, $8, $9, $10, DEFAULT) RETURNING "id", "timestamp" -- PARAMETERS: ["00000000-0000-0000-0000-000000000000","5a221c7d1978e65088528da2883a866a8b0e58e7801f3030304f6814934bc0ad",null,"dev-host-user-123","vda-c7da3068-1ba4-4327-abd8-e2bcead8c619","ai_request_started","turn","4aaa7e2b-442e-40f5-b11f-752d818ee644","{\"sessionId\":\"4aaa7e2b-442e-40f5-b11f-752d818ee644\",\"inputLength\":23}","v1"]
query: COMMIT
[Nest] 13040  - 27/08/2026, 11:06:45 am     LOG [AuditService] Audit Logged: action=ai_request_started correlationId=vda-c7da3068-1ba4-4327-abd8-e2bcead8c619 keyId=v1
[Nest] 13040  - 27/08/2026, 11:06:45 am    WARN [SarvamProvider] Sarvam language detection failed, falling back to rule engine: Sarvam API status 404
[Nest] 13040  - 27/08/2026, 11:06:45 am     LOG [IntentClassifierService] [IntentClassifier] Stage 2 AI Classification invoked for text: "इसे आसान भाषा में समझाओ"
[Nest] 13040  - 27/08/2026, 11:06:46 am    WARN [GeminiProvider] [GeminiTelemetry] provider=gemini keySlot=2 status=failed attempt=1/2 duration_ms=211 prompt_chars=497 system_chars=0 error=Gemini API returned status 429
[Nest] 13040  - 27/08/2026, 11:06:46 am    WARN [GeminiProvider] [GeminiTelemetry] provider=gemini keySlot=2 status=failed attempt=2/2 duration_ms=795 prompt_chars=497 system_chars=0 error=Gemini API returned status 429
[Nest] 13040  - 27/08/2026, 11:06:46 am    WARN [GeminiProvider] [GeminiTelemetry] provider=gemini keySlot=2 status=429 failover=true attempt=1
query: SELECT "AuditEvent"."id" AS "AuditEvent_id", "AuditEvent"."tenantId" AS "AuditEvent_tenantId", "AuditEvent"."subjectAbhaRefHash" AS "AuditEvent_subjectAbhaRefHash", "AuditEvent"."speaker" AS "AuditEvent_speaker", "AuditEvent"."actingPrincipal" AS "AuditEvent_actingPrincipal", "AuditEvent"."correlationId" AS "AuditEvent_correlationId", "AuditEvent"."action" AS "AuditEvent_action", "AuditEvent"."entityName" AS "AuditEvent_entityName", "AuditEvent"."entityId" AS "AuditEvent_entityId", "AuditEvent"."details" AS "AuditEvent_details", "AuditEvent"."hmacKeyId" AS "AuditEvent_hmacKeyId", "AuditEvent"."timestamp" AS "AuditEvent_timestamp" FROM "audit_events" "AuditEvent" ORDER BY "AuditEvent"."timestamp" DESC LIMIT 50
[Nest] 13040  - 27/08/2026, 11:06:47 am     LOG [DevelopmentAuditExporter] [DEV_AUDIT_EXPORTER] Processing batch export count=50
query: SELECT "AuditEvent"."id" AS "AuditEvent_id", "AuditEvent"."tenantId" AS "AuditEvent_tenantId", "AuditEvent"."subjectAbhaRefHash" AS "AuditEvent_subjectAbhaRefHash", "AuditEvent"."speaker" AS "AuditEvent_speaker", "AuditEvent"."actingPrincipal" AS "AuditEvent_actingPrincipal", "AuditEvent"."correlationId" AS "AuditEvent_correlationId", "AuditEvent"."action" AS "AuditEvent_action", "AuditEvent"."entityName" AS "AuditEvent_entityName", "AuditEvent"."entityId" AS "AuditEvent_entityId", "AuditEvent"."details" AS "AuditEvent_details", "AuditEvent"."hmacKeyId" AS "AuditEvent_hmacKeyId", "AuditEvent"."timestamp" AS "AuditEvent_timestamp" FROM "audit_events" "AuditEvent" ORDER BY "AuditEvent"."timestamp" DESC LIMIT 50
[Nest] 13040  - 27/08/2026, 11:06:52 am     LOG [DevelopmentAuditExporter] [DEV_AUDIT_EXPORTER] Processing batch export count=50
query: SELECT "AuditEvent"."id" AS "AuditEvent_id", "AuditEvent"."tenantId" AS "AuditEvent_tenantId", "AuditEvent"."subjectAbhaRefHash" AS "AuditEvent_subjectAbhaRefHash", "AuditEvent"."speaker" AS "AuditEvent_speaker", "AuditEvent"."actingPrincipal" AS "AuditEvent_actingPrincipal", "AuditEvent"."correlationId" AS "AuditEvent_correlationId", "AuditEvent"."action" AS "AuditEvent_action", "AuditEvent"."entityName" AS "AuditEvent_entityName", "AuditEvent"."entityId" AS "AuditEvent_entityId", "AuditEvent"."details" AS "AuditEvent_details", "AuditEvent"."hmacKeyId" AS "AuditEvent_hmacKeyId", "AuditEvent"."timestamp" AS "AuditEvent_timestamp" FROM "audit_events" "AuditEvent" ORDER BY "AuditEvent"."timestamp" DESC LIMIT 50
[Nest] 13040  - 27/08/2026, 11:06:57 am     LOG [DevelopmentAuditExporter] [DEV_AUDIT_EXPORTER] Processing batch export count=50
[Nest] 13040  - 27/08/2026, 11:06:58 am     LOG [GeminiProvider] [GeminiTelemetry] provider=gemini keySlot=3 status=success failover=true attempts=1 duration_ms=12028 prompt_chars=497 system_chars=0
query: START TRANSACTION
query: INSERT INTO "audit_events"("id", "tenantId", "subjectAbhaRefHash", "speaker", "actingPrincipal", "correlationId", "action", "entityName", "entityId", "details", "hmacKeyId", "timestamp") VALUES (DEFAULT, $1, $2, $3, $4, $5, $6, $7, $8, $9, $10, DEFAULT) RETURNING "id", "timestamp" -- PARAMETERS: ["00000000-0000-0000-0000-000000000000","857527416d304304abcb58c7f64c3c66a40846c1f23df275ddd9011fbf18c2cd",null,"intent-classifier-service","vda-c7da3068-1ba4-4327-abd8-e2bcead8c619","ai_intent_classified","intent","CLARIFICATION","{\"intent\":\"CLARIFICATION\",\"confidence\":0.95,\"classifiedBy\":\"AI_MODEL\",\"language\":\"hi\"}","v1"]
query: COMMIT
[Nest] 13040  - 27/08/2026, 11:06:58 am     LOG [AuditService] Audit Logged: action=ai_intent_classified correlationId=vda-c7da3068-1ba4-4327-abd8-e2bcead8c619 keyId=v1
query: SELECT "Session"."id" AS "Session_id", "Session"."tenantId" AS "Session_tenantId", "Session"."externalId" AS "Session_externalId", "Session"."subjectAbhaRef" AS "Session_subjectAbhaRef", "Session"."speaker" AS "Session_speaker", "Session"."assistContextId" AS "Session_assistContextId", "Session"."consentArtifactId" AS "Session_consentArtifactId", "Session"."localeHint" AS "Session_localeHint", "Session"."deviceClass" AS "Session_deviceClass", "Session"."medicationState" AS "Session_medicationState", "Session"."status" AS "Session_status", "Session"."idleExpiresAt" AS "Session_idleExpiresAt", "Session"."absoluteExpiresAt" AS "Session_absoluteExpiresAt", "Session"."createdAt" AS "Session_createdAt", "Session"."closedAt" AS "Session_closedAt" FROM "sessions" "Session" WHERE (("Session"."id" = $1) AND ("Session"."tenantId" = $2)) LIMIT 1 -- PARAMETERS: ["4aaa7e2b-442e-40f5-b11f-752d818ee644","00000000-0000-0000-0000-000000000000"]
query: SELECT "Medication"."id" AS "Medication_id", "Medication"."tenantId" AS "Medication_tenantId", "Medication"."patientRef" AS "Medication_patientRef", "Medication"."sourcePrescriptionId" AS "Medication_sourcePrescriptionId", "Medication"."name" AS "Medication_name", "Medication"."normalizedName" AS "Medication_normalizedName", "Medication"."strength" AS "Medication_strength", "Medication"."dosage" AS "Medication_dosage", "Medication"."dosageForm" AS "Medication_dosageForm", "Medication"."frequency" AS "Medication_frequency", "Medication"."route" AS "Medication_route", "Medication"."timing" AS "Medication_timing", "Medication"."duration" AS "Medication_duration", "Medication"."startDate" AS "Medication_startDate", "Medication"."endDate" AS "Medication_endDate", "Medication"."instructions" AS "Medication_instructions", "Medication"."status" AS "Medication_status", "Medication"."verificationStatus" AS "Medication_verificationStatus", "Medication"."sourceType" AS "Medication_sourceType", "Medication"."sourceReference" AS "Medication_sourceReference", "Medication"."createdAt" AS "Medication_createdAt", "Medication"."updatedAt" AS "Medication_updatedAt" FROM "medications" "Medication" WHERE (("Medication"."tenantId" = $1) AND ("Medication"."patientRef" = $2) AND ("Medication"."verificationStatus" = $3) AND ("Medication"."status" = $4)) ORDER BY "Medication"."createdAt" DESC -- PARAMETERS: ["00000000-0000-0000-0000-000000000000","synthetic:dev-787e7d0f-ef4a-487e-9cd5-3842dec82428","CONFIRMED","ACTIVE"]
query: START TRANSACTION
query: INSERT INTO "audit_events"("id", "tenantId", "subjectAbhaRefHash", "speaker", "actingPrincipal", "correlationId", "action", "entityName", "entityId", "details", "hmacKeyId", "timestamp") VALUES (DEFAULT, $1, $2, $3, $4, $5, $6, $7, $8, $9, $10, DEFAULT) RETURNING "id", "timestamp" -- PARAMETERS: ["00000000-0000-0000-0000-000000000000","a8bf746fc3092d3300c7ffc9670c56d735bb82698d9144e8db41d897e5d637bb",null,"system","rag-query-action","knowledge_retrieval_started","knowledge_index","rag-query","{\"intent\":\"CLARIFICATION\",\"domain\":\"preventive_health\",\"language\":\"hi\"}","v1"]
query: COMMIT
[Nest] 13040  - 27/08/2026, 11:06:58 am     LOG [AuditService] Audit Logged: action=knowledge_retrieval_started correlationId=rag-query-action keyId=v1
query: 
        SELECT 
          c.id AS "chunkId",
          c."documentId",
          c."documentVersion",
          d.title AS "title",
          c.content AS "content",
          c.source AS "source",
          c.language AS "language",
          c.domain AS "domain",
          c.category AS "category",
          c.metadata AS "metadata",
          CASE WHEN c.language = $4 THEN 0 ELSE 1 END AS "languagePreference",
          (e.embedding <=> $1::vector) AS "cosineDistance"
        FROM knowledge_embeddings e
        JOIN knowledge_chunks c ON e."chunkId" = c.id
        JOIN knowledge_documents d ON c."documentId" = d.id
        WHERE d.status IN ('ACTIVE', 'PUBLISHED')
          AND c."tenantId" = $2
          AND c.domain = $3
        ORDER BY "languagePreference" ASC, "cosineDistance" ASC
        LIMIT $5;
       -- PARAMETERS: ["[0.0026545615401118994,0.07342217862606049,0.013888913206756115,0.008511774241924286,-0.010293759405612946,0.00588520523160696,0.21332783997058868,-0.013514958322048187,0.04381514713168144,0.048826660960912704,0.10455773770809174,-0.19552890956401825,0.04392679035663605,-0.03387840464711189,-0.008357588201761246,-0.006056112702935934,0.03702516108751297,0.029363706707954407,0.010564830154180527,-0.003093911102041602,0.01235863845795393,0.06308124214410782,-0.022196220234036446,0.0421399362385273,-0.02577807940542698,0.019562434405088425,-0.0062828101217746735,-0.01830161176621914,0.06403953582048416,-0.06631526350975037,0.04050804674625397,-0.0078050619922578335,0.0011942682322114706,-0.0557524636387825,0.046922873705625534,0.05973246693611145,-0.08989948779344559,-0.0020883758552372456,-0.00631982646882534,-0.027569543570280075,-0.024335691705346107,-0.05844160169363022,-0.018293622881174088,-0.0751202404499054,0.007560791447758675,-0.010621471330523491,-0.001154877943918109,0.0021257149055600166,0.036051273345947266,-0.03437107056379318,-0.06570415198802948,-0.03944665566086769,-0.029931580647826195,-0.05737224593758583,0.08489776402711868,-0.01181778870522976,-0.029691290110349655,0.00975946057587862,-0.028333844617009163,-0.015714379027485847,-0.01919865421950817,0.012665459886193275,0.0747566968202591,-0.014056645333766937,0.006474500522017479,0.05124980956315994,0.02496940642595291,0.04665191099047661,-0.009379531256854534,-0.05000395327806473,-0.04389309510588646,0.03690669685602188,-0.0006496491841971874,-0.07740827649831772,-0.05360698327422142,-0.06533155590295792,0.057012032717466354,0.06430244445800781,0.02802412584424019,0.008502496406435966,-0.055080387741327286,-0.055205196142196655,-0.019800717011094093,-0.01824915036559105,-0.04401838406920433,0.025564206764101982,-0.0381711982190609,0.014755147509276867,-0.029914608225226402,-0.033559802919626236,-0.017419228330254555,0.05604293942451477,0.01640147529542446,-0.0201985202729702,-0.09765121340751648,-0.020578019320964813,-0.03275105729699135,-0.011244826018810272,0.004464881028980017,0.030227327719330788,0.009940479882061481,0.13177253305912018,-0.009880243800580502,0.02351643517613411,-0.08231695741415024,-0.03181333839893341,0.02189198136329651,-0.061511289328336716,0.041273027658462524,0.02349514327943325,0.01814335770905018,-0.07157261669635773,-0.07675952464342117,-0.04222993925213814,0.04096302017569542,0.051592886447906494,-0.007560561876744032,0.005896748974919319,-0.003248663153499365,-0.08341684937477112,0.01218311209231615,0.04180647432804108,-0.03775662183761597,-0.076923668384552,-0.07179983705282211,-0.05726693570613861,0.03397627919912338,1.6626495155167756e-33,-0.050235748291015625,0.012010817416012287,-0.002692990703508258,-0.05054883658885956,-0.056687332689762115,0.006624427158385515,-0.02677420899271965,0.027283113449811935,-0.013378284871578217,-0.06507375091314316,0.016843503341078758,-0.009114081971347332,-0.04575222358107567,0.026696911081671715,0.006630812771618366,0.042460352182388306,-0.002979931654408574,-0.059049226343631744,0.022983599454164505,0.027193348854780197,-0.022207628935575485,-0.011700402945280075,-0.03745044395327568,0.021873556077480316,0.031194772571325302,-0.10411148518323898,0.08375053852796555,0.042502906173467636,-0.10132381319999695,0.017922595143318176,0.018020326271653175,0.0679321214556694,-0.03829672187566757,-0.024366134777665138,0.04576699435710907,-0.06425754725933075,0.0013430863618850708,0.04715224727988243,-0.023840030655264854,0.04682249203324318,0.0289738979190588,-0.06488486379384995,0.00330353737808764,-0.06383905559778214,0.02764548547565937,0.08829410374164581,0.051832739263772964,0.003798050805926323,0.03904564678668976,0.027192093431949615,-0.008644756861031055,-0.01026700995862484,-0.018965667113661766,0.07353506982326508,0.018773334100842476,-0.014500453136861324,-0.024260545149445534,-0.061712052673101425,-0.0495842844247818,0.01764899678528309,-0.024503981694579124,-0.08815833926200867,-0.017772892490029335,0.014776930212974548,-0.1386978179216385,-0.03937419131398201,0.04572264105081558,-0.010885684750974178,0.0595439150929451,-0.03547018766403198,-0.048788513988256454,-0.010346698574721813,0.04930386319756508,0.0995812714099884,-0.07464912533760071,0.00004075819015270099,-0.0009713501785881817,0.06915596127510071,-0.009306843392550945,0.10722380876541138,-0.04517475515604019,0.023513058200478554,-0.058798786252737045,-0.0772392749786377,0.07764192670583725,0.1267005205154419,0.017486775293946266,-0.06871262192726135,-0.004745160695165396,0.022104596719145775,-0.05584792420268059,-0.032337937504053116,0.06449100375175476,0.0013045427622273564,-0.07176738977432251,-3.3558861287259164e-33,0.08226101100444794,-0.04307945817708969,-0.031595733016729355,-0.03904702514410019,0.009966663084924221,-0.04885844513773918,0.13307201862335205,0.10742682218551636,0.015772519633173943,0.0716007724404335,-0.075924813747406,0.01952512003481388,0.03394430875778198,0.03026718460023403,0.00875451322644949,0.11736958473920822,0.04847387596964836,0.05629584938287735,-0.025514544919133186,0.010947116650640965,-0.019050827249884605,-0.02935769408941269,-0.015962371602654457,-0.04953692853450775,0.034111253917217255,0.0005678567686118186,0.05656255781650543,0.05560160428285599,-0.01866855099797249,-0.04095212370157242,-0.03849068284034729,-0.056799840182065964,-0.08922974765300751,0.0791635736823082,-0.018068738281726837,-0.06786059588193893,0.012449884787201881,-0.13906928896903992,-0.0588483102619648,0.018302777782082558,-0.044195935130119324,0.03559379652142525,-0.040667448192834854,0.07598990947008133,0.012295481748878956,0.03460753709077835,-0.08414729684591293,-0.024246906861662865,-0.0410567969083786,0.015431917272508144,0.07710856199264526,-0.04854574054479599,0.0852968767285347,-0.07289999723434448,0.06191415339708328,-0.00973519030958414,0.09468229115009308,0.023920249193906784,0.05792037770152092,-0.0238658394664526,0.0629669576883316,0.015299775637686253,0.041869208216667175,0.1005147397518158,-0.03160517290234566,0.04106836020946503,-0.014635822735726833,0.0017069083405658603,-0.05201273038983345,0.018968818709254265,0.04232169687747955,-0.0634336844086647,-0.08209178596735,-0.002207637531682849,-0.11798656731843948,0.034818001091480255,-0.022792188450694084,-0.019190814346075058,-0.002640046877786517,-0.01790207251906395,-0.018448326736688614,-0.008409635163843632,-0.03647643327713013,-0.11723744869232178,-0.01852269470691681,-0.034141261130571365,-0.006533683743327856,0.08102109283208847,0.005411434918642044,-0.007739902939647436,-0.013619077391922474,0.12027017027139664,-0.02375233732163906,-0.04943648353219032,-0.03771407902240753,-1.8820532687868763e-8,-0.01366056315600872,-0.06197201833128929,-0.005494735203683376,-0.004119990859180689,0.001594829373061657,-0.03438577055931091,0.0016587813152000308,0.023536505177617073,0.05292262136936188,0.00021622853819280863,0.03207797184586525,0.05468806251883507,-0.0589204803109169,0.07736404985189438,-0.014916679821908474,0.052909113466739655,-0.025809552520513535,0.0572013296186924,0.03326308727264404,-0.10664374381303787,0.11580910533666611,0.0319492369890213,-0.02388964593410492,-0.05127817392349243,-0.00416473438963294,0.04865603893995285,-0.04570218175649643,0.03398177772760391,-0.06558471918106079,-0.028660820797085762,0.026202520355582237,0.015941482037305832,0.009061523713171482,-0.07387132942676544,-0.01601063273847103,0.022918179631233215,0.05527603626251221,-0.0004208272148389369,-0.03104204684495926,0.03929448127746582,0.004430270753800869,0.02972349524497986,0.09315359592437744,0.01856894977390766,-0.00756042217835784,-0.08230521529912949,0.059474676847457886,0.08333450555801392,0.002708310028538108,-0.05040833726525307,-0.013281682506203651,-0.000660651654470712,0.025963086634874344,0.04361248016357422,-0.027129024267196655,0.034264106303453445,-0.03092861920595169,0.06998826563358307,0.023816119879484177,0.046893030405044556,0.13081558048725128,0.03445511683821678,-0.03796636685729027,-0.046696603298187256]","00000000-0000-0000-0000-000000000000","preventive_health","hi",10]
query: START TRANSACTION
query: INSERT INTO "audit_events"("id", "tenantId", "subjectAbhaRefHash", "speaker", "actingPrincipal", "correlationId", "action", "entityName", "entityId", "details", "hmacKeyId", "timestamp") VALUES (DEFAULT, $1, $2, $3, $4, $5, $6, $7, $8, $9, $10, DEFAULT) RETURNING "id", "timestamp" -- PARAMETERS: ["00000000-0000-0000-0000-000000000000","a8bf746fc3092d3300c7ffc9670c56d735bb82698d9144e8db41d897e5d637bb",null,"system","rag-query-action","knowledge_retrieval_completed","knowledge_index","rag-query","{\"intent\":\"CLARIFICATION\",\"chunks_retrieved\":1,\"latency_ms\":19,\"provider_type\":\"postgres_pgvector\"}","v1"]
query: COMMIT
[Nest] 13040  - 27/08/2026, 11:06:58 am     LOG [AuditService] Audit Logged: action=knowledge_retrieval_completed correlationId=rag-query-action keyId=v1
query: SELECT "ConversationTurn"."id" AS "ConversationTurn_id", "ConversationTurn"."sessionId" AS "ConversationTurn_sessionId", "ConversationTurn"."turnNumber" AS "ConversationTurn_turnNumber", "ConversationTurn"."correlationId" AS "ConversationTurn_correlationId", "ConversationTurn"."speaker" AS "ConversationTurn_speaker", "ConversationTurn"."subjectRef" AS "ConversationTurn_subjectRef", "ConversationTurn"."inputText" AS "ConversationTurn_inputText", "ConversationTurn"."outputText" AS "ConversationTurn_outputText", "ConversationTurn"."responseType" AS "ConversationTurn_responseType", "ConversationTurn"."intent" AS "ConversationTurn_intent", "ConversationTurn"."selectedAgent" AS "ConversationTurn_selectedAgent", "ConversationTurn"."latency" AS "ConversationTurn_latency", "ConversationTurn"."safetyStatus" AS "ConversationTurn_safetyStatus", "ConversationTurn"."status" AS "ConversationTurn_status", "ConversationTurn"."idempotencyKey" AS "ConversationTurn_idempotencyKey", "ConversationTurn"."conversationRetentionGranted" AS "ConversationTurn_conversationRetentionGranted", "ConversationTurn"."processingStartedAt" AS "ConversationTurn_processingStartedAt", "ConversationTurn"."createdAt" AS "ConversationTurn_createdAt" FROM "conversation_turns" "ConversationTurn" WHERE (("ConversationTurn"."sessionId" = $1)) ORDER BY "ConversationTurn"."turnNumber" DESC LIMIT 4 -- PARAMETERS: ["4aaa7e2b-442e-40f5-b11f-752d818ee644"]
[Nest] 13040  - 27/08/2026, 11:06:58 am     LOG [AiOrchestratorService] [RagPromptTelemetry] intent=CLARIFICATION agent=general-health-agent domain=preventive_health chunks=1 knowledge_chars=293 clinical_context_chars=377 history_chars=104 patient_query_chars=23 total_prompt_chars=817
query: SELECT "AuditEvent"."id" AS "AuditEvent_id", "AuditEvent"."tenantId" AS "AuditEvent_tenantId", "AuditEvent"."subjectAbhaRefHash" AS "AuditEvent_subjectAbhaRefHash", "AuditEvent"."speaker" AS "AuditEvent_speaker", "AuditEvent"."actingPrincipal" AS "AuditEvent_actingPrincipal", "AuditEvent"."correlationId" AS "AuditEvent_correlationId", "AuditEvent"."action" AS "AuditEvent_action", "AuditEvent"."entityName" AS "AuditEvent_entityName", "AuditEvent"."entityId" AS "AuditEvent_entityId", "AuditEvent"."details" AS "AuditEvent_details", "AuditEvent"."hmacKeyId" AS "AuditEvent_hmacKeyId", "AuditEvent"."timestamp" AS "AuditEvent_timestamp" FROM "audit_events" "AuditEvent" ORDER BY "AuditEvent"."timestamp" DESC LIMIT 50
[Nest] 13040  - 27/08/2026, 11:07:02 am     LOG [DevelopmentAuditExporter] [DEV_AUDIT_EXPORTER] Processing batch export count=50
query: SELECT "AuditEvent"."id" AS "AuditEvent_id", "AuditEvent"."tenantId" AS "AuditEvent_tenantId", "AuditEvent"."subjectAbhaRefHash" AS "AuditEvent_subjectAbhaRefHash", "AuditEvent"."speaker" AS "AuditEvent_speaker", "AuditEvent"."actingPrincipal" AS "AuditEvent_actingPrincipal", "AuditEvent"."correlationId" AS "AuditEvent_correlationId", "AuditEvent"."action" AS "AuditEvent_action", "AuditEvent"."entityName" AS "AuditEvent_entityName", "AuditEvent"."entityId" AS "AuditEvent_entityId", "AuditEvent"."details" AS "AuditEvent_details", "AuditEvent"."hmacKeyId" AS "AuditEvent_hmacKeyId", "AuditEvent"."timestamp" AS "AuditEvent_timestamp" FROM "audit_events" "AuditEvent" ORDER BY "AuditEvent"."timestamp" DESC LIMIT 50
[Nest] 13040  - 27/08/2026, 11:07:07 am     LOG [DevelopmentAuditExporter] [DEV_AUDIT_EXPORTER] Processing batch export count=50
query: SELECT "AuditEvent"."id" AS "AuditEvent_id", "AuditEvent"."tenantId" AS "AuditEvent_tenantId", "AuditEvent"."subjectAbhaRefHash" AS "AuditEvent_subjectAbhaRefHash", "AuditEvent"."speaker" AS "AuditEvent_speaker", "AuditEvent"."actingPrincipal" AS "AuditEvent_actingPrincipal", "AuditEvent"."correlationId" AS "AuditEvent_correlationId", "AuditEvent"."action" AS "AuditEvent_action", "AuditEvent"."entityName" AS "AuditEvent_entityName", "AuditEvent"."entityId" AS "AuditEvent_entityId", "AuditEvent"."details" AS "AuditEvent_details", "AuditEvent"."hmacKeyId" AS "AuditEvent_hmacKeyId", "AuditEvent"."timestamp" AS "AuditEvent_timestamp" FROM "audit_events" "AuditEvent" ORDER BY "AuditEvent"."timestamp" DESC LIMIT 50
[Nest] 13040  - 27/08/2026, 11:07:12 am     LOG [DevelopmentAuditExporter] [DEV_AUDIT_EXPORTER] Processing batch export count=50
[Nest] 13040  - 27/08/2026, 11:07:15 am     LOG [GeminiProvider] [GeminiTelemetry] provider=gemini keySlot=3 status=success failover=false attempts=1 duration_ms=16753 prompt_chars=817 system_chars=2032
query: START TRANSACTION
query: INSERT INTO "audit_events"("id", "tenantId", "subjectAbhaRefHash", "speaker", "actingPrincipal", "correlationId", "action", "entityName", "entityId", "details", "hmacKeyId", "timestamp") VALUES (DEFAULT, $1, $2, $3, $4, $5, $6, $7, $8, $9, $10, DEFAULT) RETURNING "id", "timestamp" -- PARAMETERS: ["00000000-0000-0000-0000-000000000000","5a221c7d1978e65088528da2883a866a8b0e58e7801f3030304f6814934bc0ad",null,"dev-host-user-123","vda-c7da3068-1ba4-4327-abd8-e2bcead8c619","ai_response_generated","turn","4aaa7e2b-442e-40f5-b11f-752d818ee644","{\"intent\":\"CLARIFICATION\",\"selectedAgent\":\"general-health-agent\",\"safetyStatus\":\"SAFE\",\"language\":\"hi\"}","v1"]
query: COMMIT
[Nest] 13040  - 27/08/2026, 11:07:15 am     LOG [AuditService] Audit Logged: action=ai_response_generated correlationId=vda-c7da3068-1ba4-4327-abd8-e2bcead8c619 keyId=v1
query: START TRANSACTION
query: INSERT INTO "rag_evaluation_traces"("id", "tenantId", "query", "normalizedQuery", "intent", "agent", "language", "domain", "state", "providerType", "retrievedChunkCount", "retrievalLatencyMs", "sources", "chunks", "response", "contextPrecision", "contextRecall", "faithfulness", "answerRelevancy", "createdAt") VALUES (DEFAULT, $1, $2, $3, $4, $5, $6, $7, $8, $9, $10, $11, $12, $13, $14, DEFAULT, DEFAULT, DEFAULT, DEFAULT, DEFAULT) RETURNING "id", "retrievedChunkCount", "retrievalLatencyMs", "sources", "chunks", "createdAt" -- PARAMETERS: ["00000000-0000-0000-0000-000000000000","इसे आसान भाषा में समझाओ","इसे आसान भाषा में समझाओ","CLARIFICATION","general-health-agent","hi","preventive_health",null,"postgres_pgvector",1,19,"[{\"title\":\"स्वस्थ रहने की जानकारी\",\"source\":\"VDA local demo approved knowledge\",\"version\":\"1.0\",\"domain\":\"preventive_health\"}]","[{\"chunkId\":\"3a3c632b-9699-4f33-a520-de639fe6ba2f\",\"documentId\":\"de6c5e79-04b7-4c42-9bdc-1a766a11e3be\",\"relevanceScore\":0.6364,\"distance\":0.3636}]","मुझे आपके रिकॉर्ड में HbA1c की आसान व्याख्या की जानकारी नहीं मिली। कृपया इसके सही मतलब और व्यक्तिगत सलाह के लिए अपने डॉक्टर से संपर्क करें।"]
query: COMMIT
query: START TRANSACTION
query: SELECT "ConversationTurn"."id" AS "ConversationTurn_id", "ConversationTurn"."sessionId" AS "ConversationTurn_sessionId", "ConversationTurn"."turnNumber" AS "ConversationTurn_turnNumber", "ConversationTurn"."correlationId" AS "ConversationTurn_correlationId", "ConversationTurn"."speaker" AS "ConversationTurn_speaker", "ConversationTurn"."subjectRef" AS "ConversationTurn_subjectRef", "ConversationTurn"."inputText" AS "ConversationTurn_inputText", "ConversationTurn"."outputText" AS "ConversationTurn_outputText", "ConversationTurn"."responseType" AS "ConversationTurn_responseType", "ConversationTurn"."intent" AS "ConversationTurn_intent", "ConversationTurn"."selectedAgent" AS "ConversationTurn_selectedAgent", "ConversationTurn"."latency" AS "ConversationTurn_latency", "ConversationTurn"."safetyStatus" AS "ConversationTurn_safetyStatus", "ConversationTurn"."status" AS "ConversationTurn_status", "ConversationTurn"."idempotencyKey" AS "ConversationTurn_idempotencyKey", "ConversationTurn"."conversationRetentionGranted" AS "ConversationTurn_conversationRetentionGranted", "ConversationTurn"."processingStartedAt" AS "ConversationTurn_processingStartedAt", "ConversationTurn"."createdAt" AS "ConversationTurn_createdAt" FROM "conversation_turns" "ConversationTurn" WHERE (("ConversationTurn"."id" = $1)) LIMIT 1 -- PARAMETERS: ["0fb34ae4-2b75-447c-bc6d-2740be43f284"]
query: SELECT "ConversationTurn"."id" AS "ConversationTurn_id", "ConversationTurn"."sessionId" AS "ConversationTurn_sessionId", "ConversationTurn"."turnNumber" AS "ConversationTurn_turnNumber", "ConversationTurn"."correlationId" AS "ConversationTurn_correlationId", "ConversationTurn"."speaker" AS "ConversationTurn_speaker", "ConversationTurn"."subjectRef" AS "ConversationTurn_subjectRef", "ConversationTurn"."inputText" AS "ConversationTurn_inputText", "ConversationTurn"."outputText" AS "ConversationTurn_outputText", "ConversationTurn"."responseType" AS "ConversationTurn_responseType", "ConversationTurn"."intent" AS "ConversationTurn_intent", "ConversationTurn"."selectedAgent" AS "ConversationTurn_selectedAgent", "ConversationTurn"."latency" AS "ConversationTurn_latency", "ConversationTurn"."safetyStatus" AS "ConversationTurn_safetyStatus", "ConversationTurn"."status" AS "ConversationTurn_status", "ConversationTurn"."idempotencyKey" AS "ConversationTurn_idempotencyKey", "ConversationTurn"."conversationRetentionGranted" AS "ConversationTurn_conversationRetentionGranted", "ConversationTurn"."processingStartedAt" AS "ConversationTurn_processingStartedAt", "ConversationTurn"."createdAt" AS "ConversationTurn_createdAt" FROM "conversation_turns" "ConversationTurn" WHERE "ConversationTurn"."id" = $1 -- PARAMETERS: ["0fb34ae4-2b75-447c-bc6d-2740be43f284"]
query: UPDATE "conversation_turns" SET "outputText" = $1, "intent" = $2, "selectedAgent" = $3, "latency" = $4, "status" = $5 WHERE "id" = $6 -- PARAMETERS: ["{\"summary\":\"मुझे आपके रिकॉर्ड में HbA1c की आसान व्याख्या की जानकारी नहीं मिली। कृपया इसके सही मतलब और व्यक्तिगत सलाह के लिए अपने डॉक्टर से संपर्क करें।\",\"sections\":[{\"title\":\"स्वस्थ रहने की सलाहँ करें। संतुलित भोजन, नियमित शारीरिक गतिविधि, पर्याप्त नींद और तंबाकू से बचाव स्वस्थ रहने में सहायक हैं।\"}],\"hi\":\"मुझे आपके रिकॉर्ड में HbA1c की आसान व्याख्या की जानकारी नहीं मिली। कृपया इसके सही मतलब और व्यक्तिगत सलाह के लिए अपने डॉक्टर से संपर्क करें।\",\"en\":\"मुझे आपके रिकॉर्ड में HbA1c की आसान व्याख्या की जानकारी नहीं मिली। कृपया इसके सही मतलब और व्यक्तिगत सलाह के लिए अपने डॉक्टर से संपर्क करें।\",\"knowledge_sources\":[{\"title\":\"स्वस्थ रहने की जानकारी\",\"source\":\"VDA local demo approved knowledge\",\"version\":\"1.0\",\"domain\":\"preventive_health\"}]}","CLARIFICATION","general-health-agent",29841,"COMPLETED","0fb34ae4-2b75-447c-bc6d-2740be43f284"]
query: START TRANSACTION
query: INSERT INTO "audit_events"("id", "tenantId", "subjectAbhaRefHash", "speaker", "actingPrincipal", "correlationId", "action", "entityName", "entityId", "details", "hmacKeyId", "timestamp") VALUES (DEFAULT, $1, $2, $3, $4, $5, $6, $7, $8, $9, $10, DEFAULT) RETURNING "id", "timestamp" -- PARAMETERS: ["00000000-0000-0000-0000-000000000000","dc7ed8a42daa3de2d35480f5b489da4d70030065a329635f0f5ac493adcadabe","self","dev-host-user-123","vda-c7da3068-1ba4-4327-abd8-e2bcead8c619","turn_processed","conversation_turn","0fb34ae4-2b75-447c-bc6d-2740be43f284","{\"turn_number\":2,\"latency\":29841}","v1"]
query: COMMIT
[Nest] 13040  - 27/08/2026, 11:07:15 am     LOG [AuditService] Audit Logged: action=turn_processed correlationId=vda-c7da3068-1ba4-4327-abd8-e2bcead8c619 keyId=v1
query: COMMIT
query: SELECT "AuditEvent"."id" AS "AuditEvent_id", "AuditEvent"."tenantId" AS "AuditEvent_tenantId", "AuditEvent"."subjectAbhaRefHash" AS "AuditEvent_subjectAbhaRefHash", "AuditEvent"."speaker" AS "AuditEvent_speaker", "AuditEvent"."actingPrincipal" AS "AuditEvent_actingPrincipal", "AuditEvent"."correlationId" AS "AuditEvent_correlationId", "AuditEvent"."action" AS "AuditEvent_action", "AuditEvent"."entityName" AS "AuditEvent_entityName", "AuditEvent"."entityId" AS "AuditEvent_entityId", "AuditEvent"."details" AS "AuditEvent_details", "AuditEvent"."hmacKeyId" AS "AuditEvent_hmacKeyId", "AuditEvent"."timestamp" AS "AuditEvent_timestamp" FROM "audit_events" "AuditEvent" ORDER BY "AuditEvent"."timestamp" DESC LIMIT 50
[Nest] 13040  - 27/08/2026, 11:07:17 am     LOG [DevelopmentAuditExporter] [DEV_AUDIT_EXPORTER] Processing batch export count=50
query: SELECT "AuditEvent"."id" AS "AuditEvent_id", "AuditEvent"."tenantId" AS "AuditEvent_tenantId", "AuditEvent"."subjectAbhaRefHash" AS "AuditEvent_subjectAbhaRefHash", "AuditEvent"."speaker" AS "AuditEvent_speaker", "AuditEvent"."actingPrincipal" AS "AuditEvent_actingPrincipal", "AuditEvent"."correlationId" AS "AuditEvent_correlationId", "AuditEvent"."action" AS "AuditEvent_action", "AuditEvent"."entityName" AS "AuditEvent_entityName", "AuditEvent"."entityId" AS "AuditEvent_entityId", "AuditEvent"."details" AS "AuditEvent_details", "AuditEvent"."hmacKeyId" AS "AuditEvent_hmacKeyId", "AuditEvent"."timestamp" AS "AuditEvent_timestamp" FROM "audit_events" "AuditEvent" ORDER BY "AuditEvent"."timestamp" DESC LIMIT 50
[Nest] 13040  - 27/08/2026, 11:07:22 am     LOG [DevelopmentAuditExporter] [DEV_AUDIT_EXPORTER] Processing batch export count=50
query: SELECT "AuditEvent"."id" AS "AuditEvent_id", "AuditEvent"."tenantId" AS "AuditEvent_tenantId", "AuditEvent"."subjectAbhaRefHash" AS "AuditEvent_subjectAbhaRefHash", "AuditEvent"."speaker" AS "AuditEvent_speaker", "AuditEvent"."actingPrincipal" AS "AuditEvent_actingPrincipal", "AuditEvent"."correlationId" AS "AuditEvent_correlationId", "AuditEvent"."action" AS "AuditEvent_action", "AuditEvent"."entityName" AS "AuditEvent_entityName", "AuditEvent"."entityId" AS "AuditEvent_entityId", "AuditEvent"."details" AS "AuditEvent_details", "AuditEvent"."hmacKeyId" AS "AuditEvent_hmacKeyId", "AuditEvent"."timestamp" AS "AuditEvent_timestamp" FROM "audit_events" "AuditEvent" ORDER BY "AuditEvent"."timestamp" DESC LIMIT 50
[Nest] 13040  - 27/08/2026, 11:07:27 am     LOG [DevelopmentAuditExporter] [DEV_AUDIT_EXPORTER] Processing batch export count=50
query: SELECT "AuditEvent"."id" AS "AuditEvent_id", "AuditEvent"."tenantId" AS "AuditEvent_tenantId", "AuditEvent"."subjectAbhaRefHash" AS "AuditEvent_subjectAbhaRefHash", "AuditEvent"."speaker" AS "AuditEvent_speaker", "AuditEvent"."actingPrincipal" AS "AuditEvent_actingPrincipal", "AuditEvent"."correlationId" AS "AuditEvent_correlationId", "AuditEvent"."action" AS "AuditEvent_action", "AuditEvent"."entityName" AS "AuditEvent_entityName", "AuditEvent"."entityId" AS "AuditEvent_entityId", "AuditEvent"."details" AS "AuditEvent_details", "AuditEvent"."hmacKeyId" AS "AuditEvent_hmacKeyId", "AuditEvent"."timestamp" AS "AuditEvent_timestamp" FROM "audit_events" "AuditEvent" ORDER BY "AuditEvent"."timestamp" DESC LIMIT 50
[Nest] 13040  - 27/08/2026, 11:07:32 am     LOG [DevelopmentAuditExporter] [DEV_AUDIT_EXPORTER] Processing batch export count=50
query: SELECT "AuditEvent"."id" AS "AuditEvent_id", "AuditEvent"."tenantId" AS "AuditEvent_tenantId", "AuditEvent"."subjectAbhaRefHash" AS "AuditEvent_subjectAbhaRefHash", "AuditEvent"."speaker" AS "AuditEvent_speaker", "AuditEvent"."actingPrincipal" AS "AuditEvent_actingPrincipal", "AuditEvent"."correlationId" AS "AuditEvent_correlationId", "AuditEvent"."action" AS "AuditEvent_action", "AuditEvent"."entityName" AS "AuditEvent_entityName", "AuditEvent"."entityId" AS "AuditEvent_entityId", "AuditEvent"."details" AS "AuditEvent_details", "AuditEvent"."hmacKeyId" AS "AuditEvent_hmacKeyId", "AuditEvent"."timestamp" AS "AuditEvent_timestamp" FROM "audit_events" "AuditEvent" ORDER BY "AuditEvent"."timestamp" DESC LIMIT 50
[Nest] 13040  - 27/08/2026, 11:07:37 am     LOG [DevelopmentAuditExporter] [DEV_AUDIT_EXPORTER] Processing batch export count=50
query: SELECT "AuditEvent"."id" AS "AuditEvent_id", "AuditEvent"."tenantId" AS "AuditEvent_tenantId", "AuditEvent"."subjectAbhaRefHash" AS "AuditEvent_subjectAbhaRefHash", "AuditEvent"."speaker" AS "AuditEvent_speaker", "AuditEvent"."actingPrincipal" AS "AuditEvent_actingPrincipal", "AuditEvent"."correlationId" AS "AuditEvent_correlationId", "AuditEvent"."action" AS "AuditEvent_action", "AuditEvent"."entityName" AS "AuditEvent_entityName", "AuditEvent"."entityId" AS "AuditEvent_entityId", "AuditEvent"."details" AS "AuditEvent_details", "AuditEvent"."hmacKeyId" AS "AuditEvent_hmacKeyId", "AuditEvent"."timestamp" AS "AuditEvent_timestamp" FROM "audit_events" "AuditEvent" ORDER BY "AuditEvent"."timestamp" DESC LIMIT 50
[Nest] 13040  - 27/08/2026, 11:07:42 am     LOG [DevelopmentAuditExporter] [DEV_AUDIT_EXPORTER] Processing batch export count=50
query: SELECT "AuditEvent"."id" AS "AuditEvent_id", "AuditEvent"."tenantId" AS "AuditEvent_tenantId", "AuditEvent"."subjectAbhaRefHash" AS "AuditEvent_subjectAbhaRefHash", "AuditEvent"."speaker" AS "AuditEvent_speaker", "AuditEvent"."actingPrincipal" AS "AuditEvent_actingPrincipal", "AuditEvent"."correlationId" AS "AuditEvent_correlationId", "AuditEvent"."action" AS "AuditEvent_action", "AuditEvent"."entityName" AS "AuditEvent_entityName", "AuditEvent"."entityId" AS "AuditEvent_entityId", "AuditEvent"."details" AS "AuditEvent_details", "AuditEvent"."hmacKeyId" AS "AuditEvent_hmacKeyId", "AuditEvent"."timestamp" AS "AuditEvent_timestamp" FROM "audit_events" "AuditEvent" ORDER BY "AuditEvent"."timestamp" DESC LIMIT 50
[Nest] 13040  - 27/08/2026, 11:07:47 am     LOG [DevelopmentAuditExporter] [DEV_AUDIT_EXPORTER] Processing batch export count=50
query: SELECT "AuditEvent"."id" AS "AuditEvent_id", "AuditEvent"."tenantId" AS "AuditEvent_tenantId", "AuditEvent"."subjectAbhaRefHash" AS "AuditEvent_subjectAbhaRefHash", "AuditEvent"."speaker" AS "AuditEvent_speaker", "AuditEvent"."actingPrincipal" AS "AuditEvent_actingPrincipal", "AuditEvent"."correlationId" AS "AuditEvent_correlationId", "AuditEvent"."action" AS "AuditEvent_action", "AuditEvent"."entityName" AS "AuditEvent_entityName", "AuditEvent"."entityId" AS "AuditEvent_entityId", "AuditEvent"."details" AS "AuditEvent_details", "AuditEvent"."hmacKeyId" AS "AuditEvent_hmacKeyId", "AuditEvent"."timestamp" AS "AuditEvent_timestamp" FROM "audit_events" "AuditEvent" ORDER BY "AuditEvent"."timestamp" DESC LIMIT 50
[Nest] 13040  - 27/08/2026, 11:07:52 am     LOG [DevelopmentAuditExporter] [DEV_AUDIT_EXPORTER] Processing batch export count=50
query: SELECT "AuditEvent"."id" AS "AuditEvent_id", "AuditEvent"."tenantId" AS "AuditEvent_tenantId", "AuditEvent"."subjectAbhaRefHash" AS "AuditEvent_subjectAbhaRefHash", "AuditEvent"."speaker" AS "AuditEvent_speaker", "AuditEvent"."actingPrincipal" AS "AuditEvent_actingPrincipal", "AuditEvent"."correlationId" AS "AuditEvent_correlationId", "AuditEvent"."action" AS "AuditEvent_action", "AuditEvent"."entityName" AS "AuditEvent_entityName", "AuditEvent"."entityId" AS "AuditEvent_entityId", "AuditEvent"."details" AS "AuditEvent_details", "AuditEvent"."hmacKeyId" AS "AuditEvent_hmacKeyId", "AuditEvent"."timestamp" AS "AuditEvent_timestamp" FROM "audit_events" "AuditEvent" ORDER BY "AuditEvent"."timestamp" DESC LIMIT 50
[Nest] 13040  - 27/08/2026, 11:07:57 am     LOG [DevelopmentAuditExporter] [DEV_AUDIT_EXPORTER] Processing batch export count=50
query: SELECT "AuditEvent"."id" AS "AuditEvent_id", "AuditEvent"."tenantId" AS "AuditEvent_tenantId", "AuditEvent"."subjectAbhaRefHash" AS "AuditEvent_subjectAbhaRefHash", "AuditEvent"."speaker" AS "AuditEvent_speaker", "AuditEvent"."actingPrincipal" AS "AuditEvent_actingPrincipal", "AuditEvent"."correlationId" AS "AuditEvent_correlationId", "AuditEvent"."action" AS "AuditEvent_action", "AuditEvent"."entityName" AS "AuditEvent_entityName", "AuditEvent"."entityId" AS "AuditEvent_entityId", "AuditEvent"."details" AS "AuditEvent_details", "AuditEvent"."hmacKeyId" AS "AuditEvent_hmacKeyId", "AuditEvent"."timestamp" AS "AuditEvent_timestamp" FROM "audit_events" "AuditEvent" ORDER BY "AuditEvent"."timestamp" DESC LIMIT 50
[Nest] 13040  - 27/08/2026, 11:08:02 am     LOG [DevelopmentAuditExporter] [DEV_AUDIT_EXPORTER] Processing batch export count=50
query: SELECT "AuditEvent"."id" AS "AuditEvent_id", "AuditEvent"."tenantId" AS "AuditEvent_tenantId", "AuditEvent"."subjectAbhaRefHash" AS "AuditEvent_subjectAbhaRefHash", "AuditEvent"."speaker" AS "AuditEvent_speaker", "AuditEvent"."actingPrincipal" AS "AuditEvent_actingPrincipal", "AuditEvent"."correlationId" AS "AuditEvent_correlationId", "AuditEvent"."action" AS "AuditEvent_action", "AuditEvent"."entityName" AS "AuditEvent_entityName", "AuditEvent"."entityId" AS "AuditEvent_entityId", "AuditEvent"."details" AS "AuditEvent_details", "AuditEvent"."hmacKeyId" AS "AuditEvent_hmacKeyId", "AuditEvent"."timestamp" AS "AuditEvent_timestamp" FROM "audit_events" "AuditEvent" ORDER BY "AuditEvent"."timestamp" DESC LIMIT 50
[Nest] 13040  - 27/08/2026, 11:08:07 am     LOG [DevelopmentAuditExporter] [DEV_AUDIT_EXPORTER] Processing batch export count=50
query: SELECT "AuditEvent"."id" AS "AuditEvent_id", "AuditEvent"."tenantId" AS "AuditEvent_tenantId", "AuditEvent"."subjectAbhaRefHash" AS "AuditEvent_subjectAbhaRefHash", "AuditEvent"."speaker" AS "AuditEvent_speaker", "AuditEvent"."actingPrincipal" AS "AuditEvent_actingPrincipal", "AuditEvent"."correlationId" AS "AuditEvent_correlationId", "AuditEvent"."action" AS "AuditEvent_action", "AuditEvent"."entityName" AS "AuditEvent_entityName", "AuditEvent"."entityId" AS "AuditEvent_entityId", "AuditEvent"."details" AS "AuditEvent_details", "AuditEvent"."hmacKeyId" AS "AuditEvent_hmacKeyId", "AuditEvent"."timestamp" AS "AuditEvent_timestamp" FROM "audit_events" "AuditEvent" ORDER BY "AuditEvent"."timestamp" DESC LIMIT 50
[Nest] 13040  - 27/08/2026, 11:08:12 am     LOG [DevelopmentAuditExporter] [DEV_AUDIT_EXPORTER] Processing batch export count=50
query: SELECT "AuditEvent"."id" AS "AuditEvent_id", "AuditEvent"."tenantId" AS "AuditEvent_tenantId", "AuditEvent"."subjectAbhaRefHash" AS "AuditEvent_subjectAbhaRefHash", "AuditEvent"."speaker" AS "AuditEvent_speaker", "AuditEvent"."actingPrincipal" AS "AuditEvent_actingPrincipal", "AuditEvent"."correlationId" AS "AuditEvent_correlationId", "AuditEvent"."action" AS "AuditEvent_action", "AuditEvent"."entityName" AS "AuditEvent_entityName", "AuditEvent"."entityId" AS "AuditEvent_entityId", "AuditEvent"."details" AS "AuditEvent_details", "AuditEvent"."hmacKeyId" AS "AuditEvent_hmacKeyId", "AuditEvent"."timestamp" AS "AuditEvent_timestamp" FROM "audit_events" "AuditEvent" ORDER BY "AuditEvent"."timestamp" DESC LIMIT 50
[Nest] 13040  - 27/08/2026, 11:08:17 am     LOG [DevelopmentAuditExporter] [DEV_AUDIT_EXPORTER] Processing batch export count=50
query: SELECT "AuditEvent"."id" AS "AuditEvent_id", "AuditEvent"."tenantId" AS "AuditEvent_tenantId", "AuditEvent"."subjectAbhaRefHash" AS "AuditEvent_subjectAbhaRefHash", "AuditEvent"."speaker" AS "AuditEvent_speaker", "AuditEvent"."actingPrincipal" AS "AuditEvent_actingPrincipal", "AuditEvent"."correlationId" AS "AuditEvent_correlationId", "AuditEvent"."action" AS "AuditEvent_action", "AuditEvent"."entityName" AS "AuditEvent_entityName", "AuditEvent"."entityId" AS "AuditEvent_entityId", "AuditEvent"."details" AS "AuditEvent_details", "AuditEvent"."hmacKeyId" AS "AuditEvent_hmacKeyId", "AuditEvent"."timestamp" AS "AuditEvent_timestamp" FROM "audit_events" "AuditEvent" ORDER BY "AuditEvent"."timestamp" DESC LIMIT 50
[Nest] 13040  - 27/08/2026, 11:08:22 am     LOG [DevelopmentAuditExporter] [DEV_AUDIT_EXPORTER] Processing batch export count=50
query: SELECT "AuditEvent"."id" AS "AuditEvent_id", "AuditEvent"."tenantId" AS "AuditEvent_tenantId", "AuditEvent"."subjectAbhaRefHash" AS "AuditEvent_subjectAbhaRefHash", "AuditEvent"."speaker" AS "AuditEvent_speaker", "AuditEvent"."actingPrincipal" AS "AuditEvent_actingPrincipal", "AuditEvent"."correlationId" AS "AuditEvent_correlationId", "AuditEvent"."action" AS "AuditEvent_action", "AuditEvent"."entityName" AS "AuditEvent_entityName", "AuditEvent"."entityId" AS "AuditEvent_entityId", "AuditEvent"."details" AS "AuditEvent_details", "AuditEvent"."hmacKeyId" AS "AuditEvent_hmacKeyId", "AuditEvent"."timestamp" AS "AuditEvent_timestamp" FROM "audit_events" "AuditEvent" ORDER BY "AuditEvent"."timestamp" DESC LIMIT 50
[Nest] 13040  - 27/08/2026, 11:08:27 am     LOG [DevelopmentAuditExporter] [DEV_AUDIT_EXPORTER] Processing batch export count=50
query: SELECT "AuditEvent"."id" AS "AuditEvent_id", "AuditEvent"."tenantId" AS "AuditEvent_tenantId", "AuditEvent"."subjectAbhaRefHash" AS "AuditEvent_subjectAbhaRefHash", "AuditEvent"."speaker" AS "AuditEvent_speaker", "AuditEvent"."actingPrincipal" AS "AuditEvent_actingPrincipal", "AuditEvent"."correlationId" AS "AuditEvent_correlationId", "AuditEvent"."action" AS "AuditEvent_action", "AuditEvent"."entityName" AS "AuditEvent_entityName", "AuditEvent"."entityId" AS "AuditEvent_entityId", "AuditEvent"."details" AS "AuditEvent_details", "AuditEvent"."hmacKeyId" AS "AuditEvent_hmacKeyId", "AuditEvent"."timestamp" AS "AuditEvent_timestamp" FROM "audit_events" "AuditEvent" ORDER BY "AuditEvent"."timestamp" DESC LIMIT 50
[Nest] 13040  - 27/08/2026, 11:08:32 am     LOG [DevelopmentAuditExporter] [DEV_AUDIT_EXPORTER] Processing batch export count=50
query: SELECT "AuditEvent"."id" AS "AuditEvent_id", "AuditEvent"."tenantId" AS "AuditEvent_tenantId", "AuditEvent"."subjectAbhaRefHash" AS "AuditEvent_subjectAbhaRefHash", "AuditEvent"."speaker" AS "AuditEvent_speaker", "AuditEvent"."actingPrincipal" AS "AuditEvent_actingPrincipal", "AuditEvent"."correlationId" AS "AuditEvent_correlationId", "AuditEvent"."action" AS "AuditEvent_action", "AuditEvent"."entityName" AS "AuditEvent_entityName", "AuditEvent"."entityId" AS "AuditEvent_entityId", "AuditEvent"."details" AS "AuditEvent_details", "AuditEvent"."hmacKeyId" AS "AuditEvent_hmacKeyId", "AuditEvent"."timestamp" AS "AuditEvent_timestamp" FROM "audit_events" "AuditEvent" ORDER BY "AuditEvent"."timestamp" DESC LIMIT 50
[Nest] 13040  - 27/08/2026, 11:08:37 am     LOG [DevelopmentAuditExporter] [DEV_AUDIT_EXPORTER] Processing batch export count=50
query: SELECT "AuditEvent"."id" AS "AuditEvent_id", "AuditEvent"."tenantId" AS "AuditEvent_tenantId", "AuditEvent"."subjectAbhaRefHash" AS "AuditEvent_subjectAbhaRefHash", "AuditEvent"."speaker" AS "AuditEvent_speaker", "AuditEvent"."actingPrincipal" AS "AuditEvent_actingPrincipal", "AuditEvent"."correlationId" AS "AuditEvent_correlationId", "AuditEvent"."action" AS "AuditEvent_action", "AuditEvent"."entityName" AS "AuditEvent_entityName", "AuditEvent"."entityId" AS "AuditEvent_entityId", "AuditEvent"."details" AS "AuditEvent_details", "AuditEvent"."hmacKeyId" AS "AuditEvent_hmacKeyId", "AuditEvent"."timestamp" AS "AuditEvent_timestamp" FROM "audit_events" "AuditEvent" ORDER BY "AuditEvent"."timestamp" DESC LIMIT 50
[Nest] 13040  - 27/08/2026, 11:08:42 am     LOG [DevelopmentAuditExporter] [DEV_AUDIT_EXPORTER] Processing batch export count=50
query: SELECT "AuditEvent"."id" AS "AuditEvent_id", "AuditEvent"."tenantId" AS "AuditEvent_tenantId", "AuditEvent"."subjectAbhaRefHash" AS "AuditEvent_subjectAbhaRefHash", "AuditEvent"."speaker" AS "AuditEvent_speaker", "AuditEvent"."actingPrincipal" AS "AuditEvent_actingPrincipal", "AuditEvent"."correlationId" AS "AuditEvent_correlationId", "AuditEvent"."action" AS "AuditEvent_action", "AuditEvent"."entityName" AS "AuditEvent_entityName", "AuditEvent"."entityId" AS "AuditEvent_entityId", "AuditEvent"."details" AS "AuditEvent_details", "AuditEvent"."hmacKeyId" AS "AuditEvent_hmacKeyId", "AuditEvent"."timestamp" AS "AuditEvent_timestamp" FROM "audit_events" "AuditEvent" ORDER BY "AuditEvent"."timestamp" DESC LIMIT 50
[Nest] 13040  - 27/08/2026, 11:08:47 am     LOG [DevelopmentAuditExporter] [DEV_AUDIT_EXPORTER] Processing batch export count=50
query: SELECT "AuditEvent"."id" AS "AuditEvent_id", "AuditEvent"."tenantId" AS "AuditEvent_tenantId", "AuditEvent"."subjectAbhaRefHash" AS "AuditEvent_subjectAbhaRefHash", "AuditEvent"."speaker" AS "AuditEvent_speaker", "AuditEvent"."actingPrincipal" AS "AuditEvent_actingPrincipal", "AuditEvent"."correlationId" AS "AuditEvent_correlationId", "AuditEvent"."action" AS "AuditEvent_action", "AuditEvent"."entityName" AS "AuditEvent_entityName", "AuditEvent"."entityId" AS "AuditEvent_entityId", "AuditEvent"."details" AS "AuditEvent_details", "AuditEvent"."hmacKeyId" AS "AuditEvent_hmacKeyId", "AuditEvent"."timestamp" AS "AuditEvent_timestamp" FROM "audit_events" "AuditEvent" ORDER BY "AuditEvent"."timestamp" DESC LIMIT 50
[Nest] 13040  - 27/08/2026, 11:08:52 am     LOG [DevelopmentAuditExporter] [DEV_AUDIT_EXPORTER] Processing batch export count=50
query: SELECT "AuditEvent"."id" AS "AuditEvent_id", "AuditEvent"."tenantId" AS "AuditEvent_tenantId", "AuditEvent"."subjectAbhaRefHash" AS "AuditEvent_subjectAbhaRefHash", "AuditEvent"."speaker" AS "AuditEvent_speaker", "AuditEvent"."actingPrincipal" AS "AuditEvent_actingPrincipal", "AuditEvent"."correlationId" AS "AuditEvent_correlationId", "AuditEvent"."action" AS "AuditEvent_action", "AuditEvent"."entityName" AS "AuditEvent_entityName", "AuditEvent"."entityId" AS "AuditEvent_entityId", "AuditEvent"."details" AS "AuditEvent_details", "AuditEvent"."hmacKeyId" AS "AuditEvent_hmacKeyId", "AuditEvent"."timestamp" AS "AuditEvent_timestamp" FROM "audit_events" "AuditEvent" ORDER BY "AuditEvent"."timestamp" DESC LIMIT 50
[Nest] 13040  - 27/08/2026, 11:08:57 am     LOG [DevelopmentAuditExporter] [DEV_AUDIT_EXPORTER] Processing batch export count=50
query: SELECT "AuditEvent"."id" AS "AuditEvent_id", "AuditEvent"."tenantId" AS "AuditEvent_tenantId", "AuditEvent"."subjectAbhaRefHash" AS "AuditEvent_subjectAbhaRefHash", "AuditEvent"."speaker" AS "AuditEvent_speaker", "AuditEvent"."actingPrincipal" AS "AuditEvent_actingPrincipal", "AuditEvent"."correlationId" AS "AuditEvent_correlationId", "AuditEvent"."action" AS "AuditEvent_action", "AuditEvent"."entityName" AS "AuditEvent_entityName", "AuditEvent"."entityId" AS "AuditEvent_entityId", "AuditEvent"."details" AS "AuditEvent_details", "AuditEvent"."hmacKeyId" AS "AuditEvent_hmacKeyId", "AuditEvent"."timestamp" AS "AuditEvent_timestamp" FROM "audit_events" "AuditEvent" ORDER BY "AuditEvent"."timestamp" DESC LIMIT 50
[Nest] 13040  - 27/08/2026, 11:09:02 am     LOG [DevelopmentAuditExporter] [DEV_AUDIT_EXPORTER] Processing batch export count=50
query: SELECT "AuditEvent"."id" AS "AuditEvent_id", "AuditEvent"."tenantId" AS "AuditEvent_tenantId", "AuditEvent"."subjectAbhaRefHash" AS "AuditEvent_subjectAbhaRefHash", "AuditEvent"."speaker" AS "AuditEvent_speaker", "AuditEvent"."actingPrincipal" AS "AuditEvent_actingPrincipal", "AuditEvent"."correlationId" AS "AuditEvent_correlationId", "AuditEvent"."action" AS "AuditEvent_action", "AuditEvent"."entityName" AS "AuditEvent_entityName", "AuditEvent"."entityId" AS "AuditEvent_entityId", "AuditEvent"."details" AS "AuditEvent_details", "AuditEvent"."hmacKeyId" AS "AuditEvent_hmacKeyId", "AuditEvent"."timestamp" AS "AuditEvent_timestamp" FROM "audit_events" "AuditEvent" ORDER BY "AuditEvent"."timestamp" DESC LIMIT 50
[Nest] 13040  - 27/08/2026, 11:09:07 am     LOG [DevelopmentAuditExporter] [DEV_AUDIT_EXPORTER] Processing batch export count=50
query: SELECT "AuditEvent"."id" AS "AuditEvent_id", "AuditEvent"."tenantId" AS "AuditEvent_tenantId", "AuditEvent"."subjectAbhaRefHash" AS "AuditEvent_subjectAbhaRefHash", "AuditEvent"."speaker" AS "AuditEvent_speaker", "AuditEvent"."actingPrincipal" AS "AuditEvent_actingPrincipal", "AuditEvent"."correlationId" AS "AuditEvent_correlationId", "AuditEvent"."action" AS "AuditEvent_action", "AuditEvent"."entityName" AS "AuditEvent_entityName", "AuditEvent"."entityId" AS "AuditEvent_entityId", "AuditEvent"."details" AS "AuditEvent_details", "AuditEvent"."hmacKeyId" AS "AuditEvent_hmacKeyId", "AuditEvent"."timestamp" AS "AuditEvent_timestamp" FROM "audit_events" "AuditEvent" ORDER BY "AuditEvent"."timestamp" DESC LIMIT 50
[Nest] 13040  - 27/08/2026, 11:09:12 am     LOG [DevelopmentAuditExporter] [DEV_AUDIT_EXPORTER] Processing batch export count=50
query: SELECT "AuditEvent"."id" AS "AuditEvent_id", "AuditEvent"."tenantId" AS "AuditEvent_tenantId", "AuditEvent"."subjectAbhaRefHash" AS "AuditEvent_subjectAbhaRefHash", "AuditEvent"."speaker" AS "AuditEvent_speaker", "AuditEvent"."actingPrincipal" AS "AuditEvent_actingPrincipal", "AuditEvent"."correlationId" AS "AuditEvent_correlationId", "AuditEvent"."action" AS "AuditEvent_action", "AuditEvent"."entityName" AS "AuditEvent_entityName", "AuditEvent"."entityId" AS "AuditEvent_entityId", "AuditEvent"."details" AS "AuditEvent_details", "AuditEvent"."hmacKeyId" AS "AuditEvent_hmacKeyId", "AuditEvent"."timestamp" AS "AuditEvent_timestamp" FROM "audit_events" "AuditEvent" ORDER BY "AuditEvent"."timestamp" DESC LIMIT 50
[Nest] 13040  - 27/08/2026, 11:09:17 am     LOG [DevelopmentAuditExporter] [DEV_AUDIT_EXPORTER] Processing batch export count=50
query: SELECT "AuditEvent"."id" AS "AuditEvent_id", "AuditEvent"."tenantId" AS "AuditEvent_tenantId", "AuditEvent"."subjectAbhaRefHash" AS "AuditEvent_subjectAbhaRefHash", "AuditEvent"."speaker" AS "AuditEvent_speaker", "AuditEvent"."actingPrincipal" AS "AuditEvent_actingPrincipal", "AuditEvent"."correlationId" AS "AuditEvent_correlationId", "AuditEvent"."action" AS "AuditEvent_action", "AuditEvent"."entityName" AS "AuditEvent_entityName", "AuditEvent"."entityId" AS "AuditEvent_entityId", "AuditEvent"."details" AS "AuditEvent_details", "AuditEvent"."hmacKeyId" AS "AuditEvent_hmacKeyId", "AuditEvent"."timestamp" AS "AuditEvent_timestamp" FROM "audit_events" "AuditEvent" ORDER BY "AuditEvent"."timestamp" DESC LIMIT 50
[Nest] 13040  - 27/08/2026, 11:09:22 am     LOG [DevelopmentAuditExporter] [DEV_AUDIT_EXPORTER] Processing batch export count=50
query: SELECT "AuditEvent"."id" AS "AuditEvent_id", "AuditEvent"."tenantId" AS "AuditEvent_tenantId", "AuditEvent"."subjectAbhaRefHash" AS "AuditEvent_subjectAbhaRefHash", "AuditEvent"."speaker" AS "AuditEvent_speaker", "AuditEvent"."actingPrincipal" AS "AuditEvent_actingPrincipal", "AuditEvent"."correlationId" AS "AuditEvent_correlationId", "AuditEvent"."action" AS "AuditEvent_action", "AuditEvent"."entityName" AS "AuditEvent_entityName", "AuditEvent"."entityId" AS "AuditEvent_entityId", "AuditEvent"."details" AS "AuditEvent_details", "AuditEvent"."hmacKeyId" AS "AuditEvent_hmacKeyId", "AuditEvent"."timestamp" AS "AuditEvent_timestamp" FROM "audit_events" "AuditEvent" ORDER BY "AuditEvent"."timestamp" DESC LIMIT 50
[Nest] 13040  - 27/08/2026, 11:09:27 am     LOG [DevelopmentAuditExporter] [DEV_AUDIT_EXPORTER] Processing batch export count=50
