[Nest] 29352  - 27/08/2026, 11:10:52 am     LOG [NestFactory] Starting Nest application...
[Nest] 29352  - 27/08/2026, 11:10:52 am     LOG [InstanceLoader] TypeOrmModule dependencies initialized +32ms
[Nest] 29352  - 27/08/2026, 11:10:52 am     LOG [InstanceLoader] TenantsModule dependencies initialized +1ms
[Nest] 29352  - 27/08/2026, 11:10:52 am     LOG [InstanceLoader] UsersModule dependencies initialized +0ms
[Nest] 29352  - 27/08/2026, 11:10:52 am     LOG [InstanceLoader] PiiModule dependencies initialized +1ms
[Nest] 29352  - 27/08/2026, 11:10:52 am     LOG [InstanceLoader] SafetyModule dependencies initialized +1ms
[Nest] 29352  - 27/08/2026, 11:10:52 am     LOG [InstanceLoader] WorkflowsModule dependencies initialized +0ms
[Nest] 29352  - 27/08/2026, 11:10:52 am     LOG [InstanceLoader] OrchestrationModule dependencies initialized +1ms
[Nest] 29352  - 27/08/2026, 11:10:52 am     LOG [InstanceLoader] RagModule dependencies initialized +0ms
[Nest] 29352  - 27/08/2026, 11:10:52 am     LOG [InstanceLoader] EscalationModule dependencies initialized +0ms
[Nest] 29352  - 27/08/2026, 11:10:52 am     LOG [InstanceLoader] ReviewModule dependencies initialized +1ms
[Nest] 29352  - 27/08/2026, 11:10:52 am     LOG [InstanceLoader] NotificationsModule dependencies initialized +0ms
[Nest] 29352  - 27/08/2026, 11:10:52 am     LOG [InstanceLoader] CommonModule dependencies initialized +1ms
[Nest] 29352  - 27/08/2026, 11:10:52 am     LOG [InstanceLoader] ConfigHostModule dependencies initialized +0ms
[Nest] 29352  - 27/08/2026, 11:10:52 am     LOG [InstanceLoader] ConfigModule dependencies initialized +1ms
[Nest] 29352  - 27/08/2026, 11:10:52 am     LOG [InstanceLoader] AgentsModule dependencies initialized +0ms
[Nest] 29352  - 27/08/2026, 11:10:52 am     LOG [InstanceLoader] ConfigurationModule dependencies initialized +2ms
[Nest] 29352  - 27/08/2026, 11:10:52 am     LOG [InstanceLoader] RedisModule dependencies initialized +1ms
[Nest] 29352  - 27/08/2026, 11:10:52 am     LOG [InstanceLoader] DatabaseModule dependencies initialized +0ms
[Nest] 29352  - 27/08/2026, 11:10:52 am     LOG [InstanceLoader] AuthModule dependencies initialized +0ms
[Nest] 29352  - 27/08/2026, 11:10:52 am     LOG [InstanceLoader] ObservabilityModule dependencies initialized +40ms
[Nest] 29352  - 27/08/2026, 11:10:52 am     LOG [InstanceLoader] VoiceModule dependencies initialized +1ms
[Nest] 29352  - 27/08/2026, 11:10:52 am     LOG [LocalSemanticEmbeddingProvider] Local ONNX embedding worker initialized (all-MiniLM-L6-v2, 384-dim)
[Nest] 29352  - 27/08/2026, 11:10:52 am     LOG [RedisService] Redis connected successfully
query: SELECT version()
query: SELECT * FROM current_schema()
query: CREATE EXTENSION IF NOT EXISTS "uuid-ossp"
query: CREATE EXTENSION IF NOT EXISTS "vector"
[Nest] 29352  - 27/08/2026, 11:10:52 am     LOG [InstanceLoader] AppModule dependencies initialized +51ms
[Nest] 29352  - 27/08/2026, 11:10:52 am     LOG [InstanceLoader] TypeOrmCoreModule dependencies initialized +1ms
[Nest] 29352  - 27/08/2026, 11:10:52 am     LOG [InstanceLoader] TypeOrmModule dependencies initialized +0ms
[Nest] 29352  - 27/08/2026, 11:10:52 am     LOG [InstanceLoader] TypeOrmModule dependencies initialized +0ms
[Nest] 29352  - 27/08/2026, 11:10:52 am     LOG [InstanceLoader] TypeOrmModule dependencies initialized +0ms
[Nest] 29352  - 27/08/2026, 11:10:52 am     LOG [InstanceLoader] TypeOrmModule dependencies initialized +1ms
[Nest] 29352  - 27/08/2026, 11:10:52 am     LOG [InstanceLoader] TypeOrmModule dependencies initialized +0ms
[Nest] 29352  - 27/08/2026, 11:10:52 am     LOG [InstanceLoader] TypeOrmModule dependencies initialized +0ms
[Nest] 29352  - 27/08/2026, 11:10:52 am     LOG [InstanceLoader] TypeOrmModule dependencies initialized +0ms
[Nest] 29352  - 27/08/2026, 11:10:52 am     LOG [InstanceLoader] TypeOrmModule dependencies initialized +0ms
[Nest] 29352  - 27/08/2026, 11:10:52 am     LOG [InstanceLoader] TypeOrmModule dependencies initialized +0ms
[Nest] 29352  - 27/08/2026, 11:10:52 am     LOG [InstanceLoader] TypeOrmModule dependencies initialized +1ms
[Nest] 29352  - 27/08/2026, 11:10:52 am     LOG [InstanceLoader] TypeOrmModule dependencies initialized +0ms
[Nest] 29352  - 27/08/2026, 11:10:52 am     LOG [InstanceLoader] TypeOrmModule dependencies initialized +0ms
[Nest] 29352  - 27/08/2026, 11:10:52 am     LOG [InstanceLoader] ConsentModule dependencies initialized +1ms
[Nest] 29352  - 27/08/2026, 11:10:52 am     LOG [InstanceLoader] AuditModule dependencies initialized +0ms
[Nest] 29352  - 27/08/2026, 11:10:52 am     LOG [InstanceLoader] HealthModule dependencies initialized +1ms
[Nest] 29352  - 27/08/2026, 11:10:52 am     LOG [AbdmModule] ABDM_ENABLED is false. Registering DevelopmentHealthRecordService with synthetic fixtures.
[Nest] 29352  - 27/08/2026, 11:10:52 am     LOG [InstanceLoader] SchemeModule dependencies initialized +1ms
[Nest] 29352  - 27/08/2026, 11:10:52 am     LOG [InstanceLoader] DevDemoModule dependencies initialized +0ms
[Nest] 29352  - 27/08/2026, 11:10:52 am     LOG [InstanceLoader] FacilityModule dependencies initialized +0ms
[Nest] 29352  - 27/08/2026, 11:10:52 am     LOG [InstanceLoader] MedicationModule dependencies initialized +1ms
[Nest] 29352  - 27/08/2026, 11:10:52 am     LOG [InstanceLoader] KnowledgeModule dependencies initialized +0ms
[Nest] 29352  - 27/08/2026, 11:10:52 am     LOG [InstanceLoader] EvaluationModule dependencies initialized +0ms
[Nest] 29352  - 27/08/2026, 11:10:52 am     LOG [InstanceLoader] SessionsModule dependencies initialized +0ms
[Nest] 29352  - 27/08/2026, 11:10:52 am     LOG [InstanceLoader] AiModule dependencies initialized +0ms
[Nest] 29352  - 27/08/2026, 11:10:52 am     LOG [InstanceLoader] AbdmModule dependencies initialized +1ms
[Nest] 29352  - 27/08/2026, 11:10:52 am     LOG [InstanceLoader] PrescriptionModule dependencies initialized +0ms
[Nest] 29352  - 27/08/2026, 11:10:52 am     LOG [InstanceLoader] ConversationsModule dependencies initialized +0ms
[Nest] 29352  - 27/08/2026, 11:10:52 am    WARN [LegacyRouteConverter] Unsupported route path: "/api/v1/*". In previous versions, the symbols ?, *, and + were used to denote optional or repeating path parameters. The latest version of "path-to-regexp" now requires the use of named parameters. For example, instead of using a route like /users/* to capture all routes starting with "/users", you should use /users/*path. For more details, refer to the migration guide. Attempting to auto-convert to "/api/v1/{*path}"...
[Nest] 29352  - 27/08/2026, 11:10:52 am     LOG [RoutesResolver] AppController {/api/v1}: +1ms
[Nest] 29352  - 27/08/2026, 11:10:52 am     LOG [RouterExplorer] Mapped {/api/v1, GET} route +3ms
[Nest] 29352  - 27/08/2026, 11:10:52 am     LOG [RouterExplorer] Mapped {/api/v1/health, GET} route +0ms
[Nest] 29352  - 27/08/2026, 11:10:52 am     LOG [RoutesResolver] SessionsController {/api/v1/sessions}: +0ms
[Nest] 29352  - 27/08/2026, 11:10:52 am     LOG [RouterExplorer] Mapped {/api/v1/sessions, POST} route +1ms
[Nest] 29352  - 27/08/2026, 11:10:52 am     LOG [RouterExplorer] Mapped {/api/v1/sessions/:session_id/close, POST} route +1ms
[Nest] 29352  - 27/08/2026, 11:10:52 am     LOG [RoutesResolver] TurnsController {/api/v1/sessions/:session_id/turns}: +0ms
[Nest] 29352  - 27/08/2026, 11:10:52 am     LOG [RouterExplorer] Mapped {/api/v1/sessions/:session_id/turns, POST} route +1ms
[Nest] 29352  - 27/08/2026, 11:10:52 am     LOG [RoutesResolver] AbdmHiuCallbackController {/api/v1/api/v3/hiu}: +0ms
[Nest] 29352  - 27/08/2026, 11:10:52 am     LOG [RouterExplorer] Mapped {/api/v1/api/v3/hiu/consent/request/on-init, POST} route +1ms
[Nest] 29352  - 27/08/2026, 11:10:52 am     LOG [RouterExplorer] Mapped {/api/v1/api/v3/hiu/consent/request/notify, POST} route +0ms
[Nest] 29352  - 27/08/2026, 11:10:52 am     LOG [RouterExplorer] Mapped {/api/v1/api/v3/hiu/consent/on-fetch, POST} route +1ms
[Nest] 29352  - 27/08/2026, 11:10:52 am     LOG [RouterExplorer] Mapped {/api/v1/api/v3/hiu/health-information/on-request, POST} route +0ms
[Nest] 29352  - 27/08/2026, 11:10:52 am     LOG [RouterExplorer] Mapped {/api/v1/api/v3/hiu/data/notification, POST} route +1ms
[Nest] 29352  - 27/08/2026, 11:10:52 am     LOG [RoutesResolver] DevDemoController {/api/v1/dev/demo}: +0ms
[Nest] 29352  - 27/08/2026, 11:10:52 am     LOG [RouterExplorer] Mapped {/api/v1/dev/demo/session, POST} route +1ms
[Nest] 29352  - 27/08/2026, 11:10:52 am     LOG [RouterExplorer] Mapped {/api/v1/dev/demo/patients, GET} route +0ms
[Nest] 29352  - 27/08/2026, 11:10:52 am     LOG [RouterExplorer] Mapped {/api/v1/dev/demo/patients, POST} route +0ms
[Nest] 29352  - 27/08/2026, 11:10:52 am     LOG [RouterExplorer] Mapped {/api/v1/dev/demo/patients/:id, GET} route +1ms
[Nest] 29352  - 27/08/2026, 11:10:52 am     LOG [RouterExplorer] Mapped {/api/v1/dev/demo/patients/:id, PATCH} route +0ms
[Nest] 29352  - 27/08/2026, 11:10:52 am     LOG [RouterExplorer] Mapped {/api/v1/dev/demo/patients/:id, DELETE} route +1ms
[Nest] 29352  - 27/08/2026, 11:10:52 am     LOG [RouterExplorer] Mapped {/api/v1/dev/demo/patients/:id/session, POST} route +0ms
[Nest] 29352  - 27/08/2026, 11:10:52 am     LOG [RouterExplorer] Mapped {/api/v1/dev/demo/feedback, POST} route +1ms
[Nest] 29352  - 27/08/2026, 11:10:52 am     LOG [RoutesResolver] PrescriptionController {/api/v1/dev/demo/patients/:patientId/prescriptions}: +0ms
[Nest] 29352  - 27/08/2026, 11:10:52 am     LOG [RouterExplorer] Mapped {/api/v1/dev/demo/patients/:patientId/prescriptions, POST} route +0ms
[Nest] 29352  - 27/08/2026, 11:10:52 am     LOG [RouterExplorer] Mapped {/api/v1/dev/demo/patients/:patientId/prescriptions, GET} route +1ms
[Nest] 29352  - 27/08/2026, 11:10:52 am     LOG [RouterExplorer] Mapped {/api/v1/dev/demo/patients/:patientId/prescriptions/:id/approve, POST} route +0ms
[Nest] 29352  - 27/08/2026, 11:10:52 am     LOG [RoutesResolver] AdminKnowledgeController {/api/v1/admin/knowledge}: +0ms
[Nest] 29352  - 27/08/2026, 11:10:52 am     LOG [RouterExplorer] Mapped {/api/v1/admin/knowledge/documents, POST} route +1ms
[Nest] 29352  - 27/08/2026, 11:10:52 am     LOG [RouterExplorer] Mapped {/api/v1/admin/knowledge/documents, GET} route +0ms
[Nest] 29352  - 27/08/2026, 11:10:52 am     LOG [RouterExplorer] Mapped {/api/v1/admin/knowledge/documents/:id, GET} route +0ms
[Nest] 29352  - 27/08/2026, 11:10:52 am     LOG [RouterExplorer] Mapped {/api/v1/admin/knowledge/documents/:id, PATCH} route +0ms
[Nest] 29352  - 27/08/2026, 11:10:52 am     LOG [RouterExplorer] Mapped {/api/v1/admin/knowledge/documents/:id, DELETE} route +0ms
[Nest] 29352  - 27/08/2026, 11:10:52 am     LOG [RouterExplorer] Mapped {/api/v1/admin/knowledge/documents/:id/process, POST} route +1ms
[Nest] 29352  - 27/08/2026, 11:10:52 am     LOG [RouterExplorer] Mapped {/api/v1/admin/knowledge/documents/:id/approve, POST} route +0ms
[Nest] 29352  - 27/08/2026, 11:10:52 am     LOG [RouterExplorer] Mapped {/api/v1/admin/knowledge/documents/:id/publish, POST} route +0ms
[Nest] 29352  - 27/08/2026, 11:10:52 am     LOG [RouterExplorer] Mapped {/api/v1/admin/knowledge/documents/:id/supersede, POST} route +0ms
[Nest] 29352  - 27/08/2026, 11:10:52 am     LOG [RouterExplorer] Mapped {/api/v1/admin/knowledge/reindex, POST} route +1ms
[Nest] 29352  - 27/08/2026, 11:10:52 am     LOG [RouterExplorer] Mapped {/api/v1/admin/knowledge/search, GET} route +0ms
[Nest] 29352  - 27/08/2026, 11:10:52 am     LOG [RoutesResolver] MetricsController {/api/v1/metrics}: +0ms
[Nest] 29352  - 27/08/2026, 11:10:52 am     LOG [RouterExplorer] Mapped {/metrics, GET} route +0ms
[Nest] 29352  - 27/08/2026, 11:10:52 am     LOG [RoutesResolver] MedicationController {/api/v1/dev/demo/patients/:patientId/medications}: +1ms
[Nest] 29352  - 27/08/2026, 11:10:52 am     LOG [RouterExplorer] Mapped {/api/v1/dev/demo/patients/:patientId/medications, GET} route +0ms
[Nest] 29352  - 27/08/2026, 11:10:52 am     LOG [RouterExplorer] Mapped {/api/v1/dev/demo/patients/:patientId/medications/:medicationId/confirm, POST} route +0ms
[Nest] 29352  - 27/08/2026, 11:10:52 am     LOG [RouterExplorer] Mapped {/api/v1/dev/demo/patients/:patientId/medications/adherence/events, GET} route +0ms
[Nest] 29352  - 27/08/2026, 11:10:52 am     LOG [RouterExplorer] Mapped {/api/v1/dev/demo/patients/:patientId/medications/:medicationId/adherence, POST} route +1ms
[Nest] 29352  - 27/08/2026, 11:10:52 am     LOG [RouterExplorer] Mapped {/api/v1/dev/demo/patients/:patientId/medications/:medicationId/adherence/prompt-eligibility/:scheduledDate/:scheduleSlot, GET} route +0ms
[Nest] 29352  - 27/08/2026, 11:10:52 am     LOG [RoutesResolver] FacilityAdminController {/api/v1/admin/facilities}: +0ms
[Nest] 29352  - 27/08/2026, 11:10:52 am     LOG [RouterExplorer] Mapped {/api/v1/admin/facilities/import/structured, POST} route +1ms
[Nest] 29352  - 27/08/2026, 11:10:52 am     LOG [RouterExplorer] Mapped {/api/v1/admin/facilities/import/documents/:documentId, POST} route +0ms
[Nest] 29352  - 27/08/2026, 11:10:52 am     LOG [RouterExplorer] Mapped {/api/v1/admin/facilities/import/documents/:documentId/file, POST} route +0ms
[Nest] 29352  - 27/08/2026, 11:10:52 am     LOG [RouterExplorer] Mapped {/api/v1/admin/facilities, GET} route +0ms
[Nest] 29352  - 27/08/2026, 11:10:52 am     LOG [RoutesResolver] SchemeAdminController {/api/v1/admin/schemes}: +0ms
[Nest] 29352  - 27/08/2026, 11:10:52 am     LOG [RouterExplorer] Mapped {/api/v1/admin/schemes, GET} route +1ms
[Nest] 29352  - 27/08/2026, 11:10:52 am     LOG [RouterExplorer] Mapped {/api/v1/admin/schemes, POST} route +0ms
[Nest] 29352  - 27/08/2026, 11:10:52 am     LOG [RouterExplorer] Mapped {/api/v1/admin/schemes/:schemeId/eligibility, GET} route +1ms
[Nest] 29352  - 27/08/2026, 11:10:52 am     LOG [RoutesResolver] RagEvaluationController {/api/v1/admin/evaluation}: +0ms
[Nest] 29352  - 27/08/2026, 11:10:52 am     LOG [RouterExplorer] Mapped {/api/v1/admin/evaluation/rag-quality, GET} route +0ms
[Nest] 29352  - 27/08/2026, 11:10:52 am     LOG [RouterExplorer] Mapped {/api/v1/admin/evaluation/dashboard-summary, GET} route +1ms
[Nest] 29352  - 27/08/2026, 11:10:52 am     LOG [RouterExplorer] Mapped {/api/v1/admin/evaluation/rag-quality/run-controlled, POST} route +1ms
[Nest] 29352  - 27/08/2026, 11:10:52 am     LOG [RoutesResolver] HealthDiagnosticsController {/api/v1/health}: +0ms
[Nest] 29352  - 27/08/2026, 11:10:52 am     LOG [RouterExplorer] Mapped {/api/v1/health/liveness, GET} route +0ms
[Nest] 29352  - 27/08/2026, 11:10:52 am     LOG [RouterExplorer] Mapped {/api/v1/health/readiness, GET} route +1ms
[Nest] 29352  - 27/08/2026, 11:10:52 am     LOG [RouterExplorer] Mapped {/api/v1/health, GET} route +0ms
[Nest] 29352  - 27/08/2026, 11:10:52 am     LOG [RoutesResolver] VoiceController {/api/v1/voice}: +0ms
[Nest] 29352  - 27/08/2026, 11:10:52 am     LOG [RouterExplorer] Mapped {/api/v1/voice/stt, POST} route +0ms
[Nest] 29352  - 27/08/2026, 11:10:52 am     LOG [RouterExplorer] Mapped {/api/v1/voice/tts, POST} route +1ms
[Nest] 29352  - 27/08/2026, 11:10:52 am     LOG [AuditExporterService] Starting background audit exporter loop intervalMs=5000
[Nest] 29352  - 27/08/2026, 11:10:52 am     LOG [AgentRegistryService] Registered agent: medication-agent
[Nest] 29352  - 27/08/2026, 11:10:52 am     LOG [AgentRegistryService] Registered agent: lab-report-agent
[Nest] 29352  - 27/08/2026, 11:10:52 am     LOG [AgentRegistryService] Registered agent: diagnosis-agent
[Nest] 29352  - 27/08/2026, 11:10:52 am     LOG [AgentRegistryService] Registered agent: allergy-agent
[Nest] 29352  - 27/08/2026, 11:10:52 am     LOG [AgentRegistryService] Registered agent: general-health-agent
[Nest] 29352  - 27/08/2026, 11:10:52 am     LOG [AgentRegistryService] Registered agent: greeting-agent
[Nest] 29352  - 27/08/2026, 11:10:52 am     LOG [AgentRegistryService] Registered agent: scheme-agent
[Nest] 29352  - 27/08/2026, 11:10:52 am     LOG [AgentRegistryService] Registered agent: facility-agent
[Nest] 29352  - 27/08/2026, 11:10:52 am     LOG [AgentRegistryService] Registered agent: referral-agent
[Nest] 29352  - 27/08/2026, 11:10:52 am     LOG [AgentRegistryService] Registered agent: adherence-agent
[Nest] 29352  - 27/08/2026, 11:10:52 am     LOG [AgentRegistryService] Registered agent: teleconsultation-agent
[Nest] 29352  - 27/08/2026, 11:10:52 am     LOG [NestApplication] Nest application successfully started +2ms
query: SELECT "AuditEvent"."id" AS "AuditEvent_id", "AuditEvent"."tenantId" AS "AuditEvent_tenantId", "AuditEvent"."subjectAbhaRefHash" AS "AuditEvent_subjectAbhaRefHash", "AuditEvent"."speaker" AS "AuditEvent_speaker", "AuditEvent"."actingPrincipal" AS "AuditEvent_actingPrincipal", "AuditEvent"."correlationId" AS "AuditEvent_correlationId", "AuditEvent"."action" AS "AuditEvent_action", "AuditEvent"."entityName" AS "AuditEvent_entityName", "AuditEvent"."entityId" AS "AuditEvent_entityId", "AuditEvent"."details" AS "AuditEvent_details", "AuditEvent"."hmacKeyId" AS "AuditEvent_hmacKeyId", "AuditEvent"."timestamp" AS "AuditEvent_timestamp" FROM "audit_events" "AuditEvent" ORDER BY "AuditEvent"."timestamp" DESC LIMIT 50
[Nest] 29352  - 27/08/2026, 11:10:57 am     LOG [DevelopmentAuditExporter] [DEV_AUDIT_EXPORTER] Processing batch export count=50
query: SELECT 1
query: SELECT "AuditEvent"."id" AS "AuditEvent_id", "AuditEvent"."tenantId" AS "AuditEvent_tenantId", "AuditEvent"."subjectAbhaRefHash" AS "AuditEvent_subjectAbhaRefHash", "AuditEvent"."speaker" AS "AuditEvent_speaker", "AuditEvent"."actingPrincipal" AS "AuditEvent_actingPrincipal", "AuditEvent"."correlationId" AS "AuditEvent_correlationId", "AuditEvent"."action" AS "AuditEvent_action", "AuditEvent"."entityName" AS "AuditEvent_entityName", "AuditEvent"."entityId" AS "AuditEvent_entityId", "AuditEvent"."details" AS "AuditEvent_details", "AuditEvent"."hmacKeyId" AS "AuditEvent_hmacKeyId", "AuditEvent"."timestamp" AS "AuditEvent_timestamp" FROM "audit_events" "AuditEvent" ORDER BY "AuditEvent"."timestamp" DESC LIMIT 50
[Nest] 29352  - 27/08/2026, 11:11:02 am     LOG [DevelopmentAuditExporter] [DEV_AUDIT_EXPORTER] Processing batch export count=50
query: SELECT "AuditEvent"."id" AS "AuditEvent_id", "AuditEvent"."tenantId" AS "AuditEvent_tenantId", "AuditEvent"."subjectAbhaRefHash" AS "AuditEvent_subjectAbhaRefHash", "AuditEvent"."speaker" AS "AuditEvent_speaker", "AuditEvent"."actingPrincipal" AS "AuditEvent_actingPrincipal", "AuditEvent"."correlationId" AS "AuditEvent_correlationId", "AuditEvent"."action" AS "AuditEvent_action", "AuditEvent"."entityName" AS "AuditEvent_entityName", "AuditEvent"."entityId" AS "AuditEvent_entityId", "AuditEvent"."details" AS "AuditEvent_details", "AuditEvent"."hmacKeyId" AS "AuditEvent_hmacKeyId", "AuditEvent"."timestamp" AS "AuditEvent_timestamp" FROM "audit_events" "AuditEvent" ORDER BY "AuditEvent"."timestamp" DESC LIMIT 50
[Nest] 29352  - 27/08/2026, 11:11:07 am     LOG [DevelopmentAuditExporter] [DEV_AUDIT_EXPORTER] Processing batch export count=50
query: SELECT "AuditEvent"."id" AS "AuditEvent_id", "AuditEvent"."tenantId" AS "AuditEvent_tenantId", "AuditEvent"."subjectAbhaRefHash" AS "AuditEvent_subjectAbhaRefHash", "AuditEvent"."speaker" AS "AuditEvent_speaker", "AuditEvent"."actingPrincipal" AS "AuditEvent_actingPrincipal", "AuditEvent"."correlationId" AS "AuditEvent_correlationId", "AuditEvent"."action" AS "AuditEvent_action", "AuditEvent"."entityName" AS "AuditEvent_entityName", "AuditEvent"."entityId" AS "AuditEvent_entityId", "AuditEvent"."details" AS "AuditEvent_details", "AuditEvent"."hmacKeyId" AS "AuditEvent_hmacKeyId", "AuditEvent"."timestamp" AS "AuditEvent_timestamp" FROM "audit_events" "AuditEvent" ORDER BY "AuditEvent"."timestamp" DESC LIMIT 50
[Nest] 29352  - 27/08/2026, 11:11:12 am     LOG [DevelopmentAuditExporter] [DEV_AUDIT_EXPORTER] Processing batch export count=50
query: SELECT "SyntheticPatient"."id" AS "SyntheticPatient_id", "SyntheticPatient"."tenantId" AS "SyntheticPatient_tenantId", "SyntheticPatient"."syntheticPatientId" AS "SyntheticPatient_syntheticPatientId", "SyntheticPatient"."name" AS "SyntheticPatient_name", "SyntheticPatient"."age" AS "SyntheticPatient_age", "SyntheticPatient"."dateOfBirth" AS "SyntheticPatient_dateOfBirth", "SyntheticPatient"."gender" AS "SyntheticPatient_gender", "SyntheticPatient"."state" AS "SyntheticPatient_state", "SyntheticPatient"."district" AS "SyntheticPatient_district", "SyntheticPatient"."city" AS "SyntheticPatient_city", "SyntheticPatient"."locality" AS "SyntheticPatient_locality", "SyntheticPatient"."language" AS "SyntheticPatient_language", "SyntheticPatient"."timezone" AS "SyntheticPatient_timezone", "SyntheticPatient"."phoneNumber" AS "SyntheticPatient_phoneNumber", "SyntheticPatient"."clinicalProfile" AS "SyntheticPatient_clinicalProfile", "SyntheticPatient"."createdAt" AS "SyntheticPatient_createdAt", "SyntheticPatient"."updatedAt" AS "SyntheticPatient_updatedAt" FROM "synthetic_patients" "SyntheticPatient" WHERE (("SyntheticPatient"."tenantId" = $1)) ORDER BY "SyntheticPatient"."updatedAt" DESC -- PARAMETERS: ["00000000-0000-0000-0000-000000000000"]
query: SELECT "SyntheticPatient"."id" AS "SyntheticPatient_id", "SyntheticPatient"."tenantId" AS "SyntheticPatient_tenantId", "SyntheticPatient"."syntheticPatientId" AS "SyntheticPatient_syntheticPatientId", "SyntheticPatient"."name" AS "SyntheticPatient_name", "SyntheticPatient"."age" AS "SyntheticPatient_age", "SyntheticPatient"."dateOfBirth" AS "SyntheticPatient_dateOfBirth", "SyntheticPatient"."gender" AS "SyntheticPatient_gender", "SyntheticPatient"."state" AS "SyntheticPatient_state", "SyntheticPatient"."district" AS "SyntheticPatient_district", "SyntheticPatient"."city" AS "SyntheticPatient_city", "SyntheticPatient"."locality" AS "SyntheticPatient_locality", "SyntheticPatient"."language" AS "SyntheticPatient_language", "SyntheticPatient"."timezone" AS "SyntheticPatient_timezone", "SyntheticPatient"."phoneNumber" AS "SyntheticPatient_phoneNumber", "SyntheticPatient"."clinicalProfile" AS "SyntheticPatient_clinicalProfile", "SyntheticPatient"."createdAt" AS "SyntheticPatient_createdAt", "SyntheticPatient"."updatedAt" AS "SyntheticPatient_updatedAt" FROM "synthetic_patients" "SyntheticPatient" WHERE (("SyntheticPatient"."id" = $1) AND ("SyntheticPatient"."tenantId" = $2)) LIMIT 1 -- PARAMETERS: ["df466985-1e4f-4c9e-98d3-cbce5ab54d15","00000000-0000-0000-0000-000000000000"]
query: SELECT "Tenant"."id" AS "Tenant_id", "Tenant"."name" AS "Tenant_name", "Tenant"."domain" AS "Tenant_domain", "Tenant"."status" AS "Tenant_status", "Tenant"."createdAt" AS "Tenant_createdAt", "Tenant"."updatedAt" AS "Tenant_updatedAt" FROM "tenants" "Tenant" WHERE (("Tenant"."id" = $1)) LIMIT 1 -- PARAMETERS: ["00000000-0000-0000-0000-000000000000"]
query: START TRANSACTION
query: INSERT INTO "consent_artifacts"("id", "tenantId", "subjectId", "consentVersion", "scopes", "language", "deliveryMode", "retentionInfo", "status", "createdAt", "withdrawnAt") VALUES (DEFAULT, $1, $2, $3, $4, $5, $6, $7, $8, DEFAULT, DEFAULT) RETURNING "id", "createdAt" -- PARAMETERS: ["00000000-0000-0000-0000-000000000000","dev-host-user-123","synthetic-development-v1",["record_read","conversation_retention"],"hi","text","{\"mode\":\"synthetic-development\",\"syntheticPatientId\":\"dev-787e7d0f-ef4a-487e-9cd5-3842dec82428\"}","ACTIVE"]
query: COMMIT
query: SELECT "ConsentArtifact"."id" AS "ConsentArtifact_id", "ConsentArtifact"."tenantId" AS "ConsentArtifact_tenantId", "ConsentArtifact"."subjectId" AS "ConsentArtifact_subjectId", "ConsentArtifact"."consentVersion" AS "ConsentArtifact_consentVersion", "ConsentArtifact"."scopes" AS "ConsentArtifact_scopes", "ConsentArtifact"."language" AS "ConsentArtifact_language", "ConsentArtifact"."deliveryMode" AS "ConsentArtifact_deliveryMode", "ConsentArtifact"."retentionInfo" AS "ConsentArtifact_retentionInfo", "ConsentArtifact"."status" AS "ConsentArtifact_status", "ConsentArtifact"."createdAt" AS "ConsentArtifact_createdAt", "ConsentArtifact"."withdrawnAt" AS "ConsentArtifact_withdrawnAt" FROM "consent_artifacts" "ConsentArtifact" WHERE (("ConsentArtifact"."id" = $1)) LIMIT 1 -- PARAMETERS: ["ef801181-3da0-447e-b168-636c5eb8b451"]
query: START TRANSACTION
query: INSERT INTO "audit_events"("id", "tenantId", "subjectAbhaRefHash", "speaker", "actingPrincipal", "correlationId", "action", "entityName", "entityId", "details", "hmacKeyId", "timestamp") VALUES (DEFAULT, $1, $2, $3, $4, $5, $6, $7, $8, $9, $10, DEFAULT) RETURNING "id", "timestamp" -- PARAMETERS: ["00000000-0000-0000-0000-000000000000","dc7ed8a42daa3de2d35480f5b489da4d70030065a329635f0f5ac493adcadabe","self","dev-host-user-123","vda-171f5428-bd07-4956-a97e-be832f334ae1","consent_validated","consent_artifact","ef801181-3da0-447e-b168-636c5eb8b451",null,"v1"]
query: COMMIT
[Nest] 29352  - 27/08/2026, 11:11:15 am     LOG [AuditService] Audit Logged: action=consent_validated correlationId=vda-171f5428-bd07-4956-a97e-be832f334ae1 keyId=v1
query: START TRANSACTION
query: INSERT INTO "sessions"("id", "tenantId", "externalId", "subjectAbhaRef", "speaker", "assistContextId", "consentArtifactId", "localeHint", "deviceClass", "medicationState", "status", "idleExpiresAt", "absoluteExpiresAt", "createdAt", "closedAt") VALUES (DEFAULT, $1, $2, $3, $4, DEFAULT, $5, $6, DEFAULT, DEFAULT, $7, $8, $9, DEFAULT, DEFAULT) RETURNING "id", "medicationState", "status", "createdAt" -- PARAMETERS: ["00000000-0000-0000-0000-000000000000","dev-host-user-123","synthetic:dev-787e7d0f-ef4a-487e-9cd5-3842dec82428","self","ef801181-3da0-447e-b168-636c5eb8b451","hi","ACTIVE","2026-08-27T06:11:15.597Z","2026-08-27T09:41:15.597Z"]
query: COMMIT
query: START TRANSACTION
query: INSERT INTO "audit_events"("id", "tenantId", "subjectAbhaRefHash", "speaker", "actingPrincipal", "correlationId", "action", "entityName", "entityId", "details", "hmacKeyId", "timestamp") VALUES (DEFAULT, $1, $2, $3, $4, $5, $6, $7, $8, $9, $10, DEFAULT) RETURNING "id", "timestamp" -- PARAMETERS: ["00000000-0000-0000-0000-000000000000","dc7ed8a42daa3de2d35480f5b489da4d70030065a329635f0f5ac493adcadabe","self","dev-host-user-123","vda-171f5428-bd07-4956-a97e-be832f334ae1","session_created","session","284b83aa-9c86-4a35-b124-e1543ca661d5",null,"v1"]
query: COMMIT
[Nest] 29352  - 27/08/2026, 11:11:15 am     LOG [AuditService] Audit Logged: action=session_created correlationId=vda-171f5428-bd07-4956-a97e-be832f334ae1 keyId=v1
query: START TRANSACTION
query: SELECT "Session"."id" AS "Session_id", "Session"."tenantId" AS "Session_tenantId", "Session"."externalId" AS "Session_externalId", "Session"."subjectAbhaRef" AS "Session_subjectAbhaRef", "Session"."speaker" AS "Session_speaker", "Session"."assistContextId" AS "Session_assistContextId", "Session"."consentArtifactId" AS "Session_consentArtifactId", "Session"."localeHint" AS "Session_localeHint", "Session"."deviceClass" AS "Session_deviceClass", "Session"."medicationState" AS "Session_medicationState", "Session"."status" AS "Session_status", "Session"."idleExpiresAt" AS "Session_idleExpiresAt", "Session"."absoluteExpiresAt" AS "Session_absoluteExpiresAt", "Session"."createdAt" AS "Session_createdAt", "Session"."closedAt" AS "Session_closedAt" FROM "sessions" "Session" WHERE (("Session"."id" = $1)) LIMIT 1 FOR UPDATE -- PARAMETERS: ["284b83aa-9c86-4a35-b124-e1543ca661d5"]
query: SELECT "ConsentArtifact"."id" AS "ConsentArtifact_id", "ConsentArtifact"."tenantId" AS "ConsentArtifact_tenantId", "ConsentArtifact"."subjectId" AS "ConsentArtifact_subjectId", "ConsentArtifact"."consentVersion" AS "ConsentArtifact_consentVersion", "ConsentArtifact"."scopes" AS "ConsentArtifact_scopes", "ConsentArtifact"."language" AS "ConsentArtifact_language", "ConsentArtifact"."deliveryMode" AS "ConsentArtifact_deliveryMode", "ConsentArtifact"."retentionInfo" AS "ConsentArtifact_retentionInfo", "ConsentArtifact"."status" AS "ConsentArtifact_status", "ConsentArtifact"."createdAt" AS "ConsentArtifact_createdAt", "ConsentArtifact"."withdrawnAt" AS "ConsentArtifact_withdrawnAt" FROM "consent_artifacts" "ConsentArtifact" WHERE (("ConsentArtifact"."id" = $1)) LIMIT 1 -- PARAMETERS: ["ef801181-3da0-447e-b168-636c5eb8b451"]
query: SELECT "ConversationTurn"."id" AS "ConversationTurn_id", "ConversationTurn"."sessionId" AS "ConversationTurn_sessionId", "ConversationTurn"."turnNumber" AS "ConversationTurn_turnNumber", "ConversationTurn"."correlationId" AS "ConversationTurn_correlationId", "ConversationTurn"."speaker" AS "ConversationTurn_speaker", "ConversationTurn"."subjectRef" AS "ConversationTurn_subjectRef", "ConversationTurn"."inputText" AS "ConversationTurn_inputText", "ConversationTurn"."outputText" AS "ConversationTurn_outputText", "ConversationTurn"."responseType" AS "ConversationTurn_responseType", "ConversationTurn"."intent" AS "ConversationTurn_intent", "ConversationTurn"."selectedAgent" AS "ConversationTurn_selectedAgent", "ConversationTurn"."latency" AS "ConversationTurn_latency", "ConversationTurn"."safetyStatus" AS "ConversationTurn_safetyStatus", "ConversationTurn"."status" AS "ConversationTurn_status", "ConversationTurn"."idempotencyKey" AS "ConversationTurn_idempotencyKey", "ConversationTurn"."conversationRetentionGranted" AS "ConversationTurn_conversationRetentionGranted", "ConversationTurn"."processingStartedAt" AS "ConversationTurn_processingStartedAt", "ConversationTurn"."createdAt" AS "ConversationTurn_createdAt" FROM "conversation_turns" "ConversationTurn" WHERE (("ConversationTurn"."sessionId" = $1) AND ("ConversationTurn"."idempotencyKey" = $2)) LIMIT 1 -- PARAMETERS: ["284b83aa-9c86-4a35-b124-e1543ca661d5","8cba7e3f-5554-4351-8a61-070027b452de"]
query: SELECT "ConversationTurn"."id" AS "ConversationTurn_id", "ConversationTurn"."sessionId" AS "ConversationTurn_sessionId", "ConversationTurn"."turnNumber" AS "ConversationTurn_turnNumber", "ConversationTurn"."correlationId" AS "ConversationTurn_correlationId", "ConversationTurn"."speaker" AS "ConversationTurn_speaker", "ConversationTurn"."subjectRef" AS "ConversationTurn_subjectRef", "ConversationTurn"."inputText" AS "ConversationTurn_inputText", "ConversationTurn"."outputText" AS "ConversationTurn_outputText", "ConversationTurn"."responseType" AS "ConversationTurn_responseType", "ConversationTurn"."intent" AS "ConversationTurn_intent", "ConversationTurn"."selectedAgent" AS "ConversationTurn_selectedAgent", "ConversationTurn"."latency" AS "ConversationTurn_latency", "ConversationTurn"."safetyStatus" AS "ConversationTurn_safetyStatus", "ConversationTurn"."status" AS "ConversationTurn_status", "ConversationTurn"."idempotencyKey" AS "ConversationTurn_idempotencyKey", "ConversationTurn"."conversationRetentionGranted" AS "ConversationTurn_conversationRetentionGranted", "ConversationTurn"."processingStartedAt" AS "ConversationTurn_processingStartedAt", "ConversationTurn"."createdAt" AS "ConversationTurn_createdAt" FROM "conversation_turns" "ConversationTurn" WHERE (("ConversationTurn"."sessionId" = $1)) ORDER BY "ConversationTurn"."turnNumber" DESC LIMIT 1 -- PARAMETERS: ["284b83aa-9c86-4a35-b124-e1543ca661d5"]
query: SELECT "Session"."id" AS "Session_id", "Session"."tenantId" AS "Session_tenantId", "Session"."externalId" AS "Session_externalId", "Session"."subjectAbhaRef" AS "Session_subjectAbhaRef", "Session"."speaker" AS "Session_speaker", "Session"."assistContextId" AS "Session_assistContextId", "Session"."consentArtifactId" AS "Session_consentArtifactId", "Session"."localeHint" AS "Session_localeHint", "Session"."deviceClass" AS "Session_deviceClass", "Session"."medicationState" AS "Session_medicationState", "Session"."status" AS "Session_status", "Session"."idleExpiresAt" AS "Session_idleExpiresAt", "Session"."absoluteExpiresAt" AS "Session_absoluteExpiresAt", "Session"."createdAt" AS "Session_createdAt", "Session"."closedAt" AS "Session_closedAt" FROM "sessions" "Session" WHERE "Session"."id" = $1 -- PARAMETERS: ["284b83aa-9c86-4a35-b124-e1543ca661d5"]
query: UPDATE "sessions" SET "idleExpiresAt" = $1 WHERE "id" = $2 -- PARAMETERS: ["2026-08-27T06:11:15.653Z","284b83aa-9c86-4a35-b124-e1543ca661d5"]
query: INSERT INTO "conversation_turns"("id", "sessionId", "turnNumber", "correlationId", "speaker", "subjectRef", "inputText", "outputText", "responseType", "intent", "selectedAgent", "latency", "safetyStatus", "status", "idempotencyKey", "conversationRetentionGranted", "processingStartedAt", "createdAt") VALUES (DEFAULT, $1, $2, $3, $4, $5, $6, $7, $8, DEFAULT, DEFAULT, $9, $10, $11, $12, $13, $14, DEFAULT) RETURNING "id", "status", "conversationRetentionGranted", "createdAt" -- PARAMETERS: ["284b83aa-9c86-4a35-b124-e1543ca661d5",1,"vda-bd2c6ad8-9f47-42f5-9793-b771d0cc654b","self","synthetic:dev-787e7d0f-ef4a-487e-9cd5-3842dec82428","मेरा HbA1c कितना है?",null,"text",0,"SAFE","PROCESSING","8cba7e3f-5554-4351-8a61-070027b452de",true,"2026-08-27T05:41:15.653Z"]
query: START TRANSACTION
query: INSERT INTO "audit_events"("id", "tenantId", "subjectAbhaRefHash", "speaker", "actingPrincipal", "correlationId", "action", "entityName", "entityId", "details", "hmacKeyId", "timestamp") VALUES (DEFAULT, $1, $2, $3, $4, $5, $6, $7, $8, $9, $10, DEFAULT) RETURNING "id", "timestamp" -- PARAMETERS: ["00000000-0000-0000-0000-000000000000","dc7ed8a42daa3de2d35480f5b489da4d70030065a329635f0f5ac493adcadabe","self","dev-host-user-123","vda-bd2c6ad8-9f47-42f5-9793-b771d0cc654b","turn_received","session","284b83aa-9c86-4a35-b124-e1543ca661d5","{\"turn_number\":1}","v1"]
query: COMMIT
[Nest] 29352  - 27/08/2026, 11:11:15 am     LOG [AuditService] Audit Logged: action=turn_received correlationId=vda-bd2c6ad8-9f47-42f5-9793-b771d0cc654b keyId=v1
query: COMMIT
query: SELECT "Session"."id" AS "Session_id", "Session"."tenantId" AS "Session_tenantId", "Session"."externalId" AS "Session_externalId", "Session"."subjectAbhaRef" AS "Session_subjectAbhaRef", "Session"."speaker" AS "Session_speaker", "Session"."assistContextId" AS "Session_assistContextId", "Session"."consentArtifactId" AS "Session_consentArtifactId", "Session"."localeHint" AS "Session_localeHint", "Session"."deviceClass" AS "Session_deviceClass", "Session"."medicationState" AS "Session_medicationState", "Session"."status" AS "Session_status", "Session"."idleExpiresAt" AS "Session_idleExpiresAt", "Session"."absoluteExpiresAt" AS "Session_absoluteExpiresAt", "Session"."createdAt" AS "Session_createdAt", "Session"."closedAt" AS "Session_closedAt" FROM "sessions" "Session" WHERE (("Session"."id" = $1)) LIMIT 1 -- PARAMETERS: ["284b83aa-9c86-4a35-b124-e1543ca661d5"]
query: START TRANSACTION
query: INSERT INTO "audit_events"("id", "tenantId", "subjectAbhaRefHash", "speaker", "actingPrincipal", "correlationId", "action", "entityName", "entityId", "details", "hmacKeyId", "timestamp") VALUES (DEFAULT, $1, $2, $3, $4, $5, $6, $7, $8, $9, $10, DEFAULT) RETURNING "id", "timestamp" -- PARAMETERS: ["00000000-0000-0000-0000-000000000000","dc7ed8a42daa3de2d35480f5b489da4d70030065a329635f0f5ac493adcadabe","self","dev-host-user-123","vda-bd2c6ad8-9f47-42f5-9793-b771d0cc654b","safety_evaluated","conversation_turn","70f0e46f-fd61-48a2-af85-45f06b86e251","{\"status\":\"SAFE\",\"rule_id\":null,\"rule_version\":null,\"severity\":null,\"action\":null}","v1"]
query: COMMIT
[Nest] 29352  - 27/08/2026, 11:11:15 am     LOG [AuditService] Audit Logged: action=safety_evaluated correlationId=vda-bd2c6ad8-9f47-42f5-9793-b771d0cc654b keyId=v1
[Nest] 29352  - 27/08/2026, 11:11:15 am     LOG [AiConversationProcessor] [AiProcessor] Processing turn for sessionId=284b83aa-9c86-4a35-b124-e1543ca661d5
[Nest] 29352  - 27/08/2026, 11:11:15 am     LOG [AiOrchestratorService] [AiOrchestrator] Turn execution started sessionId=284b83aa-9c86-4a35-b124-e1543ca661d5 correlationId=vda-bd2c6ad8-9f47-42f5-9793-b771d0cc654b
query: START TRANSACTION
query: INSERT INTO "audit_events"("id", "tenantId", "subjectAbhaRefHash", "speaker", "actingPrincipal", "correlationId", "action", "entityName", "entityId", "details", "hmacKeyId", "timestamp") VALUES (DEFAULT, $1, $2, $3, $4, $5, $6, $7, $8, $9, $10, DEFAULT) RETURNING "id", "timestamp" -- PARAMETERS: ["00000000-0000-0000-0000-000000000000","5a221c7d1978e65088528da2883a866a8b0e58e7801f3030304f6814934bc0ad",null,"dev-host-user-123","vda-bd2c6ad8-9f47-42f5-9793-b771d0cc654b","ai_request_started","turn","284b83aa-9c86-4a35-b124-e1543ca661d5","{\"sessionId\":\"284b83aa-9c86-4a35-b124-e1543ca661d5\",\"inputLength\":20}","v1"]
query: COMMIT
[Nest] 29352  - 27/08/2026, 11:11:15 am     LOG [AuditService] Audit Logged: action=ai_request_started correlationId=vda-bd2c6ad8-9f47-42f5-9793-b771d0cc654b keyId=v1
[Nest] 29352  - 27/08/2026, 11:11:15 am    WARN [SarvamProvider] Sarvam language detection failed, falling back to rule engine: Sarvam API status 404
[Nest] 29352  - 27/08/2026, 11:11:15 am     LOG [IntentClassifierService] [IntentClassifier] Stage 1 Rule Match: intent=LAB_RESULT_QUERY confidence=0.95
query: START TRANSACTION
query: INSERT INTO "audit_events"("id", "tenantId", "subjectAbhaRefHash", "speaker", "actingPrincipal", "correlationId", "action", "entityName", "entityId", "details", "hmacKeyId", "timestamp") VALUES (DEFAULT, $1, $2, $3, $4, $5, $6, $7, $8, $9, $10, DEFAULT) RETURNING "id", "timestamp" -- PARAMETERS: ["00000000-0000-0000-0000-000000000000","857527416d304304abcb58c7f64c3c66a40846c1f23df275ddd9011fbf18c2cd",null,"intent-classifier-service","vda-bd2c6ad8-9f47-42f5-9793-b771d0cc654b","ai_intent_classified","intent","LAB_RESULT_QUERY","{\"intent\":\"LAB_RESULT_QUERY\",\"confidence\":0.95,\"classifiedBy\":\"RULE_ENGINE\",\"language\":\"hi\"}","v1"]
query: COMMIT
[Nest] 29352  - 27/08/2026, 11:11:15 am     LOG [AuditService] Audit Logged: action=ai_intent_classified correlationId=vda-bd2c6ad8-9f47-42f5-9793-b771d0cc654b keyId=v1
query: SELECT "Session"."id" AS "Session_id", "Session"."tenantId" AS "Session_tenantId", "Session"."externalId" AS "Session_externalId", "Session"."subjectAbhaRef" AS "Session_subjectAbhaRef", "Session"."speaker" AS "Session_speaker", "Session"."assistContextId" AS "Session_assistContextId", "Session"."consentArtifactId" AS "Session_consentArtifactId", "Session"."localeHint" AS "Session_localeHint", "Session"."deviceClass" AS "Session_deviceClass", "Session"."medicationState" AS "Session_medicationState", "Session"."status" AS "Session_status", "Session"."idleExpiresAt" AS "Session_idleExpiresAt", "Session"."absoluteExpiresAt" AS "Session_absoluteExpiresAt", "Session"."createdAt" AS "Session_createdAt", "Session"."closedAt" AS "Session_closedAt" FROM "sessions" "Session" WHERE (("Session"."id" = $1) AND ("Session"."tenantId" = $2)) LIMIT 1 -- PARAMETERS: ["284b83aa-9c86-4a35-b124-e1543ca661d5","00000000-0000-0000-0000-000000000000"]
query: SELECT "Medication"."id" AS "Medication_id", "Medication"."tenantId" AS "Medication_tenantId", "Medication"."patientRef" AS "Medication_patientRef", "Medication"."sourcePrescriptionId" AS "Medication_sourcePrescriptionId", "Medication"."name" AS "Medication_name", "Medication"."normalizedName" AS "Medication_normalizedName", "Medication"."strength" AS "Medication_strength", "Medication"."dosage" AS "Medication_dosage", "Medication"."dosageForm" AS "Medication_dosageForm", "Medication"."frequency" AS "Medication_frequency", "Medication"."route" AS "Medication_route", "Medication"."timing" AS "Medication_timing", "Medication"."duration" AS "Medication_duration", "Medication"."startDate" AS "Medication_startDate", "Medication"."endDate" AS "Medication_endDate", "Medication"."instructions" AS "Medication_instructions", "Medication"."status" AS "Medication_status", "Medication"."verificationStatus" AS "Medication_verificationStatus", "Medication"."sourceType" AS "Medication_sourceType", "Medication"."sourceReference" AS "Medication_sourceReference", "Medication"."createdAt" AS "Medication_createdAt", "Medication"."updatedAt" AS "Medication_updatedAt" FROM "medications" "Medication" WHERE (("Medication"."tenantId" = $1) AND ("Medication"."patientRef" = $2) AND ("Medication"."verificationStatus" = $3) AND ("Medication"."status" = $4)) ORDER BY "Medication"."createdAt" DESC -- PARAMETERS: ["00000000-0000-0000-0000-000000000000","synthetic:dev-787e7d0f-ef4a-487e-9cd5-3842dec82428","CONFIRMED","ACTIVE"]
query: START TRANSACTION
query: INSERT INTO "audit_events"("id", "tenantId", "subjectAbhaRefHash", "speaker", "actingPrincipal", "correlationId", "action", "entityName", "entityId", "details", "hmacKeyId", "timestamp") VALUES (DEFAULT, $1, $2, $3, $4, $5, $6, $7, $8, $9, $10, DEFAULT) RETURNING "id", "timestamp" -- PARAMETERS: ["00000000-0000-0000-0000-000000000000","a8bf746fc3092d3300c7ffc9670c56d735bb82698d9144e8db41d897e5d637bb",null,"system","rag-query-action","knowledge_retrieval_started","knowledge_index","rag-query","{\"intent\":\"LAB_RESULT_QUERY\",\"domain\":\"laboratory\",\"language\":\"hi\"}","v1"]
query: COMMIT
[Nest] 29352  - 27/08/2026, 11:11:16 am     LOG [AuditService] Audit Logged: action=knowledge_retrieval_started correlationId=rag-query-action keyId=v1
query: 
        SELECT 
          c.id AS "chunkId",
          c."documentId",
          c."documentVersion",
          d.title AS "title",
          c.content AS "content",
          c.source AS "source",
          c.language AS "language",
          c.domain AS "domain",
          c.category AS "category",
          c.metadata AS "metadata",
          CASE WHEN c.language = $4 THEN 0 ELSE 1 END AS "languagePreference",
          (e.embedding <=> $1::vector) AS "cosineDistance"
        FROM knowledge_embeddings e
        JOIN knowledge_chunks c ON e."chunkId" = c.id
        JOIN knowledge_documents d ON c."documentId" = d.id
        WHERE d.status IN ('ACTIVE', 'PUBLISHED')
          AND c."tenantId" = $2
          AND c.domain = $3
        ORDER BY "languagePreference" ASC, "cosineDistance" ASC
        LIMIT $5;
       -- PARAMETERS: ["[-0.06194351240992546,-0.00637841084972024,-0.08203360438346863,0.060124121606349945,-0.05550622195005417,-0.00926694180816412,0.0911981537938118,0.054465245455503464,-0.04476706683635712,0.009421777911484241,-0.05482544004917145,-0.04813855513930321,-0.08684300631284714,-0.08034900575876236,-0.09394919872283936,0.017189374193549156,0.07054822146892548,-0.08631783723831177,0.05620797351002693,0.002975582843646407,0.023402787744998932,0.023501107469201088,0.09529085457324982,0.06272917240858078,0.03518812358379364,-0.009004313498735428,-0.011681252159178257,0.09076881408691406,-0.03534003719687462,0.009797819890081882,0.05327560380101204,-0.01256074383854866,0.08366827666759491,0.032295312732458115,0.01707274466753006,-0.009522623382508755,0.015878990292549133,-0.10484333336353302,-0.05263974890112877,-0.02028054930269718,0.08361181616783142,0.03566240146756172,-0.015593486838042736,0.05460416525602341,-0.05802154168486595,-0.02897052653133869,-0.004893799778074026,-0.0001621284754946828,-0.031831152737140656,0.07953257858753204,0.007621923927217722,0.009336466901004314,-0.03917814791202545,-0.00020533951465040445,0.08337251096963882,0.029400236904621124,-0.09400098770856857,0.05025321617722511,0.1085558757185936,-0.012607665732502937,-0.0552634596824646,0.05161605402827263,0.07418106496334076,0.0038672061637043953,0.06478458642959595,-0.04453352093696594,0.0026903562247753143,-0.05662871152162552,0.017224736511707306,0.010451758280396461,-0.10626963526010513,-0.07155429571866989,0.02603139728307724,-0.02064746618270874,-0.028916018083691597,-0.04742034524679184,-0.0971042662858963,-0.04653635621070862,0.026585109531879425,-0.018986230716109276,-0.040890924632549286,-0.02228548936545849,0.024465227499604225,0.04950442537665367,-0.02501855045557022,-0.023836757987737656,0.09999824315309525,0.02107245847582817,0.03615039214491844,-0.0556349903345108,0.011403191834688187,-0.018141964450478554,0.06013677269220352,-0.015704410150647163,-0.030597535893321037,-0.0592375285923481,0.007606680504977703,0.0377640500664711,0.019371772184967995,-0.015286835841834545,0.018458040431141853,0.04486466199159622,0.0788191705942154,0.03959592059254646,-0.030282840132713318,0.044521816074848175,0.06008068099617958,0.07489338517189026,0.08998408913612366,0.018195152282714844,-0.09900777041912079,0.02251206710934639,-0.015290256589651108,0.021585043519735336,-0.11101362109184265,-0.0075507876463234425,0.05295208469033241,-0.019383151084184647,0.029932906851172447,0.015680178999900818,0.011719279922544956,-0.11564590036869049,0.10739395767450333,-0.09546395391225815,0.06414811313152313,-0.012308674864470959,-0.05724044144153595,2.911855856919015e-34,0.06367432326078415,-0.06797903031110764,0.017868665978312492,0.025012558326125145,-0.07853351533412933,0.06831226497888565,-0.05563882365822792,0.009191346354782581,0.0798381119966507,0.014021966606378555,-0.004880403634160757,0.011101063340902328,0.00749590341001749,0.025361601263284683,-0.10707307606935501,0.0027797305956482887,-0.08975895494222641,-0.06950230151414871,0.02067798748612404,0.060999881476163864,-0.09097958356142044,0.0009613216971047223,0.02595794014632702,-0.022874783724546432,-0.019616488367319107,0.045889005064964294,-0.03241747245192528,0.039468489587306976,0.0939040556550026,0.04362504184246063,0.017151685431599617,-0.0003938810550607741,0.0018841048004105687,-0.11262854188680649,-0.013333155773580074,0.014167076908051968,0.048495419323444366,0.05362439155578613,0.038308922201395035,0.004800720605999231,0.009465942159295082,0.007072479464113712,0.05673971399664879,-0.09931046515703201,0.04602998495101929,0.04302641749382019,-0.0301448293030262,0.03904403746128082,-0.0554409921169281,0.05115008354187012,-0.07478943467140198,-0.12646421790122986,0.058029722422361374,0.06238188594579697,0.03940514847636223,-0.037096746265888214,-0.018980175256729126,0.08393799513578415,0.02319006249308586,0.014960037544369698,0.019224204123020172,0.05661051720380783,-0.004074770957231522,0.011723454110324383,0.030011923983693123,-0.01716732606291771,-0.04003124684095383,0.05372929200530052,-0.060682620853185654,-0.09890322387218475,0.045517437160015106,-0.036919187754392624,0.0020771529525518417,0.027235595509409904,-0.06749936938285828,-0.0011762817157432437,0.08792303502559662,-0.021389909088611603,0.028493141755461693,-0.07767391204833984,-0.01362532377243042,-0.09815961122512817,0.07190657407045364,-0.10062617063522339,-0.0786280483007431,0.03138991445302963,-0.05052710697054863,-0.10150909423828125,-0.13444584608078003,0.007999020628631115,-0.02533569745719433,0.01899605616927147,0.03334011510014534,-0.0541851632297039,-0.029846899211406708,-1.285614386100831e-33,-0.022933457046747208,-0.004710479639470577,0.010044238530099392,0.009162796661257744,0.030613820999860764,0.02708042412996292,0.1007278710603714,-0.04270746931433678,0.007540123537182808,0.027354536578059196,0.12247207015752792,0.016273437067866325,-0.033440008759498596,-0.03646615520119667,0.08690577745437622,-0.036167386919260025,-0.06153988093137741,0.01250604260712862,-0.05263404920697212,0.054819364100694656,0.021782943978905678,-0.022407276555895805,-0.007941128686070442,-0.025993816554546356,0.0057970560155808926,0.07477317750453949,-0.002723225625231862,0.08404944092035294,0.002232109662145376,-0.02255774475634098,-0.024605559185147285,-0.006454449146986008,-0.054043300449848175,0.01564580574631691,-0.059139735996723175,-0.10136011242866516,-0.025977136567234993,-0.023905981332063675,-0.03125068172812462,-0.04673020914196968,-0.0372445248067379,-0.03453250974416733,0.0065939538180828094,-0.044585153460502625,0.0308472141623497,0.061617910861968994,-0.003194628981873393,0.0027669761329889297,-0.005904821213334799,0.00886988639831543,-0.052679888904094696,0.07077032327651978,-0.03878172114491463,0.021686090156435966,-0.022124366834759712,0.07458644360303879,0.03432270139455795,0.002866145223379135,-0.03762643039226532,-0.009768725372850895,0.015239058062434196,0.04400346800684929,0.06587082147598267,0.06341198831796646,0.005989959463477135,0.06169547140598297,0.13484804332256317,0.046684782952070236,0.056080590933561325,0.03411130607128143,0.08598876744508743,-0.023121176287531853,0.01507115364074707,-0.0303233340382576,-0.009859109297394753,-0.006596419494599104,-0.06719644367694855,0.032226692885160446,-0.012149354442954063,-0.07544732093811035,-0.061625514179468155,0.027090473100543022,-0.05672966688871384,-0.06524039804935455,0.04941043630242348,-0.08127570897340775,-0.016256825998425484,-0.040815625339746475,0.014826102182269096,0.07645055651664734,-0.018477708101272583,0.03257273882627487,-0.021541498601436615,0.035326287150382996,-0.02204854227602482,-1.456895226681354e-8,0.014218241907656193,-0.07601553946733475,0.034831732511520386,0.052349504083395004,0.041041526943445206,0.02284979075193405,-0.1310947984457016,0.02448091097176075,0.014034898951649666,0.013994337990880013,0.04776563122868538,0.07752033323049545,-0.014328788965940475,0.0034182427916675806,-0.014532403089106083,0.0045755719766020775,-0.03306413069367409,-0.0066925035789608955,-0.014626914635300636,0.017542613670229912,-0.07817534357309341,-0.02192107029259205,0.010559319518506527,0.016823258250951767,0.012213882058858871,-0.05979689955711365,-0.05066818371415138,0.026349544525146484,0.016706246882677078,-0.0437377505004406,0.024004364386200905,0.09852134436368942,0.07896961271762848,-0.030725236982107162,-0.006783210206776857,0.012403576634824276,0.05364733561873436,0.0014610820217058063,-0.0362374484539032,-0.0030657481402158737,0.018298359587788582,-0.0005296121817082167,-0.026523975655436516,0.006098576355725527,0.03530704602599144,0.03880269452929497,0.04170301556587219,0.07823137938976288,-0.016712123528122902,-0.0304538793861866,-0.046794548630714417,0.09060584008693695,-0.10101278126239777,-0.05871836841106415,-0.01588059961795807,0.03639298677444458,-0.04704457148909569,0.03213420510292053,0.03933420777320862,-0.04484561085700989,0.044272784143686295,-0.04302079603075981,-0.09580610692501068,0.003261798294261098]","00000000-0000-0000-0000-000000000000","laboratory","hi",10]
query: START TRANSACTION
query: INSERT INTO "audit_events"("id", "tenantId", "subjectAbhaRefHash", "speaker", "actingPrincipal", "correlationId", "action", "entityName", "entityId", "details", "hmacKeyId", "timestamp") VALUES (DEFAULT, $1, $2, $3, $4, $5, $6, $7, $8, $9, $10, DEFAULT) RETURNING "id", "timestamp" -- PARAMETERS: ["00000000-0000-0000-0000-000000000000","5a221c7d1978e65088528da2883a866a8b0e58e7801f3030304f6814934bc0ad",null,"dev-host-user-123","vda-bd2c6ad8-9f47-42f5-9793-b771d0cc654b","ai_context_requested","clinical_context","284b83aa-9c86-4a35-b124-e1543ca661d5","{\"categories\":[\"LAB_REPORT\",\"INVESTIGATION\"]}","v1"]
query: COMMIT
[Nest] 29352  - 27/08/2026, 11:11:16 am     LOG [AuditService] Audit Logged: action=ai_context_requested correlationId=vda-bd2c6ad8-9f47-42f5-9793-b771d0cc654b keyId=v1
query: START TRANSACTION
query: INSERT INTO "audit_events"("id", "tenantId", "subjectAbhaRefHash", "speaker", "actingPrincipal", "correlationId", "action", "entityName", "entityId", "details", "hmacKeyId", "timestamp") VALUES (DEFAULT, $1, $2, $3, $4, $5, $6, $7, $8, $9, $10, DEFAULT) RETURNING "id", "timestamp" -- PARAMETERS: ["00000000-0000-0000-0000-000000000000","5a221c7d1978e65088528da2883a866a8b0e58e7801f3030304f6814934bc0ad",null,"clinical-context-service","vda-bd2c6ad8-9f47-42f5-9793-b771d0cc654b","health_record_access_requested","ClinicalContext","284b83aa-9c86-4a35-b124-e1543ca661d5","{\"intent\":\"LAB_RESULT_QUERY\"}","v1"]
query: COMMIT
[Nest] 29352  - 27/08/2026, 11:11:16 am     LOG [AuditService] Audit Logged: action=health_record_access_requested correlationId=vda-bd2c6ad8-9f47-42f5-9793-b771d0cc654b keyId=v1
query: SELECT "ConsentArtifact"."id" AS "ConsentArtifact_id", "ConsentArtifact"."tenantId" AS "ConsentArtifact_tenantId", "ConsentArtifact"."subjectId" AS "ConsentArtifact_subjectId", "ConsentArtifact"."consentVersion" AS "ConsentArtifact_consentVersion", "ConsentArtifact"."scopes" AS "ConsentArtifact_scopes", "ConsentArtifact"."language" AS "ConsentArtifact_language", "ConsentArtifact"."deliveryMode" AS "ConsentArtifact_deliveryMode", "ConsentArtifact"."retentionInfo" AS "ConsentArtifact_retentionInfo", "ConsentArtifact"."status" AS "ConsentArtifact_status", "ConsentArtifact"."createdAt" AS "ConsentArtifact_createdAt", "ConsentArtifact"."withdrawnAt" AS "ConsentArtifact_withdrawnAt" FROM "consent_artifacts" "ConsentArtifact" WHERE (("ConsentArtifact"."id" = $1)) LIMIT 1 -- PARAMETERS: ["ef801181-3da0-447e-b168-636c5eb8b451"]
query: START TRANSACTION
query: INSERT INTO "audit_events"("id", "tenantId", "subjectAbhaRefHash", "speaker", "actingPrincipal", "correlationId", "action", "entityName", "entityId", "details", "hmacKeyId", "timestamp") VALUES (DEFAULT, $1, $2, $3, $4, $5, $6, $7, $8, $9, $10, DEFAULT) RETURNING "id", "timestamp" -- PARAMETERS: ["00000000-0000-0000-0000-000000000000","5a221c7d1978e65088528da2883a866a8b0e58e7801f3030304f6814934bc0ad",null,"clinical-context-service","vda-bd2c6ad8-9f47-42f5-9793-b771d0cc654b","health_record_access_granted","ConsentArtifact","ef801181-3da0-447e-b168-636c5eb8b451","{\"consentVersion\":\"synthetic-development-v1\"}","v1"]
query: COMMIT
[Nest] 29352  - 27/08/2026, 11:11:16 am     LOG [AuditService] Audit Logged: action=health_record_access_granted correlationId=vda-bd2c6ad8-9f47-42f5-9793-b771d0cc654b keyId=v1
[Nest] 29352  - 27/08/2026, 11:11:16 am     LOG [DevelopmentHealthRecordService] [DEV] fetchRecords categories=LAB_REPORT,INVESTIGATION sessionId=284b83aa-9c86-4a35-b124-e1543ca661d5
query: SELECT "Session"."id" AS "Session_id", "Session"."tenantId" AS "Session_tenantId", "Session"."externalId" AS "Session_externalId", "Session"."subjectAbhaRef" AS "Session_subjectAbhaRef", "Session"."speaker" AS "Session_speaker", "Session"."assistContextId" AS "Session_assistContextId", "Session"."consentArtifactId" AS "Session_consentArtifactId", "Session"."localeHint" AS "Session_localeHint", "Session"."deviceClass" AS "Session_deviceClass", "Session"."medicationState" AS "Session_medicationState", "Session"."status" AS "Session_status", "Session"."idleExpiresAt" AS "Session_idleExpiresAt", "Session"."absoluteExpiresAt" AS "Session_absoluteExpiresAt", "Session"."createdAt" AS "Session_createdAt", "Session"."closedAt" AS "Session_closedAt" FROM "sessions" "Session" WHERE (("Session"."id" = $1) AND ("Session"."tenantId" = $2) AND ("Session"."externalId" = $3)) LIMIT 1 -- PARAMETERS: ["284b83aa-9c86-4a35-b124-e1543ca661d5","00000000-0000-0000-0000-000000000000","dev-host-user-123"]
query: SELECT "SyntheticPatient"."id" AS "SyntheticPatient_id", "SyntheticPatient"."tenantId" AS "SyntheticPatient_tenantId", "SyntheticPatient"."syntheticPatientId" AS "SyntheticPatient_syntheticPatientId", "SyntheticPatient"."name" AS "SyntheticPatient_name", "SyntheticPatient"."age" AS "SyntheticPatient_age", "SyntheticPatient"."dateOfBirth" AS "SyntheticPatient_dateOfBirth", "SyntheticPatient"."gender" AS "SyntheticPatient_gender", "SyntheticPatient"."state" AS "SyntheticPatient_state", "SyntheticPatient"."district" AS "SyntheticPatient_district", "SyntheticPatient"."city" AS "SyntheticPatient_city", "SyntheticPatient"."locality" AS "SyntheticPatient_locality", "SyntheticPatient"."language" AS "SyntheticPatient_language", "SyntheticPatient"."timezone" AS "SyntheticPatient_timezone", "SyntheticPatient"."phoneNumber" AS "SyntheticPatient_phoneNumber", "SyntheticPatient"."clinicalProfile" AS "SyntheticPatient_clinicalProfile", "SyntheticPatient"."createdAt" AS "SyntheticPatient_createdAt", "SyntheticPatient"."updatedAt" AS "SyntheticPatient_updatedAt" FROM "synthetic_patients" "SyntheticPatient" WHERE (("SyntheticPatient"."tenantId" = $1) AND ("SyntheticPatient"."syntheticPatientId" = $2)) LIMIT 1 -- PARAMETERS: ["00000000-0000-0000-0000-000000000000","dev-787e7d0f-ef4a-487e-9cd5-3842dec82428"]
query: START TRANSACTION
query: INSERT INTO "audit_events"("id", "tenantId", "subjectAbhaRefHash", "speaker", "actingPrincipal", "correlationId", "action", "entityName", "entityId", "details", "hmacKeyId", "timestamp") VALUES (DEFAULT, $1, $2, $3, $4, $5, $6, $7, $8, $9, $10, DEFAULT) RETURNING "id", "timestamp" -- PARAMETERS: ["00000000-0000-0000-0000-000000000000","5a221c7d1978e65088528da2883a866a8b0e58e7801f3030304f6814934bc0ad",null,"clinical-context-service","vda-bd2c6ad8-9f47-42f5-9793-b771d0cc654b","health_record_retrieved","IHealthRecordService","284b83aa-9c86-4a35-b124-e1543ca661d5","{\"categoriesRequested\":[\"LAB_REPORT\",\"INVESTIGATION\"],\"categoriesFulfilled\":[\"LAB_REPORT\",\"INVESTIGATION\"],\"unavailableCategories\":[],\"partialResult\":false,\"providerErrorCount\":0}","v1"]
query: COMMIT
[Nest] 29352  - 27/08/2026, 11:11:16 am     LOG [AuditService] Audit Logged: action=health_record_retrieved correlationId=vda-bd2c6ad8-9f47-42f5-9793-b771d0cc654b keyId=v1
query: START TRANSACTION
query: INSERT INTO "audit_events"("id", "tenantId", "subjectAbhaRefHash", "speaker", "actingPrincipal", "correlationId", "action", "entityName", "entityId", "details", "hmacKeyId", "timestamp") VALUES (DEFAULT, $1, $2, $3, $4, $5, $6, $7, $8, $9, $10, DEFAULT) RETURNING "id", "timestamp" -- PARAMETERS: ["00000000-0000-0000-0000-000000000000","5a221c7d1978e65088528da2883a866a8b0e58e7801f3030304f6814934bc0ad",null,"clinical-context-service","vda-bd2c6ad8-9f47-42f5-9793-b771d0cc654b","clinical_context_created","ClinicalContext","284b83aa-9c86-4a35-b124-e1543ca661d5","{\"intent\":\"LAB_RESULT_QUERY\",\"medicationCount\":0,\"prescriptionCount\":0,\"diagnosisCount\":0,\"labResultCount\":2,\"allergyCount\":0,\"unavailableCategoryCount\":0,\"partialResult\":false}","v1"]
query: COMMIT
[Nest] 29352  - 27/08/2026, 11:11:16 am     LOG [AuditService] Audit Logged: action=clinical_context_created correlationId=vda-bd2c6ad8-9f47-42f5-9793-b771d0cc654b keyId=v1
query: SELECT "ConversationTurn"."id" AS "ConversationTurn_id", "ConversationTurn"."sessionId" AS "ConversationTurn_sessionId", "ConversationTurn"."turnNumber" AS "ConversationTurn_turnNumber", "ConversationTurn"."correlationId" AS "ConversationTurn_correlationId", "ConversationTurn"."speaker" AS "ConversationTurn_speaker", "ConversationTurn"."subjectRef" AS "ConversationTurn_subjectRef", "ConversationTurn"."inputText" AS "ConversationTurn_inputText", "ConversationTurn"."outputText" AS "ConversationTurn_outputText", "ConversationTurn"."responseType" AS "ConversationTurn_responseType", "ConversationTurn"."intent" AS "ConversationTurn_intent", "ConversationTurn"."selectedAgent" AS "ConversationTurn_selectedAgent", "ConversationTurn"."latency" AS "ConversationTurn_latency", "ConversationTurn"."safetyStatus" AS "ConversationTurn_safetyStatus", "ConversationTurn"."status" AS "ConversationTurn_status", "ConversationTurn"."idempotencyKey" AS "ConversationTurn_idempotencyKey", "ConversationTurn"."conversationRetentionGranted" AS "ConversationTurn_conversationRetentionGranted", "ConversationTurn"."processingStartedAt" AS "ConversationTurn_processingStartedAt", "ConversationTurn"."createdAt" AS "ConversationTurn_createdAt" FROM "conversation_turns" "ConversationTurn" WHERE (("ConversationTurn"."sessionId" = $1)) ORDER BY "ConversationTurn"."turnNumber" DESC LIMIT 4 -- PARAMETERS: ["284b83aa-9c86-4a35-b124-e1543ca661d5"]
[Nest] 29352  - 27/08/2026, 11:11:16 am     LOG [AiOrchestratorService] [RagPromptTelemetry] intent=LAB_RESULT_QUERY agent=lab-report-agent domain=laboratory chunks=0 knowledge_chars=0 clinical_context_chars=595 history_chars=0 patient_query_chars=20 total_prompt_chars=633
[Nest] 29352  - 27/08/2026, 11:11:17 am    WARN [GeminiProvider] [GeminiTelemetry] provider=gemini keySlot=1 status=failed attempt=1/2 duration_ms=423 prompt_chars=633 system_chars=2032 error=Gemini API returned status 429
query: SELECT "AuditEvent"."id" AS "AuditEvent_id", "AuditEvent"."tenantId" AS "AuditEvent_tenantId", "AuditEvent"."subjectAbhaRefHash" AS "AuditEvent_subjectAbhaRefHash", "AuditEvent"."speaker" AS "AuditEvent_speaker", "AuditEvent"."actingPrincipal" AS "AuditEvent_actingPrincipal", "AuditEvent"."correlationId" AS "AuditEvent_correlationId", "AuditEvent"."action" AS "AuditEvent_action", "AuditEvent"."entityName" AS "AuditEvent_entityName", "AuditEvent"."entityId" AS "AuditEvent_entityId", "AuditEvent"."details" AS "AuditEvent_details", "AuditEvent"."hmacKeyId" AS "AuditEvent_hmacKeyId", "AuditEvent"."timestamp" AS "AuditEvent_timestamp" FROM "audit_events" "AuditEvent" ORDER BY "AuditEvent"."timestamp" DESC LIMIT 50
[Nest] 29352  - 27/08/2026, 11:11:17 am     LOG [DevelopmentAuditExporter] [DEV_AUDIT_EXPORTER] Processing batch export count=50
[Nest] 29352  - 27/08/2026, 11:11:17 am    WARN [GeminiProvider] [GeminiTelemetry] provider=gemini keySlot=1 status=failed attempt=2/2 duration_ms=1020 prompt_chars=633 system_chars=2032 error=Gemini API returned status 429
[Nest] 29352  - 27/08/2026, 11:11:17 am    WARN [GeminiProvider] [GeminiTelemetry] provider=gemini keySlot=1 status=429 failover=true attempt=1
[Nest] 29352  - 27/08/2026, 11:11:18 am    WARN [GeminiProvider] [GeminiTelemetry] provider=gemini keySlot=2 status=failed attempt=1/2 duration_ms=382 prompt_chars=633 system_chars=2032 error=Gemini API returned status 429
[Nest] 29352  - 27/08/2026, 11:11:18 am    WARN [GeminiProvider] [GeminiTelemetry] provider=gemini keySlot=2 status=failed attempt=2/2 duration_ms=986 prompt_chars=633 system_chars=2032 error=Gemini API returned status 429
[Nest] 29352  - 27/08/2026, 11:11:18 am    WARN [GeminiProvider] [GeminiTelemetry] provider=gemini keySlot=2 status=429 failover=true attempt=2
query: SELECT "AuditEvent"."id" AS "AuditEvent_id", "AuditEvent"."tenantId" AS "AuditEvent_tenantId", "AuditEvent"."subjectAbhaRefHash" AS "AuditEvent_subjectAbhaRefHash", "AuditEvent"."speaker" AS "AuditEvent_speaker", "AuditEvent"."actingPrincipal" AS "AuditEvent_actingPrincipal", "AuditEvent"."correlationId" AS "AuditEvent_correlationId", "AuditEvent"."action" AS "AuditEvent_action", "AuditEvent"."entityName" AS "AuditEvent_entityName", "AuditEvent"."entityId" AS "AuditEvent_entityId", "AuditEvent"."details" AS "AuditEvent_details", "AuditEvent"."hmacKeyId" AS "AuditEvent_hmacKeyId", "AuditEvent"."timestamp" AS "AuditEvent_timestamp" FROM "audit_events" "AuditEvent" ORDER BY "AuditEvent"."timestamp" DESC LIMIT 50
[Nest] 29352  - 27/08/2026, 11:11:22 am     LOG [DevelopmentAuditExporter] [DEV_AUDIT_EXPORTER] Processing batch export count=50
query: SELECT "AuditEvent"."id" AS "AuditEvent_id", "AuditEvent"."tenantId" AS "AuditEvent_tenantId", "AuditEvent"."subjectAbhaRefHash" AS "AuditEvent_subjectAbhaRefHash", "AuditEvent"."speaker" AS "AuditEvent_speaker", "AuditEvent"."actingPrincipal" AS "AuditEvent_actingPrincipal", "AuditEvent"."correlationId" AS "AuditEvent_correlationId", "AuditEvent"."action" AS "AuditEvent_action", "AuditEvent"."entityName" AS "AuditEvent_entityName", "AuditEvent"."entityId" AS "AuditEvent_entityId", "AuditEvent"."details" AS "AuditEvent_details", "AuditEvent"."hmacKeyId" AS "AuditEvent_hmacKeyId", "AuditEvent"."timestamp" AS "AuditEvent_timestamp" FROM "audit_events" "AuditEvent" ORDER BY "AuditEvent"."timestamp" DESC LIMIT 50
[Nest] 29352  - 27/08/2026, 11:11:27 am     LOG [DevelopmentAuditExporter] [DEV_AUDIT_EXPORTER] Processing batch export count=50
query: SELECT "AuditEvent"."id" AS "AuditEvent_id", "AuditEvent"."tenantId" AS "AuditEvent_tenantId", "AuditEvent"."subjectAbhaRefHash" AS "AuditEvent_subjectAbhaRefHash", "AuditEvent"."speaker" AS "AuditEvent_speaker", "AuditEvent"."actingPrincipal" AS "AuditEvent_actingPrincipal", "AuditEvent"."correlationId" AS "AuditEvent_correlationId", "AuditEvent"."action" AS "AuditEvent_action", "AuditEvent"."entityName" AS "AuditEvent_entityName", "AuditEvent"."entityId" AS "AuditEvent_entityId", "AuditEvent"."details" AS "AuditEvent_details", "AuditEvent"."hmacKeyId" AS "AuditEvent_hmacKeyId", "AuditEvent"."timestamp" AS "AuditEvent_timestamp" FROM "audit_events" "AuditEvent" ORDER BY "AuditEvent"."timestamp" DESC LIMIT 50
[Nest] 29352  - 27/08/2026, 11:11:32 am     LOG [DevelopmentAuditExporter] [DEV_AUDIT_EXPORTER] Processing batch export count=50
query: SELECT "AuditEvent"."id" AS "AuditEvent_id", "AuditEvent"."tenantId" AS "AuditEvent_tenantId", "AuditEvent"."subjectAbhaRefHash" AS "AuditEvent_subjectAbhaRefHash", "AuditEvent"."speaker" AS "AuditEvent_speaker", "AuditEvent"."actingPrincipal" AS "AuditEvent_actingPrincipal", "AuditEvent"."correlationId" AS "AuditEvent_correlationId", "AuditEvent"."action" AS "AuditEvent_action", "AuditEvent"."entityName" AS "AuditEvent_entityName", "AuditEvent"."entityId" AS "AuditEvent_entityId", "AuditEvent"."details" AS "AuditEvent_details", "AuditEvent"."hmacKeyId" AS "AuditEvent_hmacKeyId", "AuditEvent"."timestamp" AS "AuditEvent_timestamp" FROM "audit_events" "AuditEvent" ORDER BY "AuditEvent"."timestamp" DESC LIMIT 50
[Nest] 29352  - 27/08/2026, 11:11:37 am     LOG [DevelopmentAuditExporter] [DEV_AUDIT_EXPORTER] Processing batch export count=50
query: SELECT "AuditEvent"."id" AS "AuditEvent_id", "AuditEvent"."tenantId" AS "AuditEvent_tenantId", "AuditEvent"."subjectAbhaRefHash" AS "AuditEvent_subjectAbhaRefHash", "AuditEvent"."speaker" AS "AuditEvent_speaker", "AuditEvent"."actingPrincipal" AS "AuditEvent_actingPrincipal", "AuditEvent"."correlationId" AS "AuditEvent_correlationId", "AuditEvent"."action" AS "AuditEvent_action", "AuditEvent"."entityName" AS "AuditEvent_entityName", "AuditEvent"."entityId" AS "AuditEvent_entityId", "AuditEvent"."details" AS "AuditEvent_details", "AuditEvent"."hmacKeyId" AS "AuditEvent_hmacKeyId", "AuditEvent"."timestamp" AS "AuditEvent_timestamp" FROM "audit_events" "AuditEvent" ORDER BY "AuditEvent"."timestamp" DESC LIMIT 50
[Nest] 29352  - 27/08/2026, 11:11:42 am     LOG [DevelopmentAuditExporter] [DEV_AUDIT_EXPORTER] Processing batch export count=50
query: SELECT "AuditEvent"."id" AS "AuditEvent_id", "AuditEvent"."tenantId" AS "AuditEvent_tenantId", "AuditEvent"."subjectAbhaRefHash" AS "AuditEvent_subjectAbhaRefHash", "AuditEvent"."speaker" AS "AuditEvent_speaker", "AuditEvent"."actingPrincipal" AS "AuditEvent_actingPrincipal", "AuditEvent"."correlationId" AS "AuditEvent_correlationId", "AuditEvent"."action" AS "AuditEvent_action", "AuditEvent"."entityName" AS "AuditEvent_entityName", "AuditEvent"."entityId" AS "AuditEvent_entityId", "AuditEvent"."details" AS "AuditEvent_details", "AuditEvent"."hmacKeyId" AS "AuditEvent_hmacKeyId", "AuditEvent"."timestamp" AS "AuditEvent_timestamp" FROM "audit_events" "AuditEvent" ORDER BY "AuditEvent"."timestamp" DESC LIMIT 50
[Nest] 29352  - 27/08/2026, 11:11:47 am     LOG [DevelopmentAuditExporter] [DEV_AUDIT_EXPORTER] Processing batch export count=50
[Nest] 29352  - 27/08/2026, 11:11:48 am    WARN [GeminiProvider] [GeminiTelemetry] provider=gemini keySlot=3 status=failed attempt=1/2 duration_ms=30008 prompt_chars=633 system_chars=2032 error=This operation was aborted
query: SELECT "AuditEvent"."id" AS "AuditEvent_id", "AuditEvent"."tenantId" AS "AuditEvent_tenantId", "AuditEvent"."subjectAbhaRefHash" AS "AuditEvent_subjectAbhaRefHash", "AuditEvent"."speaker" AS "AuditEvent_speaker", "AuditEvent"."actingPrincipal" AS "AuditEvent_actingPrincipal", "AuditEvent"."correlationId" AS "AuditEvent_correlationId", "AuditEvent"."action" AS "AuditEvent_action", "AuditEvent"."entityName" AS "AuditEvent_entityName", "AuditEvent"."entityId" AS "AuditEvent_entityId", "AuditEvent"."details" AS "AuditEvent_details", "AuditEvent"."hmacKeyId" AS "AuditEvent_hmacKeyId", "AuditEvent"."timestamp" AS "AuditEvent_timestamp" FROM "audit_events" "AuditEvent" ORDER BY "AuditEvent"."timestamp" DESC LIMIT 50
[Nest] 29352  - 27/08/2026, 11:11:52 am     LOG [DevelopmentAuditExporter] [DEV_AUDIT_EXPORTER] Processing batch export count=50
query: SELECT "AuditEvent"."id" AS "AuditEvent_id", "AuditEvent"."tenantId" AS "AuditEvent_tenantId", "AuditEvent"."subjectAbhaRefHash" AS "AuditEvent_subjectAbhaRefHash", "AuditEvent"."speaker" AS "AuditEvent_speaker", "AuditEvent"."actingPrincipal" AS "AuditEvent_actingPrincipal", "AuditEvent"."correlationId" AS "AuditEvent_correlationId", "AuditEvent"."action" AS "AuditEvent_action", "AuditEvent"."entityName" AS "AuditEvent_entityName", "AuditEvent"."entityId" AS "AuditEvent_entityId", "AuditEvent"."details" AS "AuditEvent_details", "AuditEvent"."hmacKeyId" AS "AuditEvent_hmacKeyId", "AuditEvent"."timestamp" AS "AuditEvent_timestamp" FROM "audit_events" "AuditEvent" ORDER BY "AuditEvent"."timestamp" DESC LIMIT 50
[Nest] 29352  - 27/08/2026, 11:11:57 am     LOG [DevelopmentAuditExporter] [DEV_AUDIT_EXPORTER] Processing batch export count=50
query: SELECT "AuditEvent"."id" AS "AuditEvent_id", "AuditEvent"."tenantId" AS "AuditEvent_tenantId", "AuditEvent"."subjectAbhaRefHash" AS "AuditEvent_subjectAbhaRefHash", "AuditEvent"."speaker" AS "AuditEvent_speaker", "AuditEvent"."actingPrincipal" AS "AuditEvent_actingPrincipal", "AuditEvent"."correlationId" AS "AuditEvent_correlationId", "AuditEvent"."action" AS "AuditEvent_action", "AuditEvent"."entityName" AS "AuditEvent_entityName", "AuditEvent"."entityId" AS "AuditEvent_entityId", "AuditEvent"."details" AS "AuditEvent_details", "AuditEvent"."hmacKeyId" AS "AuditEvent_hmacKeyId", "AuditEvent"."timestamp" AS "AuditEvent_timestamp" FROM "audit_events" "AuditEvent" ORDER BY "AuditEvent"."timestamp" DESC LIMIT 50
[Nest] 29352  - 27/08/2026, 11:12:02 am     LOG [DevelopmentAuditExporter] [DEV_AUDIT_EXPORTER] Processing batch export count=50
[Nest] 29352  - 27/08/2026, 11:12:06 am     LOG [GeminiProvider] [GeminiTelemetry] provider=gemini keySlot=3 status=success failover=true attempts=2 duration_ms=47598 prompt_chars=633 system_chars=2032
query: START TRANSACTION
query: INSERT INTO "audit_events"("id", "tenantId", "subjectAbhaRefHash", "speaker", "actingPrincipal", "correlationId", "action", "entityName", "entityId", "details", "hmacKeyId", "timestamp") VALUES (DEFAULT, $1, $2, $3, $4, $5, $6, $7, $8, $9, $10, DEFAULT) RETURNING "id", "timestamp" -- PARAMETERS: ["00000000-0000-0000-0000-000000000000","5a221c7d1978e65088528da2883a866a8b0e58e7801f3030304f6814934bc0ad",null,"dev-host-user-123","vda-bd2c6ad8-9f47-42f5-9793-b771d0cc654b","ai_response_generated","turn","284b83aa-9c86-4a35-b124-e1543ca661d5","{\"intent\":\"LAB_RESULT_QUERY\",\"selectedAgent\":\"lab-report-agent\",\"safetyStatus\":\"SAFE\",\"language\":\"hi\"}","v1"]
query: COMMIT
[Nest] 29352  - 27/08/2026, 11:12:06 am     LOG [AuditService] Audit Logged: action=ai_response_generated correlationId=vda-bd2c6ad8-9f47-42f5-9793-b771d0cc654b keyId=v1
query: START TRANSACTION
query: INSERT INTO "rag_evaluation_traces"("id", "tenantId", "query", "normalizedQuery", "intent", "agent", "language", "domain", "state", "providerType", "retrievedChunkCount", "retrievalLatencyMs", "sources", "chunks", "response", "contextPrecision", "contextRecall", "faithfulness", "answerRelevancy", "createdAt") VALUES (DEFAULT, $1, $2, $3, $4, $5, $6, $7, $8, $9, $10, $11, $12, $13, $14, DEFAULT, DEFAULT, DEFAULT, DEFAULT, DEFAULT) RETURNING "id", "retrievedChunkCount", "retrievalLatencyMs", "sources", "chunks", "createdAt" -- PARAMETERS: ["00000000-0000-0000-0000-000000000000","मेरा HbA1c कितना है?","HbA1c meaning average blood sugar","LAB_RESULT_QUERY","lab-report-agent","hi","laboratory",null,"postgres_pgvector",0,695,"[]","[]","आपका HbA1c 7.2% है, जिसे 27 अगस्त 2026 को जांचा गया था।"]
query: COMMIT
query: START TRANSACTION
query: SELECT "ConversationTurn"."id" AS "ConversationTurn_id", "ConversationTurn"."sessionId" AS "ConversationTurn_sessionId", "ConversationTurn"."turnNumber" AS "ConversationTurn_turnNumber", "ConversationTurn"."correlationId" AS "ConversationTurn_correlationId", "ConversationTurn"."speaker" AS "ConversationTurn_speaker", "ConversationTurn"."subjectRef" AS "ConversationTurn_subjectRef", "ConversationTurn"."inputText" AS "ConversationTurn_inputText", "ConversationTurn"."outputText" AS "ConversationTurn_outputText", "ConversationTurn"."responseType" AS "ConversationTurn_responseType", "ConversationTurn"."intent" AS "ConversationTurn_intent", "ConversationTurn"."selectedAgent" AS "ConversationTurn_selectedAgent", "ConversationTurn"."latency" AS "ConversationTurn_latency", "ConversationTurn"."safetyStatus" AS "ConversationTurn_safetyStatus", "ConversationTurn"."status" AS "ConversationTurn_status", "ConversationTurn"."idempotencyKey" AS "ConversationTurn_idempotencyKey", "ConversationTurn"."conversationRetentionGranted" AS "ConversationTurn_conversationRetentionGranted", "ConversationTurn"."processingStartedAt" AS "ConversationTurn_processingStartedAt", "ConversationTurn"."createdAt" AS "ConversationTurn_createdAt" FROM "conversation_turns" "ConversationTurn" WHERE (("ConversationTurn"."id" = $1)) LIMIT 1 -- PARAMETERS: ["70f0e46f-fd61-48a2-af85-45f06b86e251"]
query: SELECT "ConversationTurn"."id" AS "ConversationTurn_id", "ConversationTurn"."sessionId" AS "ConversationTurn_sessionId", "ConversationTurn"."turnNumber" AS "ConversationTurn_turnNumber", "ConversationTurn"."correlationId" AS "ConversationTurn_correlationId", "ConversationTurn"."speaker" AS "ConversationTurn_speaker", "ConversationTurn"."subjectRef" AS "ConversationTurn_subjectRef", "ConversationTurn"."inputText" AS "ConversationTurn_inputText", "ConversationTurn"."outputText" AS "ConversationTurn_outputText", "ConversationTurn"."responseType" AS "ConversationTurn_responseType", "ConversationTurn"."intent" AS "ConversationTurn_intent", "ConversationTurn"."selectedAgent" AS "ConversationTurn_selectedAgent", "ConversationTurn"."latency" AS "ConversationTurn_latency", "ConversationTurn"."safetyStatus" AS "ConversationTurn_safetyStatus", "ConversationTurn"."status" AS "ConversationTurn_status", "ConversationTurn"."idempotencyKey" AS "ConversationTurn_idempotencyKey", "ConversationTurn"."conversationRetentionGranted" AS "ConversationTurn_conversationRetentionGranted", "ConversationTurn"."processingStartedAt" AS "ConversationTurn_processingStartedAt", "ConversationTurn"."createdAt" AS "ConversationTurn_createdAt" FROM "conversation_turns" "ConversationTurn" WHERE "ConversationTurn"."id" = $1 -- PARAMETERS: ["70f0e46f-fd61-48a2-af85-45f06b86e251"]
query: UPDATE "conversation_turns" SET "outputText" = $1, "intent" = $2, "selectedAgent" = $3, "latency" = $4, "status" = $5 WHERE "id" = $6 -- PARAMETERS: ["{\"summary\":\"आपका HbA1c 7.2% है, जिसे 27 अगस्त 2026 को जांचा गया था।\",\"sections\":[{\"title\":\"लैब रिपोर्ट विवरण\"}],\"cards\":[],\"hi\":\"आपका HbA1c 7.2% है, जिसे 27 अगस्त 2026 को जांचा गया था।\",\"en\":\"आपका HbA1c 7.2% है, जिसे 27 अगस्त 2026 को जांचा गया था।\",\"lab_results\":[{\"test_name\":\"HbA1c\",\"value\":\"7.2\",\"unit\":\"%\",\"reference_range\":\"4.0-5.6\",\"observation_date\":\"2026-08-27T05:41:16.731Z\",\"interpretation\":null}]}","LAB_RESULT_QUERY","lab-report-agent",50719,"COMPLETED","70f0e46f-fd61-48a2-af85-45f06b86e251"]
query: START TRANSACTION
query: INSERT INTO "audit_events"("id", "tenantId", "subjectAbhaRefHash", "speaker", "actingPrincipal", "correlationId", "action", "entityName", "entityId", "details", "hmacKeyId", "timestamp") VALUES (DEFAULT, $1, $2, $3, $4, $5, $6, $7, $8, $9, $10, DEFAULT) RETURNING "id", "timestamp" -- PARAMETERS: ["00000000-0000-0000-0000-000000000000","dc7ed8a42daa3de2d35480f5b489da4d70030065a329635f0f5ac493adcadabe","self","dev-host-user-123","vda-bd2c6ad8-9f47-42f5-9793-b771d0cc654b","turn_processed","conversation_turn","70f0e46f-fd61-48a2-af85-45f06b86e251","{\"turn_number\":1,\"latency\":50719}","v1"]
query: COMMIT
[Nest] 29352  - 27/08/2026, 11:12:06 am     LOG [AuditService] Audit Logged: action=turn_processed correlationId=vda-bd2c6ad8-9f47-42f5-9793-b771d0cc654b keyId=v1
query: COMMIT
query: START TRANSACTION
query: SELECT "Session"."id" AS "Session_id", "Session"."tenantId" AS "Session_tenantId", "Session"."externalId" AS "Session_externalId", "Session"."subjectAbhaRef" AS "Session_subjectAbhaRef", "Session"."speaker" AS "Session_speaker", "Session"."assistContextId" AS "Session_assistContextId", "Session"."consentArtifactId" AS "Session_consentArtifactId", "Session"."localeHint" AS "Session_localeHint", "Session"."deviceClass" AS "Session_deviceClass", "Session"."medicationState" AS "Session_medicationState", "Session"."status" AS "Session_status", "Session"."idleExpiresAt" AS "Session_idleExpiresAt", "Session"."absoluteExpiresAt" AS "Session_absoluteExpiresAt", "Session"."createdAt" AS "Session_createdAt", "Session"."closedAt" AS "Session_closedAt" FROM "sessions" "Session" WHERE (("Session"."id" = $1)) LIMIT 1 FOR UPDATE -- PARAMETERS: ["284b83aa-9c86-4a35-b124-e1543ca661d5"]
query: SELECT "ConsentArtifact"."id" AS "ConsentArtifact_id", "ConsentArtifact"."tenantId" AS "ConsentArtifact_tenantId", "ConsentArtifact"."subjectId" AS "ConsentArtifact_subjectId", "ConsentArtifact"."consentVersion" AS "ConsentArtifact_consentVersion", "ConsentArtifact"."scopes" AS "ConsentArtifact_scopes", "ConsentArtifact"."language" AS "ConsentArtifact_language", "ConsentArtifact"."deliveryMode" AS "ConsentArtifact_deliveryMode", "ConsentArtifact"."retentionInfo" AS "ConsentArtifact_retentionInfo", "ConsentArtifact"."status" AS "ConsentArtifact_status", "ConsentArtifact"."createdAt" AS "ConsentArtifact_createdAt", "ConsentArtifact"."withdrawnAt" AS "ConsentArtifact_withdrawnAt" FROM "consent_artifacts" "ConsentArtifact" WHERE (("ConsentArtifact"."id" = $1)) LIMIT 1 -- PARAMETERS: ["ef801181-3da0-447e-b168-636c5eb8b451"]
query: SELECT "ConversationTurn"."id" AS "ConversationTurn_id", "ConversationTurn"."sessionId" AS "ConversationTurn_sessionId", "ConversationTurn"."turnNumber" AS "ConversationTurn_turnNumber", "ConversationTurn"."correlationId" AS "ConversationTurn_correlationId", "ConversationTurn"."speaker" AS "ConversationTurn_speaker", "ConversationTurn"."subjectRef" AS "ConversationTurn_subjectRef", "ConversationTurn"."inputText" AS "ConversationTurn_inputText", "ConversationTurn"."outputText" AS "ConversationTurn_outputText", "ConversationTurn"."responseType" AS "ConversationTurn_responseType", "ConversationTurn"."intent" AS "ConversationTurn_intent", "ConversationTurn"."selectedAgent" AS "ConversationTurn_selectedAgent", "ConversationTurn"."latency" AS "ConversationTurn_latency", "ConversationTurn"."safetyStatus" AS "ConversationTurn_safetyStatus", "ConversationTurn"."status" AS "ConversationTurn_status", "ConversationTurn"."idempotencyKey" AS "ConversationTurn_idempotencyKey", "ConversationTurn"."conversationRetentionGranted" AS "ConversationTurn_conversationRetentionGranted", "ConversationTurn"."processingStartedAt" AS "ConversationTurn_processingStartedAt", "ConversationTurn"."createdAt" AS "ConversationTurn_createdAt" FROM "conversation_turns" "ConversationTurn" WHERE (("ConversationTurn"."sessionId" = $1) AND ("ConversationTurn"."idempotencyKey" = $2)) LIMIT 1 -- PARAMETERS: ["284b83aa-9c86-4a35-b124-e1543ca661d5","2726e031-2c2d-40cb-8f07-673b544ded4a"]
query: SELECT "ConversationTurn"."id" AS "ConversationTurn_id", "ConversationTurn"."sessionId" AS "ConversationTurn_sessionId", "ConversationTurn"."turnNumber" AS "ConversationTurn_turnNumber", "ConversationTurn"."correlationId" AS "ConversationTurn_correlationId", "ConversationTurn"."speaker" AS "ConversationTurn_speaker", "ConversationTurn"."subjectRef" AS "ConversationTurn_subjectRef", "ConversationTurn"."inputText" AS "ConversationTurn_inputText", "ConversationTurn"."outputText" AS "ConversationTurn_outputText", "ConversationTurn"."responseType" AS "ConversationTurn_responseType", "ConversationTurn"."intent" AS "ConversationTurn_intent", "ConversationTurn"."selectedAgent" AS "ConversationTurn_selectedAgent", "ConversationTurn"."latency" AS "ConversationTurn_latency", "ConversationTurn"."safetyStatus" AS "ConversationTurn_safetyStatus", "ConversationTurn"."status" AS "ConversationTurn_status", "ConversationTurn"."idempotencyKey" AS "ConversationTurn_idempotencyKey", "ConversationTurn"."conversationRetentionGranted" AS "ConversationTurn_conversationRetentionGranted", "ConversationTurn"."processingStartedAt" AS "ConversationTurn_processingStartedAt", "ConversationTurn"."createdAt" AS "ConversationTurn_createdAt" FROM "conversation_turns" "ConversationTurn" WHERE (("ConversationTurn"."sessionId" = $1)) ORDER BY "ConversationTurn"."turnNumber" DESC LIMIT 1 -- PARAMETERS: ["284b83aa-9c86-4a35-b124-e1543ca661d5"]
query: SELECT "Session"."id" AS "Session_id", "Session"."tenantId" AS "Session_tenantId", "Session"."externalId" AS "Session_externalId", "Session"."subjectAbhaRef" AS "Session_subjectAbhaRef", "Session"."speaker" AS "Session_speaker", "Session"."assistContextId" AS "Session_assistContextId", "Session"."consentArtifactId" AS "Session_consentArtifactId", "Session"."localeHint" AS "Session_localeHint", "Session"."deviceClass" AS "Session_deviceClass", "Session"."medicationState" AS "Session_medicationState", "Session"."status" AS "Session_status", "Session"."idleExpiresAt" AS "Session_idleExpiresAt", "Session"."absoluteExpiresAt" AS "Session_absoluteExpiresAt", "Session"."createdAt" AS "Session_createdAt", "Session"."closedAt" AS "Session_closedAt" FROM "sessions" "Session" WHERE "Session"."id" = $1 -- PARAMETERS: ["284b83aa-9c86-4a35-b124-e1543ca661d5"]
query: UPDATE "sessions" SET "idleExpiresAt" = $1 WHERE "id" = $2 -- PARAMETERS: ["2026-08-27T06:12:06.430Z","284b83aa-9c86-4a35-b124-e1543ca661d5"]
query: INSERT INTO "conversation_turns"("id", "sessionId", "turnNumber", "correlationId", "speaker", "subjectRef", "inputText", "outputText", "responseType", "intent", "selectedAgent", "latency", "safetyStatus", "status", "idempotencyKey", "conversationRetentionGranted", "processingStartedAt", "createdAt") VALUES (DEFAULT, $1, $2, $3, $4, $5, $6, $7, $8, DEFAULT, DEFAULT, $9, $10, $11, $12, $13, $14, DEFAULT) RETURNING "id", "status", "conversationRetentionGranted", "createdAt" -- PARAMETERS: ["284b83aa-9c86-4a35-b124-e1543ca661d5",2,"vda-8851c857-3e22-40eb-bed3-a43a21f12cd9","self","synthetic:dev-787e7d0f-ef4a-487e-9cd5-3842dec82428","इसे आसान भाषा में समझाओ",null,"text",0,"SAFE","PROCESSING","2726e031-2c2d-40cb-8f07-673b544ded4a",true,"2026-08-27T05:42:06.430Z"]
query: START TRANSACTION
query: INSERT INTO "audit_events"("id", "tenantId", "subjectAbhaRefHash", "speaker", "actingPrincipal", "correlationId", "action", "entityName", "entityId", "details", "hmacKeyId", "timestamp") VALUES (DEFAULT, $1, $2, $3, $4, $5, $6, $7, $8, $9, $10, DEFAULT) RETURNING "id", "timestamp" -- PARAMETERS: ["00000000-0000-0000-0000-000000000000","dc7ed8a42daa3de2d35480f5b489da4d70030065a329635f0f5ac493adcadabe","self","dev-host-user-123","vda-8851c857-3e22-40eb-bed3-a43a21f12cd9","turn_received","session","284b83aa-9c86-4a35-b124-e1543ca661d5","{\"turn_number\":2}","v1"]
query: COMMIT
[Nest] 29352  - 27/08/2026, 11:12:06 am     LOG [AuditService] Audit Logged: action=turn_received correlationId=vda-8851c857-3e22-40eb-bed3-a43a21f12cd9 keyId=v1
query: COMMIT
query: SELECT "Session"."id" AS "Session_id", "Session"."tenantId" AS "Session_tenantId", "Session"."externalId" AS "Session_externalId", "Session"."subjectAbhaRef" AS "Session_subjectAbhaRef", "Session"."speaker" AS "Session_speaker", "Session"."assistContextId" AS "Session_assistContextId", "Session"."consentArtifactId" AS "Session_consentArtifactId", "Session"."localeHint" AS "Session_localeHint", "Session"."deviceClass" AS "Session_deviceClass", "Session"."medicationState" AS "Session_medicationState", "Session"."status" AS "Session_status", "Session"."idleExpiresAt" AS "Session_idleExpiresAt", "Session"."absoluteExpiresAt" AS "Session_absoluteExpiresAt", "Session"."createdAt" AS "Session_createdAt", "Session"."closedAt" AS "Session_closedAt" FROM "sessions" "Session" WHERE (("Session"."id" = $1)) LIMIT 1 -- PARAMETERS: ["284b83aa-9c86-4a35-b124-e1543ca661d5"]
query: START TRANSACTION
query: INSERT INTO "audit_events"("id", "tenantId", "subjectAbhaRefHash", "speaker", "actingPrincipal", "correlationId", "action", "entityName", "entityId", "details", "hmacKeyId", "timestamp") VALUES (DEFAULT, $1, $2, $3, $4, $5, $6, $7, $8, $9, $10, DEFAULT) RETURNING "id", "timestamp" -- PARAMETERS: ["00000000-0000-0000-0000-000000000000","dc7ed8a42daa3de2d35480f5b489da4d70030065a329635f0f5ac493adcadabe","self","dev-host-user-123","vda-8851c857-3e22-40eb-bed3-a43a21f12cd9","safety_evaluated","conversation_turn","362790f3-529f-44fb-8b56-9f6fc3b23640","{\"status\":\"SAFE\",\"rule_id\":null,\"rule_version\":null,\"severity\":null,\"action\":null}","v1"]
query: COMMIT
[Nest] 29352  - 27/08/2026, 11:12:06 am     LOG [AuditService] Audit Logged: action=safety_evaluated correlationId=vda-8851c857-3e22-40eb-bed3-a43a21f12cd9 keyId=v1
[Nest] 29352  - 27/08/2026, 11:12:06 am     LOG [AiConversationProcessor] [AiProcessor] Processing turn for sessionId=284b83aa-9c86-4a35-b124-e1543ca661d5
[Nest] 29352  - 27/08/2026, 11:12:06 am     LOG [AiOrchestratorService] [AiOrchestrator] Turn execution started sessionId=284b83aa-9c86-4a35-b124-e1543ca661d5 correlationId=vda-8851c857-3e22-40eb-bed3-a43a21f12cd9
query: START TRANSACTION
query: INSERT INTO "audit_events"("id", "tenantId", "subjectAbhaRefHash", "speaker", "actingPrincipal", "correlationId", "action", "entityName", "entityId", "details", "hmacKeyId", "timestamp") VALUES (DEFAULT, $1, $2, $3, $4, $5, $6, $7, $8, $9, $10, DEFAULT) RETURNING "id", "timestamp" -- PARAMETERS: ["00000000-0000-0000-0000-000000000000","5a221c7d1978e65088528da2883a866a8b0e58e7801f3030304f6814934bc0ad",null,"dev-host-user-123","vda-8851c857-3e22-40eb-bed3-a43a21f12cd9","ai_request_started","turn","284b83aa-9c86-4a35-b124-e1543ca661d5","{\"sessionId\":\"284b83aa-9c86-4a35-b124-e1543ca661d5\",\"inputLength\":23}","v1"]
query: COMMIT
[Nest] 29352  - 27/08/2026, 11:12:06 am     LOG [AuditService] Audit Logged: action=ai_request_started correlationId=vda-8851c857-3e22-40eb-bed3-a43a21f12cd9 keyId=v1
[Nest] 29352  - 27/08/2026, 11:12:06 am    WARN [SarvamProvider] Sarvam language detection failed, falling back to rule engine: Sarvam API status 404
[Nest] 29352  - 27/08/2026, 11:12:06 am     LOG [IntentClassifierService] [IntentClassifier] Stage 2 AI Classification invoked for text: "इसे आसान भाषा में समझाओ"
query: SELECT "AuditEvent"."id" AS "AuditEvent_id", "AuditEvent"."tenantId" AS "AuditEvent_tenantId", "AuditEvent"."subjectAbhaRefHash" AS "AuditEvent_subjectAbhaRefHash", "AuditEvent"."speaker" AS "AuditEvent_speaker", "AuditEvent"."actingPrincipal" AS "AuditEvent_actingPrincipal", "AuditEvent"."correlationId" AS "AuditEvent_correlationId", "AuditEvent"."action" AS "AuditEvent_action", "AuditEvent"."entityName" AS "AuditEvent_entityName", "AuditEvent"."entityId" AS "AuditEvent_entityId", "AuditEvent"."details" AS "AuditEvent_details", "AuditEvent"."hmacKeyId" AS "AuditEvent_hmacKeyId", "AuditEvent"."timestamp" AS "AuditEvent_timestamp" FROM "audit_events" "AuditEvent" ORDER BY "AuditEvent"."timestamp" DESC LIMIT 50
[Nest] 29352  - 27/08/2026, 11:12:07 am     LOG [DevelopmentAuditExporter] [DEV_AUDIT_EXPORTER] Processing batch export count=50
query: SELECT "AuditEvent"."id" AS "AuditEvent_id", "AuditEvent"."tenantId" AS "AuditEvent_tenantId", "AuditEvent"."subjectAbhaRefHash" AS "AuditEvent_subjectAbhaRefHash", "AuditEvent"."speaker" AS "AuditEvent_speaker", "AuditEvent"."actingPrincipal" AS "AuditEvent_actingPrincipal", "AuditEvent"."correlationId" AS "AuditEvent_correlationId", "AuditEvent"."action" AS "AuditEvent_action", "AuditEvent"."entityName" AS "AuditEvent_entityName", "AuditEvent"."entityId" AS "AuditEvent_entityId", "AuditEvent"."details" AS "AuditEvent_details", "AuditEvent"."hmacKeyId" AS "AuditEvent_hmacKeyId", "AuditEvent"."timestamp" AS "AuditEvent_timestamp" FROM "audit_events" "AuditEvent" ORDER BY "AuditEvent"."timestamp" DESC LIMIT 50
[Nest] 29352  - 27/08/2026, 11:12:12 am     LOG [DevelopmentAuditExporter] [DEV_AUDIT_EXPORTER] Processing batch export count=50
query: SELECT "AuditEvent"."id" AS "AuditEvent_id", "AuditEvent"."tenantId" AS "AuditEvent_tenantId", "AuditEvent"."subjectAbhaRefHash" AS "AuditEvent_subjectAbhaRefHash", "AuditEvent"."speaker" AS "AuditEvent_speaker", "AuditEvent"."actingPrincipal" AS "AuditEvent_actingPrincipal", "AuditEvent"."correlationId" AS "AuditEvent_correlationId", "AuditEvent"."action" AS "AuditEvent_action", "AuditEvent"."entityName" AS "AuditEvent_entityName", "AuditEvent"."entityId" AS "AuditEvent_entityId", "AuditEvent"."details" AS "AuditEvent_details", "AuditEvent"."hmacKeyId" AS "AuditEvent_hmacKeyId", "AuditEvent"."timestamp" AS "AuditEvent_timestamp" FROM "audit_events" "AuditEvent" ORDER BY "AuditEvent"."timestamp" DESC LIMIT 50
[Nest] 29352  - 27/08/2026, 11:12:17 am     LOG [DevelopmentAuditExporter] [DEV_AUDIT_EXPORTER] Processing batch export count=50
[Nest] 29352  - 27/08/2026, 11:12:21 am     LOG [GeminiProvider] [GeminiTelemetry] provider=gemini keySlot=3 status=success failover=false attempts=1 duration_ms=14700 prompt_chars=497 system_chars=0
query: START TRANSACTION
query: INSERT INTO "audit_events"("id", "tenantId", "subjectAbhaRefHash", "speaker", "actingPrincipal", "correlationId", "action", "entityName", "entityId", "details", "hmacKeyId", "timestamp") VALUES (DEFAULT, $1, $2, $3, $4, $5, $6, $7, $8, $9, $10, DEFAULT) RETURNING "id", "timestamp" -- PARAMETERS: ["00000000-0000-0000-0000-000000000000","857527416d304304abcb58c7f64c3c66a40846c1f23df275ddd9011fbf18c2cd",null,"intent-classifier-service","vda-8851c857-3e22-40eb-bed3-a43a21f12cd9","ai_intent_classified","intent","CLARIFICATION","{\"intent\":\"CLARIFICATION\",\"confidence\":0.95,\"classifiedBy\":\"AI_MODEL\",\"language\":\"hi\"}","v1"]
query: COMMIT
[Nest] 29352  - 27/08/2026, 11:12:21 am     LOG [AuditService] Audit Logged: action=ai_intent_classified correlationId=vda-8851c857-3e22-40eb-bed3-a43a21f12cd9 keyId=v1
query: SELECT "ConversationTurn"."id" AS "ConversationTurn_id", "ConversationTurn"."sessionId" AS "ConversationTurn_sessionId", "ConversationTurn"."turnNumber" AS "ConversationTurn_turnNumber", "ConversationTurn"."correlationId" AS "ConversationTurn_correlationId", "ConversationTurn"."speaker" AS "ConversationTurn_speaker", "ConversationTurn"."subjectRef" AS "ConversationTurn_subjectRef", "ConversationTurn"."inputText" AS "ConversationTurn_inputText", "ConversationTurn"."outputText" AS "ConversationTurn_outputText", "ConversationTurn"."responseType" AS "ConversationTurn_responseType", "ConversationTurn"."intent" AS "ConversationTurn_intent", "ConversationTurn"."selectedAgent" AS "ConversationTurn_selectedAgent", "ConversationTurn"."latency" AS "ConversationTurn_latency", "ConversationTurn"."safetyStatus" AS "ConversationTurn_safetyStatus", "ConversationTurn"."status" AS "ConversationTurn_status", "ConversationTurn"."idempotencyKey" AS "ConversationTurn_idempotencyKey", "ConversationTurn"."conversationRetentionGranted" AS "ConversationTurn_conversationRetentionGranted", "ConversationTurn"."processingStartedAt" AS "ConversationTurn_processingStartedAt", "ConversationTurn"."createdAt" AS "ConversationTurn_createdAt" FROM "conversation_turns" "ConversationTurn" WHERE (("ConversationTurn"."sessionId" = $1) AND ("ConversationTurn"."conversationRetentionGranted" = $2)) ORDER BY "ConversationTurn"."createdAt" DESC LIMIT 4 -- PARAMETERS: ["284b83aa-9c86-4a35-b124-e1543ca661d5",true]
query: SELECT "Session"."id" AS "Session_id", "Session"."tenantId" AS "Session_tenantId", "Session"."externalId" AS "Session_externalId", "Session"."subjectAbhaRef" AS "Session_subjectAbhaRef", "Session"."speaker" AS "Session_speaker", "Session"."assistContextId" AS "Session_assistContextId", "Session"."consentArtifactId" AS "Session_consentArtifactId", "Session"."localeHint" AS "Session_localeHint", "Session"."deviceClass" AS "Session_deviceClass", "Session"."medicationState" AS "Session_medicationState", "Session"."status" AS "Session_status", "Session"."idleExpiresAt" AS "Session_idleExpiresAt", "Session"."absoluteExpiresAt" AS "Session_absoluteExpiresAt", "Session"."createdAt" AS "Session_createdAt", "Session"."closedAt" AS "Session_closedAt" FROM "sessions" "Session" WHERE (("Session"."id" = $1) AND ("Session"."tenantId" = $2)) LIMIT 1 -- PARAMETERS: ["284b83aa-9c86-4a35-b124-e1543ca661d5","00000000-0000-0000-0000-000000000000"]
query: SELECT "Medication"."id" AS "Medication_id", "Medication"."tenantId" AS "Medication_tenantId", "Medication"."patientRef" AS "Medication_patientRef", "Medication"."sourcePrescriptionId" AS "Medication_sourcePrescriptionId", "Medication"."name" AS "Medication_name", "Medication"."normalizedName" AS "Medication_normalizedName", "Medication"."strength" AS "Medication_strength", "Medication"."dosage" AS "Medication_dosage", "Medication"."dosageForm" AS "Medication_dosageForm", "Medication"."frequency" AS "Medication_frequency", "Medication"."route" AS "Medication_route", "Medication"."timing" AS "Medication_timing", "Medication"."duration" AS "Medication_duration", "Medication"."startDate" AS "Medication_startDate", "Medication"."endDate" AS "Medication_endDate", "Medication"."instructions" AS "Medication_instructions", "Medication"."status" AS "Medication_status", "Medication"."verificationStatus" AS "Medication_verificationStatus", "Medication"."sourceType" AS "Medication_sourceType", "Medication"."sourceReference" AS "Medication_sourceReference", "Medication"."createdAt" AS "Medication_createdAt", "Medication"."updatedAt" AS "Medication_updatedAt" FROM "medications" "Medication" WHERE (("Medication"."tenantId" = $1) AND ("Medication"."patientRef" = $2) AND ("Medication"."verificationStatus" = $3) AND ("Medication"."status" = $4)) ORDER BY "Medication"."createdAt" DESC -- PARAMETERS: ["00000000-0000-0000-0000-000000000000","synthetic:dev-787e7d0f-ef4a-487e-9cd5-3842dec82428","CONFIRMED","ACTIVE"]
query: START TRANSACTION
query: INSERT INTO "audit_events"("id", "tenantId", "subjectAbhaRefHash", "speaker", "actingPrincipal", "correlationId", "action", "entityName", "entityId", "details", "hmacKeyId", "timestamp") VALUES (DEFAULT, $1, $2, $3, $4, $5, $6, $7, $8, $9, $10, DEFAULT) RETURNING "id", "timestamp" -- PARAMETERS: ["00000000-0000-0000-0000-000000000000","a8bf746fc3092d3300c7ffc9670c56d735bb82698d9144e8db41d897e5d637bb",null,"system","rag-query-action","knowledge_retrieval_started","knowledge_index","rag-query","{\"intent\":\"LAB_RESULT_QUERY\",\"domain\":\"laboratory\",\"language\":\"hi\"}","v1"]
query: COMMIT
[Nest] 29352  - 27/08/2026, 11:12:21 am     LOG [AuditService] Audit Logged: action=knowledge_retrieval_started correlationId=rag-query-action keyId=v1
query: 
        SELECT 
          c.id AS "chunkId",
          c."documentId",
          c."documentVersion",
          d.title AS "title",
          c.content AS "content",
          c.source AS "source",
          c.language AS "language",
          c.domain AS "domain",
          c.category AS "category",
          c.metadata AS "metadata",
          CASE WHEN c.language = $4 THEN 0 ELSE 1 END AS "languagePreference",
          (e.embedding <=> $1::vector) AS "cosineDistance"
        FROM knowledge_embeddings e
        JOIN knowledge_chunks c ON e."chunkId" = c.id
        JOIN knowledge_documents d ON c."documentId" = d.id
        WHERE d.status IN ('ACTIVE', 'PUBLISHED')
          AND c."tenantId" = $2
          AND c.domain = $3
        ORDER BY "languagePreference" ASC, "cosineDistance" ASC
        LIMIT $5;
       -- PARAMETERS: ["[-0.06194351240992546,-0.00637841084972024,-0.08203360438346863,0.060124121606349945,-0.05550622195005417,-0.00926694180816412,0.0911981537938118,0.054465245455503464,-0.04476706683635712,0.009421777911484241,-0.05482544004917145,-0.04813855513930321,-0.08684300631284714,-0.08034900575876236,-0.09394919872283936,0.017189374193549156,0.07054822146892548,-0.08631783723831177,0.05620797351002693,0.002975582843646407,0.023402787744998932,0.023501107469201088,0.09529085457324982,0.06272917240858078,0.03518812358379364,-0.009004313498735428,-0.011681252159178257,0.09076881408691406,-0.03534003719687462,0.009797819890081882,0.05327560380101204,-0.01256074383854866,0.08366827666759491,0.032295312732458115,0.01707274466753006,-0.009522623382508755,0.015878990292549133,-0.10484333336353302,-0.05263974890112877,-0.02028054930269718,0.08361181616783142,0.03566240146756172,-0.015593486838042736,0.05460416525602341,-0.05802154168486595,-0.02897052653133869,-0.004893799778074026,-0.0001621284754946828,-0.031831152737140656,0.07953257858753204,0.007621923927217722,0.009336466901004314,-0.03917814791202545,-0.00020533951465040445,0.08337251096963882,0.029400236904621124,-0.09400098770856857,0.05025321617722511,0.1085558757185936,-0.012607665732502937,-0.0552634596824646,0.05161605402827263,0.07418106496334076,0.0038672061637043953,0.06478458642959595,-0.04453352093696594,0.0026903562247753143,-0.05662871152162552,0.017224736511707306,0.010451758280396461,-0.10626963526010513,-0.07155429571866989,0.02603139728307724,-0.02064746618270874,-0.028916018083691597,-0.04742034524679184,-0.0971042662858963,-0.04653635621070862,0.026585109531879425,-0.018986230716109276,-0.040890924632549286,-0.02228548936545849,0.024465227499604225,0.04950442537665367,-0.02501855045557022,-0.023836757987737656,0.09999824315309525,0.02107245847582817,0.03615039214491844,-0.0556349903345108,0.011403191834688187,-0.018141964450478554,0.06013677269220352,-0.015704410150647163,-0.030597535893321037,-0.0592375285923481,0.007606680504977703,0.0377640500664711,0.019371772184967995,-0.015286835841834545,0.018458040431141853,0.04486466199159622,0.0788191705942154,0.03959592059254646,-0.030282840132713318,0.044521816074848175,0.06008068099617958,0.07489338517189026,0.08998408913612366,0.018195152282714844,-0.09900777041912079,0.02251206710934639,-0.015290256589651108,0.021585043519735336,-0.11101362109184265,-0.0075507876463234425,0.05295208469033241,-0.019383151084184647,0.029932906851172447,0.015680178999900818,0.011719279922544956,-0.11564590036869049,0.10739395767450333,-0.09546395391225815,0.06414811313152313,-0.012308674864470959,-0.05724044144153595,2.911855856919015e-34,0.06367432326078415,-0.06797903031110764,0.017868665978312492,0.025012558326125145,-0.07853351533412933,0.06831226497888565,-0.05563882365822792,0.009191346354782581,0.0798381119966507,0.014021966606378555,-0.004880403634160757,0.011101063340902328,0.00749590341001749,0.025361601263284683,-0.10707307606935501,0.0027797305956482887,-0.08975895494222641,-0.06950230151414871,0.02067798748612404,0.060999881476163864,-0.09097958356142044,0.0009613216971047223,0.02595794014632702,-0.022874783724546432,-0.019616488367319107,0.045889005064964294,-0.03241747245192528,0.039468489587306976,0.0939040556550026,0.04362504184246063,0.017151685431599617,-0.0003938810550607741,0.0018841048004105687,-0.11262854188680649,-0.013333155773580074,0.014167076908051968,0.048495419323444366,0.05362439155578613,0.038308922201395035,0.004800720605999231,0.009465942159295082,0.007072479464113712,0.05673971399664879,-0.09931046515703201,0.04602998495101929,0.04302641749382019,-0.0301448293030262,0.03904403746128082,-0.0554409921169281,0.05115008354187012,-0.07478943467140198,-0.12646421790122986,0.058029722422361374,0.06238188594579697,0.03940514847636223,-0.037096746265888214,-0.018980175256729126,0.08393799513578415,0.02319006249308586,0.014960037544369698,0.019224204123020172,0.05661051720380783,-0.004074770957231522,0.011723454110324383,0.030011923983693123,-0.01716732606291771,-0.04003124684095383,0.05372929200530052,-0.060682620853185654,-0.09890322387218475,0.045517437160015106,-0.036919187754392624,0.0020771529525518417,0.027235595509409904,-0.06749936938285828,-0.0011762817157432437,0.08792303502559662,-0.021389909088611603,0.028493141755461693,-0.07767391204833984,-0.01362532377243042,-0.09815961122512817,0.07190657407045364,-0.10062617063522339,-0.0786280483007431,0.03138991445302963,-0.05052710697054863,-0.10150909423828125,-0.13444584608078003,0.007999020628631115,-0.02533569745719433,0.01899605616927147,0.03334011510014534,-0.0541851632297039,-0.029846899211406708,-1.285614386100831e-33,-0.022933457046747208,-0.004710479639470577,0.010044238530099392,0.009162796661257744,0.030613820999860764,0.02708042412996292,0.1007278710603714,-0.04270746931433678,0.007540123537182808,0.027354536578059196,0.12247207015752792,0.016273437067866325,-0.033440008759498596,-0.03646615520119667,0.08690577745437622,-0.036167386919260025,-0.06153988093137741,0.01250604260712862,-0.05263404920697212,0.054819364100694656,0.021782943978905678,-0.022407276555895805,-0.007941128686070442,-0.025993816554546356,0.0057970560155808926,0.07477317750453949,-0.002723225625231862,0.08404944092035294,0.002232109662145376,-0.02255774475634098,-0.024605559185147285,-0.006454449146986008,-0.054043300449848175,0.01564580574631691,-0.059139735996723175,-0.10136011242866516,-0.025977136567234993,-0.023905981332063675,-0.03125068172812462,-0.04673020914196968,-0.0372445248067379,-0.03453250974416733,0.0065939538180828094,-0.044585153460502625,0.0308472141623497,0.061617910861968994,-0.003194628981873393,0.0027669761329889297,-0.005904821213334799,0.00886988639831543,-0.052679888904094696,0.07077032327651978,-0.03878172114491463,0.021686090156435966,-0.022124366834759712,0.07458644360303879,0.03432270139455795,0.002866145223379135,-0.03762643039226532,-0.009768725372850895,0.015239058062434196,0.04400346800684929,0.06587082147598267,0.06341198831796646,0.005989959463477135,0.06169547140598297,0.13484804332256317,0.046684782952070236,0.056080590933561325,0.03411130607128143,0.08598876744508743,-0.023121176287531853,0.01507115364074707,-0.0303233340382576,-0.009859109297394753,-0.006596419494599104,-0.06719644367694855,0.032226692885160446,-0.012149354442954063,-0.07544732093811035,-0.061625514179468155,0.027090473100543022,-0.05672966688871384,-0.06524039804935455,0.04941043630242348,-0.08127570897340775,-0.016256825998425484,-0.040815625339746475,0.014826102182269096,0.07645055651664734,-0.018477708101272583,0.03257273882627487,-0.021541498601436615,0.035326287150382996,-0.02204854227602482,-1.456895226681354e-8,0.014218241907656193,-0.07601553946733475,0.034831732511520386,0.052349504083395004,0.041041526943445206,0.02284979075193405,-0.1310947984457016,0.02448091097176075,0.014034898951649666,0.013994337990880013,0.04776563122868538,0.07752033323049545,-0.014328788965940475,0.0034182427916675806,-0.014532403089106083,0.0045755719766020775,-0.03306413069367409,-0.0066925035789608955,-0.014626914635300636,0.017542613670229912,-0.07817534357309341,-0.02192107029259205,0.010559319518506527,0.016823258250951767,0.012213882058858871,-0.05979689955711365,-0.05066818371415138,0.026349544525146484,0.016706246882677078,-0.0437377505004406,0.024004364386200905,0.09852134436368942,0.07896961271762848,-0.030725236982107162,-0.006783210206776857,0.012403576634824276,0.05364733561873436,0.0014610820217058063,-0.0362374484539032,-0.0030657481402158737,0.018298359587788582,-0.0005296121817082167,-0.026523975655436516,0.006098576355725527,0.03530704602599144,0.03880269452929497,0.04170301556587219,0.07823137938976288,-0.016712123528122902,-0.0304538793861866,-0.046794548630714417,0.09060584008693695,-0.10101278126239777,-0.05871836841106415,-0.01588059961795807,0.03639298677444458,-0.04704457148909569,0.03213420510292053,0.03933420777320862,-0.04484561085700989,0.044272784143686295,-0.04302079603075981,-0.09580610692501068,0.003261798294261098]","00000000-0000-0000-0000-000000000000","laboratory","hi",10]
query: START TRANSACTION
query: INSERT INTO "audit_events"("id", "tenantId", "subjectAbhaRefHash", "speaker", "actingPrincipal", "correlationId", "action", "entityName", "entityId", "details", "hmacKeyId", "timestamp") VALUES (DEFAULT, $1, $2, $3, $4, $5, $6, $7, $8, $9, $10, DEFAULT) RETURNING "id", "timestamp" -- PARAMETERS: ["00000000-0000-0000-0000-000000000000","5a221c7d1978e65088528da2883a866a8b0e58e7801f3030304f6814934bc0ad",null,"dev-host-user-123","vda-8851c857-3e22-40eb-bed3-a43a21f12cd9","ai_context_requested","clinical_context","284b83aa-9c86-4a35-b124-e1543ca661d5","{\"categories\":[\"LAB_REPORT\",\"INVESTIGATION\"]}","v1"]
query: COMMIT
[Nest] 29352  - 27/08/2026, 11:12:21 am     LOG [AuditService] Audit Logged: action=ai_context_requested correlationId=vda-8851c857-3e22-40eb-bed3-a43a21f12cd9 keyId=v1
query: START TRANSACTION
query: INSERT INTO "audit_events"("id", "tenantId", "subjectAbhaRefHash", "speaker", "actingPrincipal", "correlationId", "action", "entityName", "entityId", "details", "hmacKeyId", "timestamp") VALUES (DEFAULT, $1, $2, $3, $4, $5, $6, $7, $8, $9, $10, DEFAULT) RETURNING "id", "timestamp" -- PARAMETERS: ["00000000-0000-0000-0000-000000000000","5a221c7d1978e65088528da2883a866a8b0e58e7801f3030304f6814934bc0ad",null,"clinical-context-service","vda-8851c857-3e22-40eb-bed3-a43a21f12cd9","health_record_access_requested","ClinicalContext","284b83aa-9c86-4a35-b124-e1543ca661d5","{\"intent\":\"LAB_RESULT_QUERY\"}","v1"]
query: COMMIT
[Nest] 29352  - 27/08/2026, 11:12:21 am     LOG [AuditService] Audit Logged: action=health_record_access_requested correlationId=vda-8851c857-3e22-40eb-bed3-a43a21f12cd9 keyId=v1
query: SELECT "ConsentArtifact"."id" AS "ConsentArtifact_id", "ConsentArtifact"."tenantId" AS "ConsentArtifact_tenantId", "ConsentArtifact"."subjectId" AS "ConsentArtifact_subjectId", "ConsentArtifact"."consentVersion" AS "ConsentArtifact_consentVersion", "ConsentArtifact"."scopes" AS "ConsentArtifact_scopes", "ConsentArtifact"."language" AS "ConsentArtifact_language", "ConsentArtifact"."deliveryMode" AS "ConsentArtifact_deliveryMode", "ConsentArtifact"."retentionInfo" AS "ConsentArtifact_retentionInfo", "ConsentArtifact"."status" AS "ConsentArtifact_status", "ConsentArtifact"."createdAt" AS "ConsentArtifact_createdAt", "ConsentArtifact"."withdrawnAt" AS "ConsentArtifact_withdrawnAt" FROM "consent_artifacts" "ConsentArtifact" WHERE (("ConsentArtifact"."id" = $1)) LIMIT 1 -- PARAMETERS: ["ef801181-3da0-447e-b168-636c5eb8b451"]
query: START TRANSACTION
query: INSERT INTO "audit_events"("id", "tenantId", "subjectAbhaRefHash", "speaker", "actingPrincipal", "correlationId", "action", "entityName", "entityId", "details", "hmacKeyId", "timestamp") VALUES (DEFAULT, $1, $2, $3, $4, $5, $6, $7, $8, $9, $10, DEFAULT) RETURNING "id", "timestamp" -- PARAMETERS: ["00000000-0000-0000-0000-000000000000","5a221c7d1978e65088528da2883a866a8b0e58e7801f3030304f6814934bc0ad",null,"clinical-context-service","vda-8851c857-3e22-40eb-bed3-a43a21f12cd9","health_record_access_granted","ConsentArtifact","ef801181-3da0-447e-b168-636c5eb8b451","{\"consentVersion\":\"synthetic-development-v1\"}","v1"]
query: COMMIT
[Nest] 29352  - 27/08/2026, 11:12:21 am     LOG [AuditService] Audit Logged: action=health_record_access_granted correlationId=vda-8851c857-3e22-40eb-bed3-a43a21f12cd9 keyId=v1
[Nest] 29352  - 27/08/2026, 11:12:21 am     LOG [DevelopmentHealthRecordService] [DEV] fetchRecords categories=LAB_REPORT,INVESTIGATION sessionId=284b83aa-9c86-4a35-b124-e1543ca661d5
query: SELECT "Session"."id" AS "Session_id", "Session"."tenantId" AS "Session_tenantId", "Session"."externalId" AS "Session_externalId", "Session"."subjectAbhaRef" AS "Session_subjectAbhaRef", "Session"."speaker" AS "Session_speaker", "Session"."assistContextId" AS "Session_assistContextId", "Session"."consentArtifactId" AS "Session_consentArtifactId", "Session"."localeHint" AS "Session_localeHint", "Session"."deviceClass" AS "Session_deviceClass", "Session"."medicationState" AS "Session_medicationState", "Session"."status" AS "Session_status", "Session"."idleExpiresAt" AS "Session_idleExpiresAt", "Session"."absoluteExpiresAt" AS "Session_absoluteExpiresAt", "Session"."createdAt" AS "Session_createdAt", "Session"."closedAt" AS "Session_closedAt" FROM "sessions" "Session" WHERE (("Session"."id" = $1) AND ("Session"."tenantId" = $2) AND ("Session"."externalId" = $3)) LIMIT 1 -- PARAMETERS: ["284b83aa-9c86-4a35-b124-e1543ca661d5","00000000-0000-0000-0000-000000000000","dev-host-user-123"]
query: SELECT "SyntheticPatient"."id" AS "SyntheticPatient_id", "SyntheticPatient"."tenantId" AS "SyntheticPatient_tenantId", "SyntheticPatient"."syntheticPatientId" AS "SyntheticPatient_syntheticPatientId", "SyntheticPatient"."name" AS "SyntheticPatient_name", "SyntheticPatient"."age" AS "SyntheticPatient_age", "SyntheticPatient"."dateOfBirth" AS "SyntheticPatient_dateOfBirth", "SyntheticPatient"."gender" AS "SyntheticPatient_gender", "SyntheticPatient"."state" AS "SyntheticPatient_state", "SyntheticPatient"."district" AS "SyntheticPatient_district", "SyntheticPatient"."city" AS "SyntheticPatient_city", "SyntheticPatient"."locality" AS "SyntheticPatient_locality", "SyntheticPatient"."language" AS "SyntheticPatient_language", "SyntheticPatient"."timezone" AS "SyntheticPatient_timezone", "SyntheticPatient"."phoneNumber" AS "SyntheticPatient_phoneNumber", "SyntheticPatient"."clinicalProfile" AS "SyntheticPatient_clinicalProfile", "SyntheticPatient"."createdAt" AS "SyntheticPatient_createdAt", "SyntheticPatient"."updatedAt" AS "SyntheticPatient_updatedAt" FROM "synthetic_patients" "SyntheticPatient" WHERE (("SyntheticPatient"."tenantId" = $1) AND ("SyntheticPatient"."syntheticPatientId" = $2)) LIMIT 1 -- PARAMETERS: ["00000000-0000-0000-0000-000000000000","dev-787e7d0f-ef4a-487e-9cd5-3842dec82428"]
query: START TRANSACTION
query: INSERT INTO "audit_events"("id", "tenantId", "subjectAbhaRefHash", "speaker", "actingPrincipal", "correlationId", "action", "entityName", "entityId", "details", "hmacKeyId", "timestamp") VALUES (DEFAULT, $1, $2, $3, $4, $5, $6, $7, $8, $9, $10, DEFAULT) RETURNING "id", "timestamp" -- PARAMETERS: ["00000000-0000-0000-0000-000000000000","5a221c7d1978e65088528da2883a866a8b0e58e7801f3030304f6814934bc0ad",null,"clinical-context-service","vda-8851c857-3e22-40eb-bed3-a43a21f12cd9","health_record_retrieved","IHealthRecordService","284b83aa-9c86-4a35-b124-e1543ca661d5","{\"categoriesRequested\":[\"LAB_REPORT\",\"INVESTIGATION\"],\"categoriesFulfilled\":[\"LAB_REPORT\",\"INVESTIGATION\"],\"unavailableCategories\":[],\"partialResult\":false,\"providerErrorCount\":0}","v1"]
query: COMMIT
[Nest] 29352  - 27/08/2026, 11:12:21 am     LOG [AuditService] Audit Logged: action=health_record_retrieved correlationId=vda-8851c857-3e22-40eb-bed3-a43a21f12cd9 keyId=v1
query: START TRANSACTION
query: INSERT INTO "audit_events"("id", "tenantId", "subjectAbhaRefHash", "speaker", "actingPrincipal", "correlationId", "action", "entityName", "entityId", "details", "hmacKeyId", "timestamp") VALUES (DEFAULT, $1, $2, $3, $4, $5, $6, $7, $8, $9, $10, DEFAULT) RETURNING "id", "timestamp" -- PARAMETERS: ["00000000-0000-0000-0000-000000000000","5a221c7d1978e65088528da2883a866a8b0e58e7801f3030304f6814934bc0ad",null,"clinical-context-service","vda-8851c857-3e22-40eb-bed3-a43a21f12cd9","clinical_context_created","ClinicalContext","284b83aa-9c86-4a35-b124-e1543ca661d5","{\"intent\":\"LAB_RESULT_QUERY\",\"medicationCount\":0,\"prescriptionCount\":0,\"diagnosisCount\":0,\"labResultCount\":2,\"allergyCount\":0,\"unavailableCategoryCount\":0,\"partialResult\":false}","v1"]
query: COMMIT
[Nest] 29352  - 27/08/2026, 11:12:21 am     LOG [AuditService] Audit Logged: action=clinical_context_created correlationId=vda-8851c857-3e22-40eb-bed3-a43a21f12cd9 keyId=v1
query: SELECT "ConversationTurn"."id" AS "ConversationTurn_id", "ConversationTurn"."sessionId" AS "ConversationTurn_sessionId", "ConversationTurn"."turnNumber" AS "ConversationTurn_turnNumber", "ConversationTurn"."correlationId" AS "ConversationTurn_correlationId", "ConversationTurn"."speaker" AS "ConversationTurn_speaker", "ConversationTurn"."subjectRef" AS "ConversationTurn_subjectRef", "ConversationTurn"."inputText" AS "ConversationTurn_inputText", "ConversationTurn"."outputText" AS "ConversationTurn_outputText", "ConversationTurn"."responseType" AS "ConversationTurn_responseType", "ConversationTurn"."intent" AS "ConversationTurn_intent", "ConversationTurn"."selectedAgent" AS "ConversationTurn_selectedAgent", "ConversationTurn"."latency" AS "ConversationTurn_latency", "ConversationTurn"."safetyStatus" AS "ConversationTurn_safetyStatus", "ConversationTurn"."status" AS "ConversationTurn_status", "ConversationTurn"."idempotencyKey" AS "ConversationTurn_idempotencyKey", "ConversationTurn"."conversationRetentionGranted" AS "ConversationTurn_conversationRetentionGranted", "ConversationTurn"."processingStartedAt" AS "ConversationTurn_processingStartedAt", "ConversationTurn"."createdAt" AS "ConversationTurn_createdAt" FROM "conversation_turns" "ConversationTurn" WHERE (("ConversationTurn"."sessionId" = $1)) ORDER BY "ConversationTurn"."turnNumber" DESC LIMIT 4 -- PARAMETERS: ["284b83aa-9c86-4a35-b124-e1543ca661d5"]
[Nest] 29352  - 27/08/2026, 11:12:21 am     LOG [AiOrchestratorService] [RagPromptTelemetry] intent=LAB_RESULT_QUERY agent=lab-report-agent domain=laboratory chunks=0 knowledge_chars=0 clinical_context_chars=595 history_chars=105 patient_query_chars=23 total_prompt_chars=743
[Nest] 29352  - 27/08/2026, 11:12:21 am    WARN [GeminiProvider] [GeminiTelemetry] provider=gemini keySlot=1 status=failed attempt=1/2 duration_ms=415 prompt_chars=743 system_chars=2032 error=Gemini API returned status 429
[Nest] 29352  - 27/08/2026, 11:12:22 am    WARN [GeminiProvider] [GeminiTelemetry] provider=gemini keySlot=1 status=failed attempt=2/2 duration_ms=1021 prompt_chars=743 system_chars=2032 error=Gemini API returned status 429
[Nest] 29352  - 27/08/2026, 11:12:22 am    WARN [GeminiProvider] [GeminiTelemetry] provider=gemini keySlot=1 status=429 failover=true attempt=1
query: SELECT "AuditEvent"."id" AS "AuditEvent_id", "AuditEvent"."tenantId" AS "AuditEvent_tenantId", "AuditEvent"."subjectAbhaRefHash" AS "AuditEvent_subjectAbhaRefHash", "AuditEvent"."speaker" AS "AuditEvent_speaker", "AuditEvent"."actingPrincipal" AS "AuditEvent_actingPrincipal", "AuditEvent"."correlationId" AS "AuditEvent_correlationId", "AuditEvent"."action" AS "AuditEvent_action", "AuditEvent"."entityName" AS "AuditEvent_entityName", "AuditEvent"."entityId" AS "AuditEvent_entityId", "AuditEvent"."details" AS "AuditEvent_details", "AuditEvent"."hmacKeyId" AS "AuditEvent_hmacKeyId", "AuditEvent"."timestamp" AS "AuditEvent_timestamp" FROM "audit_events" "AuditEvent" ORDER BY "AuditEvent"."timestamp" DESC LIMIT 50
[Nest] 29352  - 27/08/2026, 11:12:22 am     LOG [DevelopmentAuditExporter] [DEV_AUDIT_EXPORTER] Processing batch export count=50
[Nest] 29352  - 27/08/2026, 11:12:22 am    WARN [GeminiProvider] [GeminiTelemetry] provider=gemini keySlot=2 status=failed attempt=1/2 duration_ms=457 prompt_chars=743 system_chars=2032 error=Gemini API returned status 429
[Nest] 29352  - 27/08/2026, 11:12:23 am    WARN [GeminiProvider] [GeminiTelemetry] provider=gemini keySlot=2 status=failed attempt=2/2 duration_ms=1084 prompt_chars=743 system_chars=2032 error=Gemini API returned status 429
[Nest] 29352  - 27/08/2026, 11:12:23 am    WARN [GeminiProvider] [GeminiTelemetry] provider=gemini keySlot=2 status=429 failover=true attempt=2
query: SELECT "AuditEvent"."id" AS "AuditEvent_id", "AuditEvent"."tenantId" AS "AuditEvent_tenantId", "AuditEvent"."subjectAbhaRefHash" AS "AuditEvent_subjectAbhaRefHash", "AuditEvent"."speaker" AS "AuditEvent_speaker", "AuditEvent"."actingPrincipal" AS "AuditEvent_actingPrincipal", "AuditEvent"."correlationId" AS "AuditEvent_correlationId", "AuditEvent"."action" AS "AuditEvent_action", "AuditEvent"."entityName" AS "AuditEvent_entityName", "AuditEvent"."entityId" AS "AuditEvent_entityId", "AuditEvent"."details" AS "AuditEvent_details", "AuditEvent"."hmacKeyId" AS "AuditEvent_hmacKeyId", "AuditEvent"."timestamp" AS "AuditEvent_timestamp" FROM "audit_events" "AuditEvent" ORDER BY "AuditEvent"."timestamp" DESC LIMIT 50
[Nest] 29352  - 27/08/2026, 11:12:27 am     LOG [DevelopmentAuditExporter] [DEV_AUDIT_EXPORTER] Processing batch export count=50
query: SELECT "AuditEvent"."id" AS "AuditEvent_id", "AuditEvent"."tenantId" AS "AuditEvent_tenantId", "AuditEvent"."subjectAbhaRefHash" AS "AuditEvent_subjectAbhaRefHash", "AuditEvent"."speaker" AS "AuditEvent_speaker", "AuditEvent"."actingPrincipal" AS "AuditEvent_actingPrincipal", "AuditEvent"."correlationId" AS "AuditEvent_correlationId", "AuditEvent"."action" AS "AuditEvent_action", "AuditEvent"."entityName" AS "AuditEvent_entityName", "AuditEvent"."entityId" AS "AuditEvent_entityId", "AuditEvent"."details" AS "AuditEvent_details", "AuditEvent"."hmacKeyId" AS "AuditEvent_hmacKeyId", "AuditEvent"."timestamp" AS "AuditEvent_timestamp" FROM "audit_events" "AuditEvent" ORDER BY "AuditEvent"."timestamp" DESC LIMIT 50
[Nest] 29352  - 27/08/2026, 11:12:32 am     LOG [DevelopmentAuditExporter] [DEV_AUDIT_EXPORTER] Processing batch export count=50
query: SELECT "AuditEvent"."id" AS "AuditEvent_id", "AuditEvent"."tenantId" AS "AuditEvent_tenantId", "AuditEvent"."subjectAbhaRefHash" AS "AuditEvent_subjectAbhaRefHash", "AuditEvent"."speaker" AS "AuditEvent_speaker", "AuditEvent"."actingPrincipal" AS "AuditEvent_actingPrincipal", "AuditEvent"."correlationId" AS "AuditEvent_correlationId", "AuditEvent"."action" AS "AuditEvent_action", "AuditEvent"."entityName" AS "AuditEvent_entityName", "AuditEvent"."entityId" AS "AuditEvent_entityId", "AuditEvent"."details" AS "AuditEvent_details", "AuditEvent"."hmacKeyId" AS "AuditEvent_hmacKeyId", "AuditEvent"."timestamp" AS "AuditEvent_timestamp" FROM "audit_events" "AuditEvent" ORDER BY "AuditEvent"."timestamp" DESC LIMIT 50
[Nest] 29352  - 27/08/2026, 11:12:37 am     LOG [DevelopmentAuditExporter] [DEV_AUDIT_EXPORTER] Processing batch export count=50
query: SELECT "AuditEvent"."id" AS "AuditEvent_id", "AuditEvent"."tenantId" AS "AuditEvent_tenantId", "AuditEvent"."subjectAbhaRefHash" AS "AuditEvent_subjectAbhaRefHash", "AuditEvent"."speaker" AS "AuditEvent_speaker", "AuditEvent"."actingPrincipal" AS "AuditEvent_actingPrincipal", "AuditEvent"."correlationId" AS "AuditEvent_correlationId", "AuditEvent"."action" AS "AuditEvent_action", "AuditEvent"."entityName" AS "AuditEvent_entityName", "AuditEvent"."entityId" AS "AuditEvent_entityId", "AuditEvent"."details" AS "AuditEvent_details", "AuditEvent"."hmacKeyId" AS "AuditEvent_hmacKeyId", "AuditEvent"."timestamp" AS "AuditEvent_timestamp" FROM "audit_events" "AuditEvent" ORDER BY "AuditEvent"."timestamp" DESC LIMIT 50
[Nest] 29352  - 27/08/2026, 11:12:42 am     LOG [DevelopmentAuditExporter] [DEV_AUDIT_EXPORTER] Processing batch export count=50
[Nest] 29352  - 27/08/2026, 11:12:44 am    WARN [GeminiProvider] [GeminiTelemetry] provider=gemini keySlot=3 json_parse=false response_chars=2989
[Nest] 29352  - 27/08/2026, 11:12:44 am     LOG [GeminiProvider] [GeminiTelemetry] provider=gemini keySlot=3 status=success failover=true attempts=1 duration_ms=20791 prompt_chars=743 system_chars=2032
[Nest] 29352  - 27/08/2026, 11:12:44 am    WARN [GeminiProvider] [GeminiTelemetry] provider=gemini keySlot=3 status=failed attempt=1/2 duration_ms=191 prompt_chars=743 system_chars=2120 error=Gemini API returned status 429
[Nest] 29352  - 27/08/2026, 11:12:45 am    WARN [GeminiProvider] [GeminiTelemetry] provider=gemini keySlot=3 status=failed attempt=2/2 duration_ms=797 prompt_chars=743 system_chars=2120 error=Gemini API returned status 429
[Nest] 29352  - 27/08/2026, 11:12:45 am    WARN [GeminiProvider] [GeminiTelemetry] provider=gemini keySlot=3 status=429 failover=true attempt=1
query: SELECT "AuditEvent"."id" AS "AuditEvent_id", "AuditEvent"."tenantId" AS "AuditEvent_tenantId", "AuditEvent"."subjectAbhaRefHash" AS "AuditEvent_subjectAbhaRefHash", "AuditEvent"."speaker" AS "AuditEvent_speaker", "AuditEvent"."actingPrincipal" AS "AuditEvent_actingPrincipal", "AuditEvent"."correlationId" AS "AuditEvent_correlationId", "AuditEvent"."action" AS "AuditEvent_action", "AuditEvent"."entityName" AS "AuditEvent_entityName", "AuditEvent"."entityId" AS "AuditEvent_entityId", "AuditEvent"."details" AS "AuditEvent_details", "AuditEvent"."hmacKeyId" AS "AuditEvent_hmacKeyId", "AuditEvent"."timestamp" AS "AuditEvent_timestamp" FROM "audit_events" "AuditEvent" ORDER BY "AuditEvent"."timestamp" DESC LIMIT 50
[Nest] 29352  - 27/08/2026, 11:12:47 am     LOG [DevelopmentAuditExporter] [DEV_AUDIT_EXPORTER] Processing batch export count=50
query: SELECT "AuditEvent"."id" AS "AuditEvent_id", "AuditEvent"."tenantId" AS "AuditEvent_tenantId", "AuditEvent"."subjectAbhaRefHash" AS "AuditEvent_subjectAbhaRefHash", "AuditEvent"."speaker" AS "AuditEvent_speaker", "AuditEvent"."actingPrincipal" AS "AuditEvent_actingPrincipal", "AuditEvent"."correlationId" AS "AuditEvent_correlationId", "AuditEvent"."action" AS "AuditEvent_action", "AuditEvent"."entityName" AS "AuditEvent_entityName", "AuditEvent"."entityId" AS "AuditEvent_entityId", "AuditEvent"."details" AS "AuditEvent_details", "AuditEvent"."hmacKeyId" AS "AuditEvent_hmacKeyId", "AuditEvent"."timestamp" AS "AuditEvent_timestamp" FROM "audit_events" "AuditEvent" ORDER BY "AuditEvent"."timestamp" DESC LIMIT 50
[Nest] 29352  - 27/08/2026, 11:12:52 am     LOG [DevelopmentAuditExporter] [DEV_AUDIT_EXPORTER] Processing batch export count=50
query: SELECT "AuditEvent"."id" AS "AuditEvent_id", "AuditEvent"."tenantId" AS "AuditEvent_tenantId", "AuditEvent"."subjectAbhaRefHash" AS "AuditEvent_subjectAbhaRefHash", "AuditEvent"."speaker" AS "AuditEvent_speaker", "AuditEvent"."actingPrincipal" AS "AuditEvent_actingPrincipal", "AuditEvent"."correlationId" AS "AuditEvent_correlationId", "AuditEvent"."action" AS "AuditEvent_action", "AuditEvent"."entityName" AS "AuditEvent_entityName", "AuditEvent"."entityId" AS "AuditEvent_entityId", "AuditEvent"."details" AS "AuditEvent_details", "AuditEvent"."hmacKeyId" AS "AuditEvent_hmacKeyId", "AuditEvent"."timestamp" AS "AuditEvent_timestamp" FROM "audit_events" "AuditEvent" ORDER BY "AuditEvent"."timestamp" DESC LIMIT 50
[Nest] 29352  - 27/08/2026, 11:12:57 am     LOG [DevelopmentAuditExporter] [DEV_AUDIT_EXPORTER] Processing batch export count=50
query: SELECT "AuditEvent"."id" AS "AuditEvent_id", "AuditEvent"."tenantId" AS "AuditEvent_tenantId", "AuditEvent"."subjectAbhaRefHash" AS "AuditEvent_subjectAbhaRefHash", "AuditEvent"."speaker" AS "AuditEvent_speaker", "AuditEvent"."actingPrincipal" AS "AuditEvent_actingPrincipal", "AuditEvent"."correlationId" AS "AuditEvent_correlationId", "AuditEvent"."action" AS "AuditEvent_action", "AuditEvent"."entityName" AS "AuditEvent_entityName", "AuditEvent"."entityId" AS "AuditEvent_entityId", "AuditEvent"."details" AS "AuditEvent_details", "AuditEvent"."hmacKeyId" AS "AuditEvent_hmacKeyId", "AuditEvent"."timestamp" AS "AuditEvent_timestamp" FROM "audit_events" "AuditEvent" ORDER BY "AuditEvent"."timestamp" DESC LIMIT 50
[Nest] 29352  - 27/08/2026, 11:13:02 am     LOG [DevelopmentAuditExporter] [DEV_AUDIT_EXPORTER] Processing batch export count=50
query: SELECT "AuditEvent"."id" AS "AuditEvent_id", "AuditEvent"."tenantId" AS "AuditEvent_tenantId", "AuditEvent"."subjectAbhaRefHash" AS "AuditEvent_subjectAbhaRefHash", "AuditEvent"."speaker" AS "AuditEvent_speaker", "AuditEvent"."actingPrincipal" AS "AuditEvent_actingPrincipal", "AuditEvent"."correlationId" AS "AuditEvent_correlationId", "AuditEvent"."action" AS "AuditEvent_action", "AuditEvent"."entityName" AS "AuditEvent_entityName", "AuditEvent"."entityId" AS "AuditEvent_entityId", "AuditEvent"."details" AS "AuditEvent_details", "AuditEvent"."hmacKeyId" AS "AuditEvent_hmacKeyId", "AuditEvent"."timestamp" AS "AuditEvent_timestamp" FROM "audit_events" "AuditEvent" ORDER BY "AuditEvent"."timestamp" DESC LIMIT 50
[Nest] 29352  - 27/08/2026, 11:13:07 am     LOG [DevelopmentAuditExporter] [DEV_AUDIT_EXPORTER] Processing batch export count=50
query: SELECT "AuditEvent"."id" AS "AuditEvent_id", "AuditEvent"."tenantId" AS "AuditEvent_tenantId", "AuditEvent"."subjectAbhaRefHash" AS "AuditEvent_subjectAbhaRefHash", "AuditEvent"."speaker" AS "AuditEvent_speaker", "AuditEvent"."actingPrincipal" AS "AuditEvent_actingPrincipal", "AuditEvent"."correlationId" AS "AuditEvent_correlationId", "AuditEvent"."action" AS "AuditEvent_action", "AuditEvent"."entityName" AS "AuditEvent_entityName", "AuditEvent"."entityId" AS "AuditEvent_entityId", "AuditEvent"."details" AS "AuditEvent_details", "AuditEvent"."hmacKeyId" AS "AuditEvent_hmacKeyId", "AuditEvent"."timestamp" AS "AuditEvent_timestamp" FROM "audit_events" "AuditEvent" ORDER BY "AuditEvent"."timestamp" DESC LIMIT 50
[Nest] 29352  - 27/08/2026, 11:13:12 am     LOG [DevelopmentAuditExporter] [DEV_AUDIT_EXPORTER] Processing batch export count=50
[Nest] 29352  - 27/08/2026, 11:13:15 am    WARN [GeminiProvider] [GeminiTelemetry] provider=gemini keySlot=4 status=failed attempt=1/2 duration_ms=30008 prompt_chars=743 system_chars=2120 error=This operation was aborted
query: SELECT "AuditEvent"."id" AS "AuditEvent_id", "AuditEvent"."tenantId" AS "AuditEvent_tenantId", "AuditEvent"."subjectAbhaRefHash" AS "AuditEvent_subjectAbhaRefHash", "AuditEvent"."speaker" AS "AuditEvent_speaker", "AuditEvent"."actingPrincipal" AS "AuditEvent_actingPrincipal", "AuditEvent"."correlationId" AS "AuditEvent_correlationId", "AuditEvent"."action" AS "AuditEvent_action", "AuditEvent"."entityName" AS "AuditEvent_entityName", "AuditEvent"."entityId" AS "AuditEvent_entityId", "AuditEvent"."details" AS "AuditEvent_details", "AuditEvent"."hmacKeyId" AS "AuditEvent_hmacKeyId", "AuditEvent"."timestamp" AS "AuditEvent_timestamp" FROM "audit_events" "AuditEvent" ORDER BY "AuditEvent"."timestamp" DESC LIMIT 50
[Nest] 29352  - 27/08/2026, 11:13:17 am     LOG [DevelopmentAuditExporter] [DEV_AUDIT_EXPORTER] Processing batch export count=50
query: SELECT "AuditEvent"."id" AS "AuditEvent_id", "AuditEvent"."tenantId" AS "AuditEvent_tenantId", "AuditEvent"."subjectAbhaRefHash" AS "AuditEvent_subjectAbhaRefHash", "AuditEvent"."speaker" AS "AuditEvent_speaker", "AuditEvent"."actingPrincipal" AS "AuditEvent_actingPrincipal", "AuditEvent"."correlationId" AS "AuditEvent_correlationId", "AuditEvent"."action" AS "AuditEvent_action", "AuditEvent"."entityName" AS "AuditEvent_entityName", "AuditEvent"."entityId" AS "AuditEvent_entityId", "AuditEvent"."details" AS "AuditEvent_details", "AuditEvent"."hmacKeyId" AS "AuditEvent_hmacKeyId", "AuditEvent"."timestamp" AS "AuditEvent_timestamp" FROM "audit_events" "AuditEvent" ORDER BY "AuditEvent"."timestamp" DESC LIMIT 50
[Nest] 29352  - 27/08/2026, 11:13:22 am     LOG [DevelopmentAuditExporter] [DEV_AUDIT_EXPORTER] Processing batch export count=50
query: SELECT "AuditEvent"."id" AS "AuditEvent_id", "AuditEvent"."tenantId" AS "AuditEvent_tenantId", "AuditEvent"."subjectAbhaRefHash" AS "AuditEvent_subjectAbhaRefHash", "AuditEvent"."speaker" AS "AuditEvent_speaker", "AuditEvent"."actingPrincipal" AS "AuditEvent_actingPrincipal", "AuditEvent"."correlationId" AS "AuditEvent_correlationId", "AuditEvent"."action" AS "AuditEvent_action", "AuditEvent"."entityName" AS "AuditEvent_entityName", "AuditEvent"."entityId" AS "AuditEvent_entityId", "AuditEvent"."details" AS "AuditEvent_details", "AuditEvent"."hmacKeyId" AS "AuditEvent_hmacKeyId", "AuditEvent"."timestamp" AS "AuditEvent_timestamp" FROM "audit_events" "AuditEvent" ORDER BY "AuditEvent"."timestamp" DESC LIMIT 50
[Nest] 29352  - 27/08/2026, 11:13:27 am     LOG [DevelopmentAuditExporter] [DEV_AUDIT_EXPORTER] Processing batch export count=50
query: SELECT "AuditEvent"."id" AS "AuditEvent_id", "AuditEvent"."tenantId" AS "AuditEvent_tenantId", "AuditEvent"."subjectAbhaRefHash" AS "AuditEvent_subjectAbhaRefHash", "AuditEvent"."speaker" AS "AuditEvent_speaker", "AuditEvent"."actingPrincipal" AS "AuditEvent_actingPrincipal", "AuditEvent"."correlationId" AS "AuditEvent_correlationId", "AuditEvent"."action" AS "AuditEvent_action", "AuditEvent"."entityName" AS "AuditEvent_entityName", "AuditEvent"."entityId" AS "AuditEvent_entityId", "AuditEvent"."details" AS "AuditEvent_details", "AuditEvent"."hmacKeyId" AS "AuditEvent_hmacKeyId", "AuditEvent"."timestamp" AS "AuditEvent_timestamp" FROM "audit_events" "AuditEvent" ORDER BY "AuditEvent"."timestamp" DESC LIMIT 50
[Nest] 29352  - 27/08/2026, 11:13:32 am     LOG [DevelopmentAuditExporter] [DEV_AUDIT_EXPORTER] Processing batch export count=50
query: SELECT "AuditEvent"."id" AS "AuditEvent_id", "AuditEvent"."tenantId" AS "AuditEvent_tenantId", "AuditEvent"."subjectAbhaRefHash" AS "AuditEvent_subjectAbhaRefHash", "AuditEvent"."speaker" AS "AuditEvent_speaker", "AuditEvent"."actingPrincipal" AS "AuditEvent_actingPrincipal", "AuditEvent"."correlationId" AS "AuditEvent_correlationId", "AuditEvent"."action" AS "AuditEvent_action", "AuditEvent"."entityName" AS "AuditEvent_entityName", "AuditEvent"."entityId" AS "AuditEvent_entityId", "AuditEvent"."details" AS "AuditEvent_details", "AuditEvent"."hmacKeyId" AS "AuditEvent_hmacKeyId", "AuditEvent"."timestamp" AS "AuditEvent_timestamp" FROM "audit_events" "AuditEvent" ORDER BY "AuditEvent"."timestamp" DESC LIMIT 50
[Nest] 29352  - 27/08/2026, 11:13:37 am     LOG [DevelopmentAuditExporter] [DEV_AUDIT_EXPORTER] Processing batch export count=50
