[Nest] 16120  - 01/09/2026, 4:49:23 pm     LOG [NestFactory] Starting Nest application...
[Nest] 16120  - 01/09/2026, 4:49:23 pm     LOG [InstanceLoader] TypeOrmModule dependencies initialized +40ms
[Nest] 16120  - 01/09/2026, 4:49:23 pm     LOG [InstanceLoader] TenantsModule dependencies initialized +1ms
[Nest] 16120  - 01/09/2026, 4:49:23 pm     LOG [InstanceLoader] UsersModule dependencies initialized +0ms
[Nest] 16120  - 01/09/2026, 4:49:23 pm     LOG [InstanceLoader] PiiModule dependencies initialized +2ms
[Nest] 16120  - 01/09/2026, 4:49:23 pm     LOG [InstanceLoader] SafetyModule dependencies initialized +1ms
[Nest] 16120  - 01/09/2026, 4:49:23 pm     LOG [InstanceLoader] WorkflowsModule dependencies initialized +1ms
[Nest] 16120  - 01/09/2026, 4:49:23 pm     LOG [InstanceLoader] OrchestrationModule dependencies initialized +0ms
[Nest] 16120  - 01/09/2026, 4:49:23 pm     LOG [InstanceLoader] RagModule dependencies initialized +1ms
[Nest] 16120  - 01/09/2026, 4:49:23 pm     LOG [InstanceLoader] ReviewModule dependencies initialized +0ms
[Nest] 16120  - 01/09/2026, 4:49:23 pm     LOG [InstanceLoader] NotificationsModule dependencies initialized +0ms
[Nest] 16120  - 01/09/2026, 4:49:23 pm     LOG [InstanceLoader] CommonModule dependencies initialized +1ms
[Nest] 16120  - 01/09/2026, 4:49:23 pm     LOG [InstanceLoader] ConfigHostModule dependencies initialized +0ms
[Nest] 16120  - 01/09/2026, 4:49:23 pm     LOG [InstanceLoader] ConfigModule dependencies initialized +1ms
[Nest] 16120  - 01/09/2026, 4:49:23 pm     LOG [InstanceLoader] AgentsModule dependencies initialized +0ms
[Nest] 16120  - 01/09/2026, 4:49:23 pm     LOG [InstanceLoader] ConfigurationModule dependencies initialized +2ms
[Nest] 16120  - 01/09/2026, 4:49:23 pm     LOG [InstanceLoader] RedisModule dependencies initialized +1ms
[Nest] 16120  - 01/09/2026, 4:49:23 pm     LOG [InstanceLoader] DatabaseModule dependencies initialized +1ms
[Nest] 16120  - 01/09/2026, 4:49:23 pm     LOG [InstanceLoader] ObservabilityModule dependencies initialized +77ms
[Nest] 16120  - 01/09/2026, 4:49:23 pm     LOG [InstanceLoader] AuthModule dependencies initialized +1ms
[Nest] 16120  - 01/09/2026, 4:49:23 pm     LOG [InstanceLoader] VoiceModule dependencies initialized +0ms
[Nest] 16120  - 01/09/2026, 4:49:23 pm     LOG [LocalSemanticEmbeddingProvider] Local ONNX embedding worker initialized (all-MiniLM-L6-v2, 384-dim)
[Nest] 16120  - 01/09/2026, 4:49:23 pm     LOG [RedisService] Redis connected successfully
query: SELECT version()
query: SELECT * FROM current_schema()
query: CREATE EXTENSION IF NOT EXISTS "uuid-ossp"
query: CREATE EXTENSION IF NOT EXISTS "vector"
[Nest] 16120  - 01/09/2026, 4:49:23 pm     LOG [InstanceLoader] AppModule dependencies initialized +148ms
[Nest] 16120  - 01/09/2026, 4:49:23 pm     LOG [InstanceLoader] TypeOrmCoreModule dependencies initialized +2ms
[Nest] 16120  - 01/09/2026, 4:49:23 pm     LOG [InstanceLoader] TypeOrmModule dependencies initialized +0ms
[Nest] 16120  - 01/09/2026, 4:49:23 pm     LOG [InstanceLoader] TypeOrmModule dependencies initialized +1ms
[Nest] 16120  - 01/09/2026, 4:49:23 pm     LOG [InstanceLoader] TypeOrmModule dependencies initialized +0ms
[Nest] 16120  - 01/09/2026, 4:49:23 pm     LOG [InstanceLoader] TypeOrmModule dependencies initialized +0ms
[Nest] 16120  - 01/09/2026, 4:49:23 pm     LOG [InstanceLoader] TypeOrmModule dependencies initialized +1ms
[Nest] 16120  - 01/09/2026, 4:49:23 pm     LOG [InstanceLoader] TypeOrmModule dependencies initialized +0ms
[Nest] 16120  - 01/09/2026, 4:49:23 pm     LOG [InstanceLoader] TypeOrmModule dependencies initialized +0ms
[Nest] 16120  - 01/09/2026, 4:49:23 pm     LOG [InstanceLoader] TypeOrmModule dependencies initialized +1ms
[Nest] 16120  - 01/09/2026, 4:49:23 pm     LOG [InstanceLoader] TypeOrmModule dependencies initialized +0ms
[Nest] 16120  - 01/09/2026, 4:49:23 pm     LOG [InstanceLoader] TypeOrmModule dependencies initialized +1ms
[Nest] 16120  - 01/09/2026, 4:49:23 pm     LOG [InstanceLoader] TypeOrmModule dependencies initialized +0ms
[Nest] 16120  - 01/09/2026, 4:49:23 pm     LOG [InstanceLoader] TypeOrmModule dependencies initialized +1ms
[Nest] 16120  - 01/09/2026, 4:49:23 pm     LOG [InstanceLoader] TypeOrmModule dependencies initialized +1ms
[Nest] 16120  - 01/09/2026, 4:49:23 pm     LOG [InstanceLoader] ConsentModule dependencies initialized +3ms
[Nest] 16120  - 01/09/2026, 4:49:23 pm     LOG [InstanceLoader] AuditModule dependencies initialized +1ms
[Nest] 16120  - 01/09/2026, 4:49:23 pm     LOG [InstanceLoader] HealthModule dependencies initialized +3ms
[Nest] 16120  - 01/09/2026, 4:49:23 pm     LOG [InstanceLoader] SchemeModule dependencies initialized +4ms
[Nest] 16120  - 01/09/2026, 4:49:23 pm     LOG [AbdmModule] ABDM_ENABLED is false. Registering DevelopmentHealthRecordService with synthetic fixtures.
[Nest] 16120  - 01/09/2026, 4:49:23 pm     LOG [InstanceLoader] FacilityModule dependencies initialized +1ms
[Nest] 16120  - 01/09/2026, 4:49:23 pm     LOG [InstanceLoader] PrescriptionModule dependencies initialized +0ms
[Nest] 16120  - 01/09/2026, 4:49:23 pm     LOG [InstanceLoader] MedicationModule dependencies initialized +1ms
[Nest] 16120  - 01/09/2026, 4:49:23 pm     LOG [InstanceLoader] EscalationModule dependencies initialized +0ms
[Nest] 16120  - 01/09/2026, 4:49:23 pm     LOG [InstanceLoader] KnowledgeModule dependencies initialized +0ms
[Nest] 16120  - 01/09/2026, 4:49:23 pm     LOG [InstanceLoader] EvaluationModule dependencies initialized +0ms
[Nest] 16120  - 01/09/2026, 4:49:23 pm     LOG [InstanceLoader] SessionsModule dependencies initialized +1ms
[Nest] 16120  - 01/09/2026, 4:49:23 pm     LOG [InstanceLoader] AiModule dependencies initialized +0ms
[Nest] 16120  - 01/09/2026, 4:49:23 pm     LOG [InstanceLoader] DevDemoModule dependencies initialized +1ms
[Nest] 16120  - 01/09/2026, 4:49:23 pm     LOG [InstanceLoader] AbdmModule dependencies initialized +0ms
[Nest] 16120  - 01/09/2026, 4:49:23 pm     LOG [InstanceLoader] ConversationsModule dependencies initialized +2ms
[Nest] 16120  - 01/09/2026, 4:49:23 pm    WARN [LegacyRouteConverter] Unsupported route path: "/api/v1/*". In previous versions, the symbols ?, *, and + were used to denote optional or repeating path parameters. The latest version of "path-to-regexp" now requires the use of named parameters. For example, instead of using a route like /users/* to capture all routes starting with "/users", you should use /users/*path. For more details, refer to the migration guide. Attempting to auto-convert to "/api/v1/{*path}"...
[Nest] 16120  - 01/09/2026, 4:49:23 pm     LOG [RoutesResolver] AppController {/api/v1}: +1ms
[Nest] 16120  - 01/09/2026, 4:49:23 pm     LOG [RouterExplorer] Mapped {/api/v1, GET} route +4ms
[Nest] 16120  - 01/09/2026, 4:49:23 pm     LOG [RouterExplorer] Mapped {/api/v1/health, GET} route +1ms
[Nest] 16120  - 01/09/2026, 4:49:23 pm     LOG [RoutesResolver] DevAuthController {/api/v1/dev/auth}: +1ms
[Nest] 16120  - 01/09/2026, 4:49:23 pm     LOG [RouterExplorer] Mapped {/api/v1/dev/auth/token, GET} route +1ms
[Nest] 16120  - 01/09/2026, 4:49:23 pm     LOG [RoutesResolver] SessionsController {/api/v1/sessions}: +0ms
[Nest] 16120  - 01/09/2026, 4:49:23 pm     LOG [RouterExplorer] Mapped {/api/v1/sessions, POST} route +1ms
[Nest] 16120  - 01/09/2026, 4:49:23 pm     LOG [RouterExplorer] Mapped {/api/v1/sessions/:session_id/close, POST} route +1ms
[Nest] 16120  - 01/09/2026, 4:49:23 pm     LOG [RoutesResolver] TurnsController {/api/v1/sessions/:session_id/turns}: +0ms
[Nest] 16120  - 01/09/2026, 4:49:23 pm     LOG [RouterExplorer] Mapped {/api/v1/sessions/:session_id/turns, POST} route +1ms
[Nest] 16120  - 01/09/2026, 4:49:23 pm     LOG [RoutesResolver] AbdmHiuCallbackController {/api/v1/api/v3/hiu}: +0ms
[Nest] 16120  - 01/09/2026, 4:49:23 pm     LOG [RouterExplorer] Mapped {/api/v1/api/v3/hiu/consent/request/on-init, POST} route +4ms
[Nest] 16120  - 01/09/2026, 4:49:23 pm     LOG [RouterExplorer] Mapped {/api/v1/api/v3/hiu/consent/request/notify, POST} route +1ms
[Nest] 16120  - 01/09/2026, 4:49:23 pm     LOG [RouterExplorer] Mapped {/api/v1/api/v3/hiu/consent/on-fetch, POST} route +1ms
[Nest] 16120  - 01/09/2026, 4:49:23 pm     LOG [RouterExplorer] Mapped {/api/v1/api/v3/hiu/health-information/on-request, POST} route +1ms
[Nest] 16120  - 01/09/2026, 4:49:23 pm     LOG [RouterExplorer] Mapped {/api/v1/api/v3/hiu/data/notification, POST} route +1ms
[Nest] 16120  - 01/09/2026, 4:49:23 pm     LOG [RoutesResolver] DevDemoController {/api/v1/dev/demo}: +0ms
[Nest] 16120  - 01/09/2026, 4:49:23 pm     LOG [RouterExplorer] Mapped {/api/v1/dev/demo/session, POST} route +1ms
[Nest] 16120  - 01/09/2026, 4:49:23 pm     LOG [RouterExplorer] Mapped {/api/v1/dev/demo/patients, GET} route +1ms
[Nest] 16120  - 01/09/2026, 4:49:23 pm     LOG [RouterExplorer] Mapped {/api/v1/dev/demo/patient-selection, GET} route +1ms
[Nest] 16120  - 01/09/2026, 4:49:23 pm     LOG [RouterExplorer] Mapped {/api/v1/dev/demo/patient-selection/:id/session, POST} route +0ms
[Nest] 16120  - 01/09/2026, 4:49:23 pm     LOG [RouterExplorer] Mapped {/api/v1/dev/demo/patients, POST} route +1ms
[Nest] 16120  - 01/09/2026, 4:49:23 pm     LOG [RouterExplorer] Mapped {/api/v1/dev/demo/patients/:id, GET} route +1ms
[Nest] 16120  - 01/09/2026, 4:49:23 pm     LOG [RouterExplorer] Mapped {/api/v1/dev/demo/patients/:id, PATCH} route +1ms
[Nest] 16120  - 01/09/2026, 4:49:23 pm     LOG [RouterExplorer] Mapped {/api/v1/dev/demo/patients/:id, DELETE} route +1ms
[Nest] 16120  - 01/09/2026, 4:49:23 pm     LOG [RouterExplorer] Mapped {/api/v1/dev/demo/patients/:id/session, POST} route +0ms
[Nest] 16120  - 01/09/2026, 4:49:23 pm     LOG [RouterExplorer] Mapped {/api/v1/dev/demo/sessions/:sessionId/patient-context, GET} route +1ms
[Nest] 16120  - 01/09/2026, 4:49:23 pm     LOG [RouterExplorer] Mapped {/api/v1/dev/demo/feedback, POST} route +0ms
[Nest] 16120  - 01/09/2026, 4:49:23 pm     LOG [RoutesResolver] AdminKnowledgeController {/api/v1/admin/knowledge}: +1ms
[Nest] 16120  - 01/09/2026, 4:49:23 pm     LOG [RouterExplorer] Mapped {/api/v1/admin/knowledge/documents, POST} route +1ms
[Nest] 16120  - 01/09/2026, 4:49:23 pm     LOG [RouterExplorer] Mapped {/api/v1/admin/knowledge/documents, GET} route +0ms
[Nest] 16120  - 01/09/2026, 4:49:23 pm     LOG [RouterExplorer] Mapped {/api/v1/admin/knowledge/documents/:id, GET} route +1ms
[Nest] 16120  - 01/09/2026, 4:49:23 pm     LOG [RouterExplorer] Mapped {/api/v1/admin/knowledge/documents/:id, PATCH} route +1ms
[Nest] 16120  - 01/09/2026, 4:49:23 pm     LOG [RouterExplorer] Mapped {/api/v1/admin/knowledge/documents/:id, DELETE} route +1ms
[Nest] 16120  - 01/09/2026, 4:49:23 pm     LOG [RouterExplorer] Mapped {/api/v1/admin/knowledge/documents/:id/process, POST} route +0ms
[Nest] 16120  - 01/09/2026, 4:49:23 pm     LOG [RouterExplorer] Mapped {/api/v1/admin/knowledge/documents/:id/approve, POST} route +1ms
[Nest] 16120  - 01/09/2026, 4:49:23 pm     LOG [RouterExplorer] Mapped {/api/v1/admin/knowledge/documents/:id/publish, POST} route +1ms
[Nest] 16120  - 01/09/2026, 4:49:23 pm     LOG [RouterExplorer] Mapped {/api/v1/admin/knowledge/documents/:id/supersede, POST} route +1ms
[Nest] 16120  - 01/09/2026, 4:49:23 pm     LOG [RouterExplorer] Mapped {/api/v1/admin/knowledge/reindex, POST} route +0ms
[Nest] 16120  - 01/09/2026, 4:49:23 pm     LOG [RouterExplorer] Mapped {/api/v1/admin/knowledge/search, GET} route +1ms
[Nest] 16120  - 01/09/2026, 4:49:23 pm     LOG [RoutesResolver] MetricsController {/api/v1/metrics}: +0ms
[Nest] 16120  - 01/09/2026, 4:49:23 pm     LOG [RouterExplorer] Mapped {/metrics, GET} route +2ms
[Nest] 16120  - 01/09/2026, 4:49:23 pm     LOG [RoutesResolver] FacilityAdminController {/api/v1/admin/facilities}: +1ms
[Nest] 16120  - 01/09/2026, 4:49:23 pm     LOG [RouterExplorer] Mapped {/api/v1/admin/facilities/import/structured, POST} route +0ms
[Nest] 16120  - 01/09/2026, 4:49:23 pm     LOG [RouterExplorer] Mapped {/api/v1/admin/facilities/import/documents/:documentId, POST} route +1ms
[Nest] 16120  - 01/09/2026, 4:49:23 pm     LOG [RouterExplorer] Mapped {/api/v1/admin/facilities/import/documents/:documentId/file, POST} route +1ms
[Nest] 16120  - 01/09/2026, 4:49:23 pm     LOG [RouterExplorer] Mapped {/api/v1/admin/facilities, GET} route +0ms
[Nest] 16120  - 01/09/2026, 4:49:23 pm     LOG [RoutesResolver] SchemeAdminController {/api/v1/admin/schemes}: +1ms
[Nest] 16120  - 01/09/2026, 4:49:23 pm     LOG [RouterExplorer] Mapped {/api/v1/admin/schemes, GET} route +1ms
[Nest] 16120  - 01/09/2026, 4:49:23 pm     LOG [RouterExplorer] Mapped {/api/v1/admin/schemes, POST} route +0ms
[Nest] 16120  - 01/09/2026, 4:49:23 pm     LOG [RouterExplorer] Mapped {/api/v1/admin/schemes/:schemeId/eligibility, GET} route +1ms
[Nest] 16120  - 01/09/2026, 4:49:23 pm     LOG [RoutesResolver] MedicationController {/api/v1/dev/demo/patients/:patientId/medications}: +0ms
[Nest] 16120  - 01/09/2026, 4:49:23 pm     LOG [RouterExplorer] Mapped {/api/v1/dev/demo/patients/:patientId/medications, GET} route +1ms
[Nest] 16120  - 01/09/2026, 4:49:23 pm     LOG [RouterExplorer] Mapped {/api/v1/dev/demo/patients/:patientId/medications/:medicationId/confirm, POST} route +0ms
[Nest] 16120  - 01/09/2026, 4:49:23 pm     LOG [RouterExplorer] Mapped {/api/v1/dev/demo/patients/:patientId/medications/adherence/events, GET} route +1ms
[Nest] 16120  - 01/09/2026, 4:49:23 pm     LOG [RouterExplorer] Mapped {/api/v1/dev/demo/patients/:patientId/medications/:medicationId/adherence, POST} route +0ms
[Nest] 16120  - 01/09/2026, 4:49:23 pm     LOG [RouterExplorer] Mapped {/api/v1/dev/demo/patients/:patientId/medications/:medicationId/adherence/prompt-eligibility/:scheduledDate/:scheduleSlot, GET} route +1ms
[Nest] 16120  - 01/09/2026, 4:49:23 pm     LOG [RoutesResolver] RagEvaluationController {/api/v1/admin/evaluation}: +0ms
[Nest] 16120  - 01/09/2026, 4:49:23 pm     LOG [RouterExplorer] Mapped {/api/v1/admin/evaluation/rag-quality, GET} route +1ms
[Nest] 16120  - 01/09/2026, 4:49:23 pm     LOG [RouterExplorer] Mapped {/api/v1/admin/evaluation/dashboard-summary, GET} route +0ms
[Nest] 16120  - 01/09/2026, 4:49:23 pm     LOG [RouterExplorer] Mapped {/api/v1/admin/evaluation/rag-quality/run-controlled, POST} route +1ms
[Nest] 16120  - 01/09/2026, 4:49:23 pm     LOG [RoutesResolver] EscalationController {/api/v1/admin/escalations}: +0ms
[Nest] 16120  - 01/09/2026, 4:49:23 pm     LOG [RouterExplorer] Mapped {/api/v1/admin/escalations, GET} route +0ms
[Nest] 16120  - 01/09/2026, 4:49:23 pm     LOG [RouterExplorer] Mapped {/api/v1/admin/escalations/open-count, GET} route +1ms
[Nest] 16120  - 01/09/2026, 4:49:23 pm     LOG [RouterExplorer] Mapped {/api/v1/admin/escalations/:id, GET} route +0ms
[Nest] 16120  - 01/09/2026, 4:49:23 pm     LOG [RouterExplorer] Mapped {/api/v1/admin/escalations/:id/messages, POST} route +1ms
[Nest] 16120  - 01/09/2026, 4:49:23 pm     LOG [RouterExplorer] Mapped {/api/v1/admin/escalations/:id/end-clinical-chat, POST} route +1ms
[Nest] 16120  - 01/09/2026, 4:49:23 pm     LOG [RouterExplorer] Mapped {/api/v1/admin/escalations/:id/review, PATCH} route +0ms
[Nest] 16120  - 01/09/2026, 4:49:23 pm     LOG [RouterExplorer] Mapped {/api/v1/admin/escalations/:id/response-review, PATCH} route +0ms
[Nest] 16120  - 01/09/2026, 4:49:23 pm     LOG [RoutesResolver] PatientClinicalReviewController {/api/v1/sessions/:sessionId/clinical-review}: +0ms
[Nest] 16120  - 01/09/2026, 4:49:23 pm     LOG [RouterExplorer] Mapped {/api/v1/sessions/:sessionId/clinical-review, GET} route +1ms
[Nest] 16120  - 01/09/2026, 4:49:23 pm     LOG [RouterExplorer] Mapped {/api/v1/sessions/:sessionId/clinical-review/teleconsultation, POST} route +0ms
[Nest] 16120  - 01/09/2026, 4:49:23 pm     LOG [RoutesResolver] HealthDiagnosticsController {/api/v1/health}: +0ms
[Nest] 16120  - 01/09/2026, 4:49:23 pm     LOG [RouterExplorer] Mapped {/api/v1/health/liveness, GET} route +1ms
[Nest] 16120  - 01/09/2026, 4:49:23 pm     LOG [RouterExplorer] Mapped {/api/v1/health/readiness, GET} route +1ms
[Nest] 16120  - 01/09/2026, 4:49:23 pm     LOG [RouterExplorer] Mapped {/api/v1/health, GET} route +0ms
[Nest] 16120  - 01/09/2026, 4:49:23 pm     LOG [RoutesResolver] VoiceController {/api/v1/voice}: +1ms
[Nest] 16120  - 01/09/2026, 4:49:23 pm     LOG [RouterExplorer] Mapped {/api/v1/voice/stt, POST} route +1ms
[Nest] 16120  - 01/09/2026, 4:49:23 pm     LOG [RouterExplorer] Mapped {/api/v1/voice/tts, POST} route +0ms
[Nest] 16120  - 01/09/2026, 4:49:23 pm     LOG [RoutesResolver] PrescriptionController {/api/v1/dev/demo/patients/:patientId/prescriptions}: +0ms
[Nest] 16120  - 01/09/2026, 4:49:23 pm     LOG [RouterExplorer] Mapped {/api/v1/dev/demo/patients/:patientId/prescriptions, POST} route +1ms
[Nest] 16120  - 01/09/2026, 4:49:23 pm     LOG [RouterExplorer] Mapped {/api/v1/dev/demo/patients/:patientId/prescriptions, GET} route +0ms
[Nest] 16120  - 01/09/2026, 4:49:23 pm     LOG [RouterExplorer] Mapped {/api/v1/dev/demo/patients/:patientId/prescriptions/:id/approve, POST} route +0ms
[Nest] 16120  - 01/09/2026, 4:49:23 pm     LOG [RoutesResolver] PatientPrescriptionController {/api/v1/sessions/:sessionId/prescriptions}: +1ms
[Nest] 16120  - 01/09/2026, 4:49:23 pm     LOG [RouterExplorer] Mapped {/api/v1/sessions/:sessionId/prescriptions, POST} route +0ms
[Nest] 16120  - 01/09/2026, 4:49:23 pm     LOG [RouterExplorer] Mapped {/api/v1/sessions/:sessionId/prescriptions, GET} route +0ms
[Nest] 16120  - 01/09/2026, 4:49:23 pm     LOG [AuditExporterService] Starting background audit exporter loop intervalMs=5000
[Nest] 16120  - 01/09/2026, 4:49:23 pm     LOG [AgentRegistryService] Registered agent: medication-agent
[Nest] 16120  - 01/09/2026, 4:49:23 pm     LOG [AgentRegistryService] Registered agent: lab-report-agent
[Nest] 16120  - 01/09/2026, 4:49:23 pm     LOG [AgentRegistryService] Registered agent: diagnosis-agent
[Nest] 16120  - 01/09/2026, 4:49:23 pm     LOG [AgentRegistryService] Registered agent: allergy-agent
[Nest] 16120  - 01/09/2026, 4:49:23 pm     LOG [AgentRegistryService] Registered agent: general-health-agent
[Nest] 16120  - 01/09/2026, 4:49:23 pm     LOG [AgentRegistryService] Registered agent: greeting-agent
[Nest] 16120  - 01/09/2026, 4:49:23 pm     LOG [AgentRegistryService] Registered agent: scheme-agent
[Nest] 16120  - 01/09/2026, 4:49:23 pm     LOG [AgentRegistryService] Registered agent: facility-agent
[Nest] 16120  - 01/09/2026, 4:49:23 pm     LOG [AgentRegistryService] Registered agent: referral-agent
[Nest] 16120  - 01/09/2026, 4:49:23 pm     LOG [AgentRegistryService] Registered agent: adherence-agent
[Nest] 16120  - 01/09/2026, 4:49:23 pm     LOG [AgentRegistryService] Registered agent: teleconsultation-agent
[Nest] 16120  - 01/09/2026, 4:49:23 pm     LOG [NestApplication] Nest application successfully started +8ms
query: SELECT "AuditEvent"."id" AS "AuditEvent_id", "AuditEvent"."tenantId" AS "AuditEvent_tenantId", "AuditEvent"."subjectAbhaRefHash" AS "AuditEvent_subjectAbhaRefHash", "AuditEvent"."speaker" AS "AuditEvent_speaker", "AuditEvent"."actingPrincipal" AS "AuditEvent_actingPrincipal", "AuditEvent"."correlationId" AS "AuditEvent_correlationId", "AuditEvent"."action" AS "AuditEvent_action", "AuditEvent"."entityName" AS "AuditEvent_entityName", "AuditEvent"."entityId" AS "AuditEvent_entityId", "AuditEvent"."details" AS "AuditEvent_details", "AuditEvent"."hmacKeyId" AS "AuditEvent_hmacKeyId", "AuditEvent"."timestamp" AS "AuditEvent_timestamp" FROM "audit_events" "AuditEvent" ORDER BY "AuditEvent"."timestamp" DESC LIMIT 50
[Nest] 16120  - 01/09/2026, 4:49:28 pm     LOG [DevelopmentAuditExporter] [DEV_AUDIT_EXPORTER] Processing batch export count=50
query: SELECT "AuditEvent"."id" AS "AuditEvent_id", "AuditEvent"."tenantId" AS "AuditEvent_tenantId", "AuditEvent"."subjectAbhaRefHash" AS "AuditEvent_subjectAbhaRefHash", "AuditEvent"."speaker" AS "AuditEvent_speaker", "AuditEvent"."actingPrincipal" AS "AuditEvent_actingPrincipal", "AuditEvent"."correlationId" AS "AuditEvent_correlationId", "AuditEvent"."action" AS "AuditEvent_action", "AuditEvent"."entityName" AS "AuditEvent_entityName", "AuditEvent"."entityId" AS "AuditEvent_entityId", "AuditEvent"."details" AS "AuditEvent_details", "AuditEvent"."hmacKeyId" AS "AuditEvent_hmacKeyId", "AuditEvent"."timestamp" AS "AuditEvent_timestamp" FROM "audit_events" "AuditEvent" ORDER BY "AuditEvent"."timestamp" DESC LIMIT 50
[Nest] 16120  - 01/09/2026, 4:49:33 pm     LOG [DevelopmentAuditExporter] [DEV_AUDIT_EXPORTER] Processing batch export count=50
[Nest] 16120  - 01/09/2026, 4:49:38 pm     LOG [FilePatientDataProvider] Loaded 200 local prototype patient records.
query: SELECT "AuditEvent"."id" AS "AuditEvent_id", "AuditEvent"."tenantId" AS "AuditEvent_tenantId", "AuditEvent"."subjectAbhaRefHash" AS "AuditEvent_subjectAbhaRefHash", "AuditEvent"."speaker" AS "AuditEvent_speaker", "AuditEvent"."actingPrincipal" AS "AuditEvent_actingPrincipal", "AuditEvent"."correlationId" AS "AuditEvent_correlationId", "AuditEvent"."action" AS "AuditEvent_action", "AuditEvent"."entityName" AS "AuditEvent_entityName", "AuditEvent"."entityId" AS "AuditEvent_entityId", "AuditEvent"."details" AS "AuditEvent_details", "AuditEvent"."hmacKeyId" AS "AuditEvent_hmacKeyId", "AuditEvent"."timestamp" AS "AuditEvent_timestamp" FROM "audit_events" "AuditEvent" ORDER BY "AuditEvent"."timestamp" DESC LIMIT 50
[Nest] 16120  - 01/09/2026, 4:49:38 pm     LOG [DevelopmentAuditExporter] [DEV_AUDIT_EXPORTER] Processing batch export count=50
query: SELECT "Tenant"."id" AS "Tenant_id", "Tenant"."name" AS "Tenant_name", "Tenant"."domain" AS "Tenant_domain", "Tenant"."status" AS "Tenant_status", "Tenant"."createdAt" AS "Tenant_createdAt", "Tenant"."updatedAt" AS "Tenant_updatedAt" FROM "tenants" "Tenant" WHERE (("Tenant"."id" = $1)) LIMIT 1 -- PARAMETERS: ["00000000-0000-0000-0000-000000000000"]
query: START TRANSACTION
query: INSERT INTO "consent_artifacts"("id", "tenantId", "subjectId", "consentVersion", "scopes", "language", "deliveryMode", "retentionInfo", "status", "createdAt", "withdrawnAt") VALUES (DEFAULT, $1, $2, $3, $4, $5, $6, $7, $8, DEFAULT, DEFAULT) RETURNING "id", "createdAt" -- PARAMETERS: ["00000000-0000-0000-0000-000000000000","dev-host-user-123","local-prototype-patient-v1",["record_read","conversation_retention"],"ml","text","{\"mode\":\"local-prototype-patient\"}","ACTIVE"]
query: COMMIT
query: SELECT "ConsentArtifact"."id" AS "ConsentArtifact_id", "ConsentArtifact"."tenantId" AS "ConsentArtifact_tenantId", "ConsentArtifact"."subjectId" AS "ConsentArtifact_subjectId", "ConsentArtifact"."consentVersion" AS "ConsentArtifact_consentVersion", "ConsentArtifact"."scopes" AS "ConsentArtifact_scopes", "ConsentArtifact"."language" AS "ConsentArtifact_language", "ConsentArtifact"."deliveryMode" AS "ConsentArtifact_deliveryMode", "ConsentArtifact"."retentionInfo" AS "ConsentArtifact_retentionInfo", "ConsentArtifact"."status" AS "ConsentArtifact_status", "ConsentArtifact"."createdAt" AS "ConsentArtifact_createdAt", "ConsentArtifact"."withdrawnAt" AS "ConsentArtifact_withdrawnAt" FROM "consent_artifacts" "ConsentArtifact" WHERE (("ConsentArtifact"."id" = $1)) LIMIT 1 -- PARAMETERS: ["54281959-2046-46ba-afa1-41186620c9bc"]
query: START TRANSACTION
query: INSERT INTO "audit_events"("id", "tenantId", "subjectAbhaRefHash", "speaker", "actingPrincipal", "correlationId", "action", "entityName", "entityId", "details", "hmacKeyId", "timestamp") VALUES (DEFAULT, $1, $2, $3, $4, $5, $6, $7, $8, $9, $10, DEFAULT) RETURNING "id", "timestamp" -- PARAMETERS: ["00000000-0000-0000-0000-000000000000","9600ae9bcfae3534c6feb6b1a33a1cbac4fb974e6acbfbcf6ab0dabba9c51bd4","self","dev-host-user-123","vda-1092b1ad-ef0f-4cef-ad5b-f8e3b9439c8c","consent_validated","consent_artifact","54281959-2046-46ba-afa1-41186620c9bc",null,"v1"]
query: COMMIT
[Nest] 16120  - 01/09/2026, 4:49:38 pm     LOG [AuditService] Audit Logged: action=consent_validated correlationId=vda-1092b1ad-ef0f-4cef-ad5b-f8e3b9439c8c keyId=v1
query: START TRANSACTION
query: INSERT INTO "sessions"("id", "tenantId", "externalId", "subjectAbhaRef", "speaker", "assistContextId", "consentArtifactId", "localeHint", "deviceClass", "medicationState", "status", "idleExpiresAt", "absoluteExpiresAt", "createdAt", "closedAt") VALUES (DEFAULT, $1, $2, $3, $4, DEFAULT, $5, $6, DEFAULT, DEFAULT, $7, $8, $9, DEFAULT, DEFAULT) RETURNING "id", "medicationState", "status", "createdAt" -- PARAMETERS: ["00000000-0000-0000-0000-000000000000","dev-host-user-123","local-file:synth-patient-103","self","54281959-2046-46ba-afa1-41186620c9bc","ml","ACTIVE","2026-09-01T11:49:38.824Z","2026-09-01T15:19:38.824Z"]
query: COMMIT
query: START TRANSACTION
query: INSERT INTO "audit_events"("id", "tenantId", "subjectAbhaRefHash", "speaker", "actingPrincipal", "correlationId", "action", "entityName", "entityId", "details", "hmacKeyId", "timestamp") VALUES (DEFAULT, $1, $2, $3, $4, $5, $6, $7, $8, $9, $10, DEFAULT) RETURNING "id", "timestamp" -- PARAMETERS: ["00000000-0000-0000-0000-000000000000","9600ae9bcfae3534c6feb6b1a33a1cbac4fb974e6acbfbcf6ab0dabba9c51bd4","self","dev-host-user-123","vda-1092b1ad-ef0f-4cef-ad5b-f8e3b9439c8c","session_created","session","2f93814c-af21-47ea-bd1d-fdb850e32f13",null,"v1"]
query: COMMIT
[Nest] 16120  - 01/09/2026, 4:49:38 pm     LOG [AuditService] Audit Logged: action=session_created correlationId=vda-1092b1ad-ef0f-4cef-ad5b-f8e3b9439c8c keyId=v1
query: START TRANSACTION
query: SELECT "Session"."id" AS "Session_id", "Session"."tenantId" AS "Session_tenantId", "Session"."externalId" AS "Session_externalId", "Session"."subjectAbhaRef" AS "Session_subjectAbhaRef", "Session"."speaker" AS "Session_speaker", "Session"."assistContextId" AS "Session_assistContextId", "Session"."consentArtifactId" AS "Session_consentArtifactId", "Session"."localeHint" AS "Session_localeHint", "Session"."deviceClass" AS "Session_deviceClass", "Session"."medicationState" AS "Session_medicationState", "Session"."status" AS "Session_status", "Session"."idleExpiresAt" AS "Session_idleExpiresAt", "Session"."absoluteExpiresAt" AS "Session_absoluteExpiresAt", "Session"."createdAt" AS "Session_createdAt", "Session"."closedAt" AS "Session_closedAt" FROM "sessions" "Session" WHERE (("Session"."id" = $1)) LIMIT 1 FOR UPDATE -- PARAMETERS: ["2f93814c-af21-47ea-bd1d-fdb850e32f13"]
query: SELECT "ConsentArtifact"."id" AS "ConsentArtifact_id", "ConsentArtifact"."tenantId" AS "ConsentArtifact_tenantId", "ConsentArtifact"."subjectId" AS "ConsentArtifact_subjectId", "ConsentArtifact"."consentVersion" AS "ConsentArtifact_consentVersion", "ConsentArtifact"."scopes" AS "ConsentArtifact_scopes", "ConsentArtifact"."language" AS "ConsentArtifact_language", "ConsentArtifact"."deliveryMode" AS "ConsentArtifact_deliveryMode", "ConsentArtifact"."retentionInfo" AS "ConsentArtifact_retentionInfo", "ConsentArtifact"."status" AS "ConsentArtifact_status", "ConsentArtifact"."createdAt" AS "ConsentArtifact_createdAt", "ConsentArtifact"."withdrawnAt" AS "ConsentArtifact_withdrawnAt" FROM "consent_artifacts" "ConsentArtifact" WHERE (("ConsentArtifact"."id" = $1)) LIMIT 1 -- PARAMETERS: ["54281959-2046-46ba-afa1-41186620c9bc"]
query: SELECT "ConversationTurn"."id" AS "ConversationTurn_id", "ConversationTurn"."sessionId" AS "ConversationTurn_sessionId", "ConversationTurn"."clinicalEscalationId" AS "ConversationTurn_clinicalEscalationId", "ConversationTurn"."turnNumber" AS "ConversationTurn_turnNumber", "ConversationTurn"."correlationId" AS "ConversationTurn_correlationId", "ConversationTurn"."speaker" AS "ConversationTurn_speaker", "ConversationTurn"."subjectRef" AS "ConversationTurn_subjectRef", "ConversationTurn"."inputText" AS "ConversationTurn_inputText", "ConversationTurn"."outputText" AS "ConversationTurn_outputText", "ConversationTurn"."responseType" AS "ConversationTurn_responseType", "ConversationTurn"."intent" AS "ConversationTurn_intent", "ConversationTurn"."selectedAgent" AS "ConversationTurn_selectedAgent", "ConversationTurn"."latency" AS "ConversationTurn_latency", "ConversationTurn"."safetyStatus" AS "ConversationTurn_safetyStatus", "ConversationTurn"."status" AS "ConversationTurn_status", "ConversationTurn"."idempotencyKey" AS "ConversationTurn_idempotencyKey", "ConversationTurn"."conversationRetentionGranted" AS "ConversationTurn_conversationRetentionGranted", "ConversationTurn"."processingStartedAt" AS "ConversationTurn_processingStartedAt", "ConversationTurn"."createdAt" AS "ConversationTurn_createdAt" FROM "conversation_turns" "ConversationTurn" WHERE (("ConversationTurn"."sessionId" = $1) AND ("ConversationTurn"."idempotencyKey" = $2)) LIMIT 1 -- PARAMETERS: ["2f93814c-af21-47ea-bd1d-fdb850e32f13","7ce3d2b8-5b0f-400e-a24d-ed7b905b705b"]
query: SELECT "ConversationTurn"."id" AS "ConversationTurn_id", "ConversationTurn"."sessionId" AS "ConversationTurn_sessionId", "ConversationTurn"."clinicalEscalationId" AS "ConversationTurn_clinicalEscalationId", "ConversationTurn"."turnNumber" AS "ConversationTurn_turnNumber", "ConversationTurn"."correlationId" AS "ConversationTurn_correlationId", "ConversationTurn"."speaker" AS "ConversationTurn_speaker", "ConversationTurn"."subjectRef" AS "ConversationTurn_subjectRef", "ConversationTurn"."inputText" AS "ConversationTurn_inputText", "ConversationTurn"."outputText" AS "ConversationTurn_outputText", "ConversationTurn"."responseType" AS "ConversationTurn_responseType", "ConversationTurn"."intent" AS "ConversationTurn_intent", "ConversationTurn"."selectedAgent" AS "ConversationTurn_selectedAgent", "ConversationTurn"."latency" AS "ConversationTurn_latency", "ConversationTurn"."safetyStatus" AS "ConversationTurn_safetyStatus", "ConversationTurn"."status" AS "ConversationTurn_status", "ConversationTurn"."idempotencyKey" AS "ConversationTurn_idempotencyKey", "ConversationTurn"."conversationRetentionGranted" AS "ConversationTurn_conversationRetentionGranted", "ConversationTurn"."processingStartedAt" AS "ConversationTurn_processingStartedAt", "ConversationTurn"."createdAt" AS "ConversationTurn_createdAt" FROM "conversation_turns" "ConversationTurn" WHERE (("ConversationTurn"."sessionId" = $1)) ORDER BY "ConversationTurn"."turnNumber" DESC LIMIT 1 -- PARAMETERS: ["2f93814c-af21-47ea-bd1d-fdb850e32f13"]
query: SELECT "Session"."id" AS "Session_id", "Session"."tenantId" AS "Session_tenantId", "Session"."externalId" AS "Session_externalId", "Session"."subjectAbhaRef" AS "Session_subjectAbhaRef", "Session"."speaker" AS "Session_speaker", "Session"."assistContextId" AS "Session_assistContextId", "Session"."consentArtifactId" AS "Session_consentArtifactId", "Session"."localeHint" AS "Session_localeHint", "Session"."deviceClass" AS "Session_deviceClass", "Session"."medicationState" AS "Session_medicationState", "Session"."status" AS "Session_status", "Session"."idleExpiresAt" AS "Session_idleExpiresAt", "Session"."absoluteExpiresAt" AS "Session_absoluteExpiresAt", "Session"."createdAt" AS "Session_createdAt", "Session"."closedAt" AS "Session_closedAt" FROM "sessions" "Session" WHERE "Session"."id" = $1 -- PARAMETERS: ["2f93814c-af21-47ea-bd1d-fdb850e32f13"]
query: UPDATE "sessions" SET "idleExpiresAt" = $1 WHERE "id" = $2 -- PARAMETERS: ["2026-09-01T11:49:38.900Z","2f93814c-af21-47ea-bd1d-fdb850e32f13"]
query: INSERT INTO "conversation_turns"("id", "sessionId", "clinicalEscalationId", "turnNumber", "correlationId", "speaker", "subjectRef", "inputText", "outputText", "responseType", "intent", "selectedAgent", "latency", "safetyStatus", "status", "idempotencyKey", "conversationRetentionGranted", "processingStartedAt", "createdAt") VALUES (DEFAULT, $1, DEFAULT, $2, $3, $4, $5, $6, $7, $8, DEFAULT, DEFAULT, $9, $10, $11, $12, $13, $14, DEFAULT) RETURNING "id", "status", "conversationRetentionGranted", "createdAt" -- PARAMETERS: ["2f93814c-af21-47ea-bd1d-fdb850e32f13",1,"vda-ee0edb04-7707-49d9-818a-d2dc7b706d42","self","local-file:synth-patient-103","meri konsi dawai chal rhi hai",null,"text",0,"SAFE","PROCESSING","7ce3d2b8-5b0f-400e-a24d-ed7b905b705b",true,"2026-09-01T11:19:38.900Z"]
query: START TRANSACTION
query: INSERT INTO "audit_events"("id", "tenantId", "subjectAbhaRefHash", "speaker", "actingPrincipal", "correlationId", "action", "entityName", "entityId", "details", "hmacKeyId", "timestamp") VALUES (DEFAULT, $1, $2, $3, $4, $5, $6, $7, $8, $9, $10, DEFAULT) RETURNING "id", "timestamp" -- PARAMETERS: ["00000000-0000-0000-0000-000000000000","9600ae9bcfae3534c6feb6b1a33a1cbac4fb974e6acbfbcf6ab0dabba9c51bd4","self","dev-host-user-123","vda-ee0edb04-7707-49d9-818a-d2dc7b706d42","turn_received","session","2f93814c-af21-47ea-bd1d-fdb850e32f13","{\"turn_number\":1}","v1"]
query: COMMIT
[Nest] 16120  - 01/09/2026, 4:49:38 pm     LOG [AuditService] Audit Logged: action=turn_received correlationId=vda-ee0edb04-7707-49d9-818a-d2dc7b706d42 keyId=v1
query: COMMIT
query: SELECT "Session"."id" AS "Session_id", "Session"."tenantId" AS "Session_tenantId", "Session"."externalId" AS "Session_externalId", "Session"."subjectAbhaRef" AS "Session_subjectAbhaRef", "Session"."speaker" AS "Session_speaker", "Session"."assistContextId" AS "Session_assistContextId", "Session"."consentArtifactId" AS "Session_consentArtifactId", "Session"."localeHint" AS "Session_localeHint", "Session"."deviceClass" AS "Session_deviceClass", "Session"."medicationState" AS "Session_medicationState", "Session"."status" AS "Session_status", "Session"."idleExpiresAt" AS "Session_idleExpiresAt", "Session"."absoluteExpiresAt" AS "Session_absoluteExpiresAt", "Session"."createdAt" AS "Session_createdAt", "Session"."closedAt" AS "Session_closedAt" FROM "sessions" "Session" WHERE (("Session"."id" = $1)) LIMIT 1 -- PARAMETERS: ["2f93814c-af21-47ea-bd1d-fdb850e32f13"]
query: START TRANSACTION
query: INSERT INTO "audit_events"("id", "tenantId", "subjectAbhaRefHash", "speaker", "actingPrincipal", "correlationId", "action", "entityName", "entityId", "details", "hmacKeyId", "timestamp") VALUES (DEFAULT, $1, $2, $3, $4, $5, $6, $7, $8, $9, $10, DEFAULT) RETURNING "id", "timestamp" -- PARAMETERS: ["00000000-0000-0000-0000-000000000000","9600ae9bcfae3534c6feb6b1a33a1cbac4fb974e6acbfbcf6ab0dabba9c51bd4","self","dev-host-user-123","vda-ee0edb04-7707-49d9-818a-d2dc7b706d42","safety_evaluated","conversation_turn","39a86217-2074-440f-80c5-52650964160b","{\"status\":\"SAFE\",\"rule_id\":null,\"rule_version\":null,\"severity\":null,\"action\":null}","v1"]
query: COMMIT
[Nest] 16120  - 01/09/2026, 4:49:38 pm     LOG [AuditService] Audit Logged: action=safety_evaluated correlationId=vda-ee0edb04-7707-49d9-818a-d2dc7b706d42 keyId=v1
query: SELECT "ClinicalEscalation"."id" AS "ClinicalEscalation_id", "ClinicalEscalation"."tenantId" AS "ClinicalEscalation_tenantId", "ClinicalEscalation"."turnId" AS "ClinicalEscalation_turnId", "ClinicalEscalation"."sessionId" AS "ClinicalEscalation_sessionId", "ClinicalEscalation"."subjectRefHash" AS "ClinicalEscalation_subjectRefHash", "ClinicalEscalation"."correlationId" AS "ClinicalEscalation_correlationId", "ClinicalEscalation"."tier" AS "ClinicalEscalation_tier", "ClinicalEscalation"."clinicalCategory" AS "ClinicalEscalation_clinicalCategory", "ClinicalEscalation"."ruleId" AS "ClinicalEscalation_ruleId", "ClinicalEscalation"."ruleVersion" AS "ClinicalEscalation_ruleVersion", "ClinicalEscalation"."language" AS "ClinicalEscalation_language", "ClinicalEscalation"."sanitizedInputText" AS "ClinicalEscalation_sanitizedInputText", "ClinicalEscalation"."patientSafeResponse" AS "ClinicalEscalation_patientSafeResponse", "ClinicalEscalation"."originalPatientResponse" AS "ClinicalEscalation_originalPatientResponse", "ClinicalEscalation"."originalResponseContext" AS "ClinicalEscalation_originalResponseContext", "ClinicalEscalation"."responseReviewDecision" AS "ClinicalEscalation_responseReviewDecision", "ClinicalEscalation"."correctedPatientResponse" AS "ClinicalEscalation_correctedPatientResponse", "ClinicalEscalation"."responseReviewerId" AS "ClinicalEscalation_responseReviewerId", "ClinicalEscalation"."responseReviewedAt" AS "ClinicalEscalation_responseReviewedAt", "ClinicalEscalation"."status" AS "ClinicalEscalation_status", "ClinicalEscalation"."reviewOutcome" AS "ClinicalEscalation_reviewOutcome", "ClinicalEscalation"."reviewerId" AS "ClinicalEscalation_reviewerId", "ClinicalEscalation"."reviewerNote" AS "ClinicalEscalation_reviewerNote", "ClinicalEscalation"."reviewedAt" AS "ClinicalEscalation_reviewedAt", "ClinicalEscalation"."teleconsultationOfferedAt" AS "ClinicalEscalation_teleconsultationOfferedAt", "ClinicalEscalation"."teleconsultationRequestedAt" AS "ClinicalEscalation_teleconsultationRequestedAt", "ClinicalEscalation"."clinicalConversationClosedAt" AS "ClinicalEscalation_clinicalConversationClosedAt", "ClinicalEscalation"."clinicalConversationClosedBy" AS "ClinicalEscalation_clinicalConversationClosedBy", "ClinicalEscalation"."reviewHistory" AS "ClinicalEscalation_reviewHistory", "ClinicalEscalation"."createdAt" AS "ClinicalEscalation_createdAt", "ClinicalEscalation"."updatedAt" AS "ClinicalEscalation_updatedAt" FROM "clinical_escalations" "ClinicalEscalation" WHERE (("ClinicalEscalation"."tenantId" = $1) AND ("ClinicalEscalation"."sessionId" = $2) AND ("ClinicalEscalation"."status" = $3) AND ("ClinicalEscalation"."clinicalConversationClosedAt" IS NULL)) ORDER BY "ClinicalEscalation"."createdAt" DESC LIMIT 1 -- PARAMETERS: ["00000000-0000-0000-0000-000000000000","2f93814c-af21-47ea-bd1d-fdb850e32f13","OPEN"]
[Nest] 16120  - 01/09/2026, 4:49:38 pm     LOG [AiConversationProcessor] [AiProcessor] Processing turn for sessionId=2f93814c-af21-47ea-bd1d-fdb850e32f13
[Nest] 16120  - 01/09/2026, 4:49:38 pm     LOG [AiOrchestratorService] [AiOrchestrator] Turn execution started sessionId=2f93814c-af21-47ea-bd1d-fdb850e32f13 correlationId=vda-ee0edb04-7707-49d9-818a-d2dc7b706d42
query: SELECT "Session"."id" AS "Session_id", "Session"."tenantId" AS "Session_tenantId", "Session"."externalId" AS "Session_externalId", "Session"."subjectAbhaRef" AS "Session_subjectAbhaRef", "Session"."speaker" AS "Session_speaker", "Session"."assistContextId" AS "Session_assistContextId", "Session"."consentArtifactId" AS "Session_consentArtifactId", "Session"."localeHint" AS "Session_localeHint", "Session"."deviceClass" AS "Session_deviceClass", "Session"."medicationState" AS "Session_medicationState", "Session"."status" AS "Session_status", "Session"."idleExpiresAt" AS "Session_idleExpiresAt", "Session"."absoluteExpiresAt" AS "Session_absoluteExpiresAt", "Session"."createdAt" AS "Session_createdAt", "Session"."closedAt" AS "Session_closedAt" FROM "sessions" "Session" WHERE (("Session"."id" = $1)) LIMIT 1 -- PARAMETERS: ["2f93814c-af21-47ea-bd1d-fdb850e32f13"]
query: SELECT "Prescription"."id" AS "Prescription_id", "Prescription"."tenantId" AS "Prescription_tenantId", "Prescription"."patientRef" AS "Prescription_patientRef", "Prescription"."prescriptionId" AS "Prescription_prescriptionId", "Prescription"."prescriptionDate" AS "Prescription_prescriptionDate", "Prescription"."prescriberName" AS "Prescription_prescriberName", "Prescription"."sourceDocumentId" AS "Prescription_sourceDocumentId", "Prescription"."filename" AS "Prescription_filename", "Prescription"."checksum" AS "Prescription_checksum", "Prescription"."extractedText" AS "Prescription_extractedText", "Prescription"."medications" AS "Prescription_medications", "Prescription"."investigations" AS "Prescription_investigations", "Prescription"."extractionStatus" AS "Prescription_extractionStatus", "Prescription"."createdAt" AS "Prescription_createdAt", "Prescription"."updatedAt" AS "Prescription_updatedAt" FROM "prescriptions" "Prescription" WHERE (("Prescription"."tenantId" = $1) AND ("Prescription"."patientRef" = $2)) ORDER BY "Prescription"."createdAt" DESC LIMIT 1 -- PARAMETERS: ["00000000-0000-0000-0000-000000000000","local-file:synth-patient-103"]
query: START TRANSACTION
query: INSERT INTO "audit_events"("id", "tenantId", "subjectAbhaRefHash", "speaker", "actingPrincipal", "correlationId", "action", "entityName", "entityId", "details", "hmacKeyId", "timestamp") VALUES (DEFAULT, $1, $2, $3, $4, $5, $6, $7, $8, $9, $10, DEFAULT) RETURNING "id", "timestamp" -- PARAMETERS: ["00000000-0000-0000-0000-000000000000","5a221c7d1978e65088528da2883a866a8b0e58e7801f3030304f6814934bc0ad",null,"dev-host-user-123","vda-ee0edb04-7707-49d9-818a-d2dc7b706d42","ai_request_started","turn","2f93814c-af21-47ea-bd1d-fdb850e32f13","{\"sessionId\":\"2f93814c-af21-47ea-bd1d-fdb850e32f13\",\"inputLength\":29}","v1"]
query: COMMIT
[Nest] 16120  - 01/09/2026, 4:49:39 pm     LOG [AuditService] Audit Logged: action=ai_request_started correlationId=vda-ee0edb04-7707-49d9-818a-d2dc7b706d42 keyId=v1
[Nest] 16120  - 01/09/2026, 4:49:39 pm    WARN [SarvamProvider] Sarvam language detection failed, falling back to rule engine: Sarvam API status 404
query: SELECT "ConversationTurn"."id" AS "ConversationTurn_id", "ConversationTurn"."sessionId" AS "ConversationTurn_sessionId", "ConversationTurn"."clinicalEscalationId" AS "ConversationTurn_clinicalEscalationId", "ConversationTurn"."turnNumber" AS "ConversationTurn_turnNumber", "ConversationTurn"."correlationId" AS "ConversationTurn_correlationId", "ConversationTurn"."speaker" AS "ConversationTurn_speaker", "ConversationTurn"."subjectRef" AS "ConversationTurn_subjectRef", "ConversationTurn"."inputText" AS "ConversationTurn_inputText", "ConversationTurn"."outputText" AS "ConversationTurn_outputText", "ConversationTurn"."responseType" AS "ConversationTurn_responseType", "ConversationTurn"."intent" AS "ConversationTurn_intent", "ConversationTurn"."selectedAgent" AS "ConversationTurn_selectedAgent", "ConversationTurn"."latency" AS "ConversationTurn_latency", "ConversationTurn"."safetyStatus" AS "ConversationTurn_safetyStatus", "ConversationTurn"."status" AS "ConversationTurn_status", "ConversationTurn"."idempotencyKey" AS "ConversationTurn_idempotencyKey", "ConversationTurn"."conversationRetentionGranted" AS "ConversationTurn_conversationRetentionGranted", "ConversationTurn"."processingStartedAt" AS "ConversationTurn_processingStartedAt", "ConversationTurn"."createdAt" AS "ConversationTurn_createdAt" FROM "conversation_turns" "ConversationTurn" WHERE (("ConversationTurn"."sessionId" = $1)) ORDER BY "ConversationTurn"."turnNumber" DESC LIMIT 4 -- PARAMETERS: ["2f93814c-af21-47ea-bd1d-fdb850e32f13"]
[Nest] 16120  - 01/09/2026, 4:49:39 pm     LOG [IntentClassifierService] [IntentClassifier] Stage 2 AI Classification invoked for text: "meri konsi dawai chal rhi hai"
[Nest] 16120  - 01/09/2026, 4:49:39 pm    WARN [GeminiProvider] [GeminiTelemetry] provider=gemini keySlot=1 status=failed category=RATE_LIMITED response_format=json response_schema=false attempt=1/2 duration_ms=312 prompt_chars=1180 system_chars=0 error=Gemini API returned status 429 (RATE_LIMITED)
[Nest] 16120  - 01/09/2026, 4:49:40 pm    WARN [GeminiProvider] [GeminiTelemetry] provider=gemini keySlot=1 status=failed category=RATE_LIMITED response_format=json response_schema=false attempt=2/2 duration_ms=951 prompt_chars=1180 system_chars=0 error=Gemini API returned status 429 (RATE_LIMITED)
[Nest] 16120  - 01/09/2026, 4:49:40 pm    WARN [GeminiProvider] [GeminiTelemetry] provider=gemini keySlot=1 status=429 failover=true attempt=1
[Nest] 16120  - 01/09/2026, 4:49:40 pm    WARN [GeminiProvider] [GeminiTelemetry] provider=gemini keySlot=2 status=failed category=AUTHORIZATION response_format=json response_schema=false attempt=1/2 duration_ms=560 prompt_chars=1180 system_chars=0 error=Gemini API returned status 403 (AUTHORIZATION)
[Nest] 16120  - 01/09/2026, 4:49:40 pm    WARN [GeminiProvider] [GeminiTelemetry] provider=gemini keySlot=2 status=403 failover=true attempt=2
[Nest] 16120  - 01/09/2026, 4:49:41 pm    WARN [GeminiProvider] [GeminiTelemetry] provider=gemini keySlot=3 status=failed category=RATE_LIMITED response_format=json response_schema=false attempt=1/2 duration_ms=206 prompt_chars=1180 system_chars=0 error=Gemini API returned status 429 (RATE_LIMITED)
[Nest] 16120  - 01/09/2026, 4:49:41 pm    WARN [GeminiProvider] [GeminiTelemetry] provider=gemini keySlot=3 status=failed category=RATE_LIMITED response_format=json response_schema=false attempt=2/2 duration_ms=816 prompt_chars=1180 system_chars=0 error=Gemini API returned status 429 (RATE_LIMITED)
[Nest] 16120  - 01/09/2026, 4:49:41 pm    WARN [GeminiProvider] [GeminiTelemetry] provider=gemini keySlot=3 status=429 failover=true attempt=3
[Nest] 16120  - 01/09/2026, 4:49:42 pm    WARN [GeminiProvider] [GeminiTelemetry] provider=gemini keySlot=4 status=failed category=RATE_LIMITED response_format=json response_schema=false attempt=1/2 duration_ms=591 prompt_chars=1180 system_chars=0 error=Gemini API returned status 429 (RATE_LIMITED)
[Nest] 16120  - 01/09/2026, 4:49:42 pm    WARN [GeminiProvider] [GeminiTelemetry] provider=gemini keySlot=4 status=failed category=RATE_LIMITED response_format=json response_schema=false attempt=2/2 duration_ms=1247 prompt_chars=1180 system_chars=0 error=Gemini API returned status 429 (RATE_LIMITED)
[Nest] 16120  - 01/09/2026, 4:49:42 pm    WARN [GeminiProvider] [GeminiTelemetry] provider=gemini keySlot=4 status=429 failover=false attempt=4
[Nest] 16120  - 01/09/2026, 4:49:42 pm    WARN [IntentClassifierService] AI intent classification failed; returning UNKNOWN: Gemini API returned status 429 (RATE_LIMITED)
query: START TRANSACTION
query: INSERT INTO "audit_events"("id", "tenantId", "subjectAbhaRefHash", "speaker", "actingPrincipal", "correlationId", "action", "entityName", "entityId", "details", "hmacKeyId", "timestamp") VALUES (DEFAULT, $1, $2, $3, $4, $5, $6, $7, $8, $9, $10, DEFAULT) RETURNING "id", "timestamp" -- PARAMETERS: ["00000000-0000-0000-0000-000000000000","857527416d304304abcb58c7f64c3c66a40846c1f23df275ddd9011fbf18c2cd",null,"intent-classifier-service","vda-ee0edb04-7707-49d9-818a-d2dc7b706d42","ai_intent_classified","intent","UNKNOWN","{\"intent\":\"UNKNOWN\",\"confidence\":0.5,\"classifiedBy\":\"AI_MODEL\",\"language\":\"hi\"}","v1"]
query: COMMIT
[Nest] 16120  - 01/09/2026, 4:49:42 pm     LOG [AuditService] Audit Logged: action=ai_intent_classified correlationId=vda-ee0edb04-7707-49d9-818a-d2dc7b706d42 keyId=v1
query: SELECT "Session"."id" AS "Session_id", "Session"."tenantId" AS "Session_tenantId", "Session"."externalId" AS "Session_externalId", "Session"."subjectAbhaRef" AS "Session_subjectAbhaRef", "Session"."speaker" AS "Session_speaker", "Session"."assistContextId" AS "Session_assistContextId", "Session"."consentArtifactId" AS "Session_consentArtifactId", "Session"."localeHint" AS "Session_localeHint", "Session"."deviceClass" AS "Session_deviceClass", "Session"."medicationState" AS "Session_medicationState", "Session"."status" AS "Session_status", "Session"."idleExpiresAt" AS "Session_idleExpiresAt", "Session"."absoluteExpiresAt" AS "Session_absoluteExpiresAt", "Session"."createdAt" AS "Session_createdAt", "Session"."closedAt" AS "Session_closedAt" FROM "sessions" "Session" WHERE (("Session"."id" = $1) AND ("Session"."tenantId" = $2)) LIMIT 1 -- PARAMETERS: ["2f93814c-af21-47ea-bd1d-fdb850e32f13","00000000-0000-0000-0000-000000000000"]
query: SELECT "Medication"."id" AS "Medication_id", "Medication"."tenantId" AS "Medication_tenantId", "Medication"."patientRef" AS "Medication_patientRef", "Medication"."sourcePrescriptionId" AS "Medication_sourcePrescriptionId", "Medication"."name" AS "Medication_name", "Medication"."normalizedName" AS "Medication_normalizedName", "Medication"."strength" AS "Medication_strength", "Medication"."dosage" AS "Medication_dosage", "Medication"."dosageForm" AS "Medication_dosageForm", "Medication"."frequency" AS "Medication_frequency", "Medication"."route" AS "Medication_route", "Medication"."timing" AS "Medication_timing", "Medication"."duration" AS "Medication_duration", "Medication"."startDate" AS "Medication_startDate", "Medication"."endDate" AS "Medication_endDate", "Medication"."instructions" AS "Medication_instructions", "Medication"."status" AS "Medication_status", "Medication"."verificationStatus" AS "Medication_verificationStatus", "Medication"."sourceType" AS "Medication_sourceType", "Medication"."sourceReference" AS "Medication_sourceReference", "Medication"."createdAt" AS "Medication_createdAt", "Medication"."updatedAt" AS "Medication_updatedAt" FROM "medications" "Medication" WHERE (("Medication"."tenantId" = $1) AND ("Medication"."patientRef" = $2) AND ("Medication"."verificationStatus" = $3) AND ("Medication"."status" = $4)) ORDER BY "Medication"."createdAt" DESC -- PARAMETERS: ["00000000-0000-0000-0000-000000000000","local-file:synth-patient-103","CONFIRMED","ACTIVE"]
query: SELECT "SyntheticPatient"."id" AS "SyntheticPatient_id", "SyntheticPatient"."tenantId" AS "SyntheticPatient_tenantId", "SyntheticPatient"."syntheticPatientId" AS "SyntheticPatient_syntheticPatientId", "SyntheticPatient"."name" AS "SyntheticPatient_name", "SyntheticPatient"."age" AS "SyntheticPatient_age", "SyntheticPatient"."dateOfBirth" AS "SyntheticPatient_dateOfBirth", "SyntheticPatient"."gender" AS "SyntheticPatient_gender", "SyntheticPatient"."state" AS "SyntheticPatient_state", "SyntheticPatient"."district" AS "SyntheticPatient_district", "SyntheticPatient"."city" AS "SyntheticPatient_city", "SyntheticPatient"."locality" AS "SyntheticPatient_locality", "SyntheticPatient"."language" AS "SyntheticPatient_language", "SyntheticPatient"."timezone" AS "SyntheticPatient_timezone", "SyntheticPatient"."phoneNumber" AS "SyntheticPatient_phoneNumber", "SyntheticPatient"."clinicalProfile" AS "SyntheticPatient_clinicalProfile", "SyntheticPatient"."createdAt" AS "SyntheticPatient_createdAt", "SyntheticPatient"."updatedAt" AS "SyntheticPatient_updatedAt" FROM "synthetic_patients" "SyntheticPatient" WHERE (("SyntheticPatient"."tenantId" = $1) AND ("SyntheticPatient"."syntheticPatientId" = $2)) LIMIT 1 -- PARAMETERS: ["00000000-0000-0000-0000-000000000000","local-file:synth-patient-103"]
query: START TRANSACTION
query: INSERT INTO "audit_events"("id", "tenantId", "subjectAbhaRefHash", "speaker", "actingPrincipal", "correlationId", "action", "entityName", "entityId", "details", "hmacKeyId", "timestamp") VALUES (DEFAULT, $1, $2, $3, $4, $5, $6, $7, $8, $9, $10, DEFAULT) RETURNING "id", "timestamp" -- PARAMETERS: ["00000000-0000-0000-0000-000000000000","5a221c7d1978e65088528da2883a866a8b0e58e7801f3030304f6814934bc0ad",null,"dev-host-user-123","vda-ee0edb04-7707-49d9-818a-d2dc7b706d42","ai_intent_triage_requested","turn","2f93814c-af21-47ea-bd1d-fdb850e32f13","{\"confidence\":0.5,\"classifiedIntent\":\"UNKNOWN\"}","v1"]
query: COMMIT
[Nest] 16120  - 01/09/2026, 4:49:43 pm     LOG [AuditService] Audit Logged: action=ai_intent_triage_requested correlationId=vda-ee0edb04-7707-49d9-818a-d2dc7b706d42 keyId=v1
query: START TRANSACTION
query: SELECT "ConversationTurn"."id" AS "ConversationTurn_id", "ConversationTurn"."sessionId" AS "ConversationTurn_sessionId", "ConversationTurn"."clinicalEscalationId" AS "ConversationTurn_clinicalEscalationId", "ConversationTurn"."turnNumber" AS "ConversationTurn_turnNumber", "ConversationTurn"."correlationId" AS "ConversationTurn_correlationId", "ConversationTurn"."speaker" AS "ConversationTurn_speaker", "ConversationTurn"."subjectRef" AS "ConversationTurn_subjectRef", "ConversationTurn"."inputText" AS "ConversationTurn_inputText", "ConversationTurn"."outputText" AS "ConversationTurn_outputText", "ConversationTurn"."responseType" AS "ConversationTurn_responseType", "ConversationTurn"."intent" AS "ConversationTurn_intent", "ConversationTurn"."selectedAgent" AS "ConversationTurn_selectedAgent", "ConversationTurn"."latency" AS "ConversationTurn_latency", "ConversationTurn"."safetyStatus" AS "ConversationTurn_safetyStatus", "ConversationTurn"."status" AS "ConversationTurn_status", "ConversationTurn"."idempotencyKey" AS "ConversationTurn_idempotencyKey", "ConversationTurn"."conversationRetentionGranted" AS "ConversationTurn_conversationRetentionGranted", "ConversationTurn"."processingStartedAt" AS "ConversationTurn_processingStartedAt", "ConversationTurn"."createdAt" AS "ConversationTurn_createdAt" FROM "conversation_turns" "ConversationTurn" WHERE (("ConversationTurn"."id" = $1)) LIMIT 1 -- PARAMETERS: ["39a86217-2074-440f-80c5-52650964160b"]
query: SELECT "ConversationTurn"."id" AS "ConversationTurn_id", "ConversationTurn"."sessionId" AS "ConversationTurn_sessionId", "ConversationTurn"."clinicalEscalationId" AS "ConversationTurn_clinicalEscalationId", "ConversationTurn"."turnNumber" AS "ConversationTurn_turnNumber", "ConversationTurn"."correlationId" AS "ConversationTurn_correlationId", "ConversationTurn"."speaker" AS "ConversationTurn_speaker", "ConversationTurn"."subjectRef" AS "ConversationTurn_subjectRef", "ConversationTurn"."inputText" AS "ConversationTurn_inputText", "ConversationTurn"."outputText" AS "ConversationTurn_outputText", "ConversationTurn"."responseType" AS "ConversationTurn_responseType", "ConversationTurn"."intent" AS "ConversationTurn_intent", "ConversationTurn"."selectedAgent" AS "ConversationTurn_selectedAgent", "ConversationTurn"."latency" AS "ConversationTurn_latency", "ConversationTurn"."safetyStatus" AS "ConversationTurn_safetyStatus", "ConversationTurn"."status" AS "ConversationTurn_status", "ConversationTurn"."idempotencyKey" AS "ConversationTurn_idempotencyKey", "ConversationTurn"."conversationRetentionGranted" AS "ConversationTurn_conversationRetentionGranted", "ConversationTurn"."processingStartedAt" AS "ConversationTurn_processingStartedAt", "ConversationTurn"."createdAt" AS "ConversationTurn_createdAt" FROM "conversation_turns" "ConversationTurn" WHERE "ConversationTurn"."id" = $1 -- PARAMETERS: ["39a86217-2074-440f-80c5-52650964160b"]
query: UPDATE "conversation_turns" SET "outputText" = $1, "intent" = $2, "selectedAgent" = $3, "latency" = $4, "status" = $5 WHERE "id" = $6 -- PARAMETERS: ["{\"summary\":\"मैं आपकी बात ठीक से समझ नहीं पाया। क्या आप अपनी रिपोर्ट, दवाइयों, अपलोड की गई पर्ची, किसी सरकारी योजना, अस्पताल/सुविधा, या ऑनलाइन परामर्श के बारे में मदद चाहते हैं?\",\"hi\":\"मैं आपकी बात ठीक से समझ नहीं पाया। क्या आप अपनी रिपोर्ट, दवाइयों, अपलोड की गई पर्ची, किसी सरकारी योजना, अस्पताल/सुविधा, या ऑनलाइन परामर्श के बारे में मदद चाहते हैं?\",\"patient_text\":\"मैं आपकी बात ठीक से समझ नहीं पाया। क्या आप अपनी रिपोर्ट, दवाइयों, अपलोड की गई पर्ची, किसी सरकारी योजना, अस्पताल/सुविधा, या ऑनलाइन परामर्श के बारे में मदद चाहते हैं?\",\"en\":\"मैं आपकी बात ठीक से समझ नहीं पाया। क्या आप अपनी रिपोर्ट, दवाइयों, अपलोड की गई पर्ची, किसी सरकारी योजना, अस्पताल/सुविधा, या ऑनलाइन परामर्श के बारे में मदद चाहते हैं?\"}","UNKNOWN","triage",4117,"COMPLETED","39a86217-2074-440f-80c5-52650964160b"]
query: START TRANSACTION
query: INSERT INTO "audit_events"("id", "tenantId", "subjectAbhaRefHash", "speaker", "actingPrincipal", "correlationId", "action", "entityName", "entityId", "details", "hmacKeyId", "timestamp") VALUES (DEFAULT, $1, $2, $3, $4, $5, $6, $7, $8, $9, $10, DEFAULT) RETURNING "id", "timestamp" -- PARAMETERS: ["00000000-0000-0000-0000-000000000000","9600ae9bcfae3534c6feb6b1a33a1cbac4fb974e6acbfbcf6ab0dabba9c51bd4","self","dev-host-user-123","vda-ee0edb04-7707-49d9-818a-d2dc7b706d42","turn_processed","conversation_turn","39a86217-2074-440f-80c5-52650964160b","{\"turn_number\":1,\"latency\":4117}","v1"]
query: COMMIT
[Nest] 16120  - 01/09/2026, 4:49:43 pm     LOG [AuditService] Audit Logged: action=turn_processed correlationId=vda-ee0edb04-7707-49d9-818a-d2dc7b706d42 keyId=v1
query: COMMIT
query: SELECT "AuditEvent"."id" AS "AuditEvent_id", "AuditEvent"."tenantId" AS "AuditEvent_tenantId", "AuditEvent"."subjectAbhaRefHash" AS "AuditEvent_subjectAbhaRefHash", "AuditEvent"."speaker" AS "AuditEvent_speaker", "AuditEvent"."actingPrincipal" AS "AuditEvent_actingPrincipal", "AuditEvent"."correlationId" AS "AuditEvent_correlationId", "AuditEvent"."action" AS "AuditEvent_action", "AuditEvent"."entityName" AS "AuditEvent_entityName", "AuditEvent"."entityId" AS "AuditEvent_entityId", "AuditEvent"."details" AS "AuditEvent_details", "AuditEvent"."hmacKeyId" AS "AuditEvent_hmacKeyId", "AuditEvent"."timestamp" AS "AuditEvent_timestamp" FROM "audit_events" "AuditEvent" ORDER BY "AuditEvent"."timestamp" DESC LIMIT 50
[Nest] 16120  - 01/09/2026, 4:49:43 pm     LOG [DevelopmentAuditExporter] [DEV_AUDIT_EXPORTER] Processing batch export count=50
query: SELECT "AuditEvent"."id" AS "AuditEvent_id", "AuditEvent"."tenantId" AS "AuditEvent_tenantId", "AuditEvent"."subjectAbhaRefHash" AS "AuditEvent_subjectAbhaRefHash", "AuditEvent"."speaker" AS "AuditEvent_speaker", "AuditEvent"."actingPrincipal" AS "AuditEvent_actingPrincipal", "AuditEvent"."correlationId" AS "AuditEvent_correlationId", "AuditEvent"."action" AS "AuditEvent_action", "AuditEvent"."entityName" AS "AuditEvent_entityName", "AuditEvent"."entityId" AS "AuditEvent_entityId", "AuditEvent"."details" AS "AuditEvent_details", "AuditEvent"."hmacKeyId" AS "AuditEvent_hmacKeyId", "AuditEvent"."timestamp" AS "AuditEvent_timestamp" FROM "audit_events" "AuditEvent" ORDER BY "AuditEvent"."timestamp" DESC LIMIT 50
[Nest] 16120  - 01/09/2026, 4:49:48 pm     LOG [DevelopmentAuditExporter] [DEV_AUDIT_EXPORTER] Processing batch export count=50
query: SELECT "AuditEvent"."id" AS "AuditEvent_id", "AuditEvent"."tenantId" AS "AuditEvent_tenantId", "AuditEvent"."subjectAbhaRefHash" AS "AuditEvent_subjectAbhaRefHash", "AuditEvent"."speaker" AS "AuditEvent_speaker", "AuditEvent"."actingPrincipal" AS "AuditEvent_actingPrincipal", "AuditEvent"."correlationId" AS "AuditEvent_correlationId", "AuditEvent"."action" AS "AuditEvent_action", "AuditEvent"."entityName" AS "AuditEvent_entityName", "AuditEvent"."entityId" AS "AuditEvent_entityId", "AuditEvent"."details" AS "AuditEvent_details", "AuditEvent"."hmacKeyId" AS "AuditEvent_hmacKeyId", "AuditEvent"."timestamp" AS "AuditEvent_timestamp" FROM "audit_events" "AuditEvent" ORDER BY "AuditEvent"."timestamp" DESC LIMIT 50
[Nest] 16120  - 01/09/2026, 4:49:53 pm     LOG [DevelopmentAuditExporter] [DEV_AUDIT_EXPORTER] Processing batch export count=50
query: SELECT "AuditEvent"."id" AS "AuditEvent_id", "AuditEvent"."tenantId" AS "AuditEvent_tenantId", "AuditEvent"."subjectAbhaRefHash" AS "AuditEvent_subjectAbhaRefHash", "AuditEvent"."speaker" AS "AuditEvent_speaker", "AuditEvent"."actingPrincipal" AS "AuditEvent_actingPrincipal", "AuditEvent"."correlationId" AS "AuditEvent_correlationId", "AuditEvent"."action" AS "AuditEvent_action", "AuditEvent"."entityName" AS "AuditEvent_entityName", "AuditEvent"."entityId" AS "AuditEvent_entityId", "AuditEvent"."details" AS "AuditEvent_details", "AuditEvent"."hmacKeyId" AS "AuditEvent_hmacKeyId", "AuditEvent"."timestamp" AS "AuditEvent_timestamp" FROM "audit_events" "AuditEvent" ORDER BY "AuditEvent"."timestamp" DESC LIMIT 50
[Nest] 16120  - 01/09/2026, 4:49:58 pm     LOG [DevelopmentAuditExporter] [DEV_AUDIT_EXPORTER] Processing batch export count=50
query: SELECT "AuditEvent"."id" AS "AuditEvent_id", "AuditEvent"."tenantId" AS "AuditEvent_tenantId", "AuditEvent"."subjectAbhaRefHash" AS "AuditEvent_subjectAbhaRefHash", "AuditEvent"."speaker" AS "AuditEvent_speaker", "AuditEvent"."actingPrincipal" AS "AuditEvent_actingPrincipal", "AuditEvent"."correlationId" AS "AuditEvent_correlationId", "AuditEvent"."action" AS "AuditEvent_action", "AuditEvent"."entityName" AS "AuditEvent_entityName", "AuditEvent"."entityId" AS "AuditEvent_entityId", "AuditEvent"."details" AS "AuditEvent_details", "AuditEvent"."hmacKeyId" AS "AuditEvent_hmacKeyId", "AuditEvent"."timestamp" AS "AuditEvent_timestamp" FROM "audit_events" "AuditEvent" ORDER BY "AuditEvent"."timestamp" DESC LIMIT 50
[Nest] 16120  - 01/09/2026, 4:50:03 pm     LOG [DevelopmentAuditExporter] [DEV_AUDIT_EXPORTER] Processing batch export count=50
query: SELECT "AuditEvent"."id" AS "AuditEvent_id", "AuditEvent"."tenantId" AS "AuditEvent_tenantId", "AuditEvent"."subjectAbhaRefHash" AS "AuditEvent_subjectAbhaRefHash", "AuditEvent"."speaker" AS "AuditEvent_speaker", "AuditEvent"."actingPrincipal" AS "AuditEvent_actingPrincipal", "AuditEvent"."correlationId" AS "AuditEvent_correlationId", "AuditEvent"."action" AS "AuditEvent_action", "AuditEvent"."entityName" AS "AuditEvent_entityName", "AuditEvent"."entityId" AS "AuditEvent_entityId", "AuditEvent"."details" AS "AuditEvent_details", "AuditEvent"."hmacKeyId" AS "AuditEvent_hmacKeyId", "AuditEvent"."timestamp" AS "AuditEvent_timestamp" FROM "audit_events" "AuditEvent" ORDER BY "AuditEvent"."timestamp" DESC LIMIT 50
[Nest] 16120  - 01/09/2026, 4:50:08 pm     LOG [DevelopmentAuditExporter] [DEV_AUDIT_EXPORTER] Processing batch export count=50
query: SELECT "AuditEvent"."id" AS "AuditEvent_id", "AuditEvent"."tenantId" AS "AuditEvent_tenantId", "AuditEvent"."subjectAbhaRefHash" AS "AuditEvent_subjectAbhaRefHash", "AuditEvent"."speaker" AS "AuditEvent_speaker", "AuditEvent"."actingPrincipal" AS "AuditEvent_actingPrincipal", "AuditEvent"."correlationId" AS "AuditEvent_correlationId", "AuditEvent"."action" AS "AuditEvent_action", "AuditEvent"."entityName" AS "AuditEvent_entityName", "AuditEvent"."entityId" AS "AuditEvent_entityId", "AuditEvent"."details" AS "AuditEvent_details", "AuditEvent"."hmacKeyId" AS "AuditEvent_hmacKeyId", "AuditEvent"."timestamp" AS "AuditEvent_timestamp" FROM "audit_events" "AuditEvent" ORDER BY "AuditEvent"."timestamp" DESC LIMIT 50
[Nest] 16120  - 01/09/2026, 4:50:13 pm     LOG [DevelopmentAuditExporter] [DEV_AUDIT_EXPORTER] Processing batch export count=50
query: SELECT "AuditEvent"."id" AS "AuditEvent_id", "AuditEvent"."tenantId" AS "AuditEvent_tenantId", "AuditEvent"."subjectAbhaRefHash" AS "AuditEvent_subjectAbhaRefHash", "AuditEvent"."speaker" AS "AuditEvent_speaker", "AuditEvent"."actingPrincipal" AS "AuditEvent_actingPrincipal", "AuditEvent"."correlationId" AS "AuditEvent_correlationId", "AuditEvent"."action" AS "AuditEvent_action", "AuditEvent"."entityName" AS "AuditEvent_entityName", "AuditEvent"."entityId" AS "AuditEvent_entityId", "AuditEvent"."details" AS "AuditEvent_details", "AuditEvent"."hmacKeyId" AS "AuditEvent_hmacKeyId", "AuditEvent"."timestamp" AS "AuditEvent_timestamp" FROM "audit_events" "AuditEvent" ORDER BY "AuditEvent"."timestamp" DESC LIMIT 50
[Nest] 16120  - 01/09/2026, 4:50:18 pm     LOG [DevelopmentAuditExporter] [DEV_AUDIT_EXPORTER] Processing batch export count=50
query: SELECT "AuditEvent"."id" AS "AuditEvent_id", "AuditEvent"."tenantId" AS "AuditEvent_tenantId", "AuditEvent"."subjectAbhaRefHash" AS "AuditEvent_subjectAbhaRefHash", "AuditEvent"."speaker" AS "AuditEvent_speaker", "AuditEvent"."actingPrincipal" AS "AuditEvent_actingPrincipal", "AuditEvent"."correlationId" AS "AuditEvent_correlationId", "AuditEvent"."action" AS "AuditEvent_action", "AuditEvent"."entityName" AS "AuditEvent_entityName", "AuditEvent"."entityId" AS "AuditEvent_entityId", "AuditEvent"."details" AS "AuditEvent_details", "AuditEvent"."hmacKeyId" AS "AuditEvent_hmacKeyId", "AuditEvent"."timestamp" AS "AuditEvent_timestamp" FROM "audit_events" "AuditEvent" ORDER BY "AuditEvent"."timestamp" DESC LIMIT 50
[Nest] 16120  - 01/09/2026, 4:50:23 pm     LOG [DevelopmentAuditExporter] [DEV_AUDIT_EXPORTER] Processing batch export count=50
query: SELECT "Tenant"."id" AS "Tenant_id", "Tenant"."name" AS "Tenant_name", "Tenant"."domain" AS "Tenant_domain", "Tenant"."status" AS "Tenant_status", "Tenant"."createdAt" AS "Tenant_createdAt", "Tenant"."updatedAt" AS "Tenant_updatedAt" FROM "tenants" "Tenant" WHERE (("Tenant"."id" = $1)) LIMIT 1 -- PARAMETERS: ["00000000-0000-0000-0000-000000000000"]
query: START TRANSACTION
query: INSERT INTO "consent_artifacts"("id", "tenantId", "subjectId", "consentVersion", "scopes", "language", "deliveryMode", "retentionInfo", "status", "createdAt", "withdrawnAt") VALUES (DEFAULT, $1, $2, $3, $4, $5, $6, $7, $8, DEFAULT, DEFAULT) RETURNING "id", "createdAt" -- PARAMETERS: ["00000000-0000-0000-0000-000000000000","dev-host-user-123","local-prototype-patient-v1",["record_read","conversation_retention"],"ml","text","{\"mode\":\"local-prototype-patient\"}","ACTIVE"]
query: COMMIT
query: SELECT "ConsentArtifact"."id" AS "ConsentArtifact_id", "ConsentArtifact"."tenantId" AS "ConsentArtifact_tenantId", "ConsentArtifact"."subjectId" AS "ConsentArtifact_subjectId", "ConsentArtifact"."consentVersion" AS "ConsentArtifact_consentVersion", "ConsentArtifact"."scopes" AS "ConsentArtifact_scopes", "ConsentArtifact"."language" AS "ConsentArtifact_language", "ConsentArtifact"."deliveryMode" AS "ConsentArtifact_deliveryMode", "ConsentArtifact"."retentionInfo" AS "ConsentArtifact_retentionInfo", "ConsentArtifact"."status" AS "ConsentArtifact_status", "ConsentArtifact"."createdAt" AS "ConsentArtifact_createdAt", "ConsentArtifact"."withdrawnAt" AS "ConsentArtifact_withdrawnAt" FROM "consent_artifacts" "ConsentArtifact" WHERE (("ConsentArtifact"."id" = $1)) LIMIT 1 -- PARAMETERS: ["d2189d49-fd94-4d44-8286-2a3381fb9290"]
query: START TRANSACTION
query: INSERT INTO "audit_events"("id", "tenantId", "subjectAbhaRefHash", "speaker", "actingPrincipal", "correlationId", "action", "entityName", "entityId", "details", "hmacKeyId", "timestamp") VALUES (DEFAULT, $1, $2, $3, $4, $5, $6, $7, $8, $9, $10, DEFAULT) RETURNING "id", "timestamp" -- PARAMETERS: ["00000000-0000-0000-0000-000000000000","9fc9febfdb162d97cbd918258df1782b84e19951caf22a936a8464a684dd029f","self","dev-host-user-123","vda-ef43b83f-c629-4d39-8a83-499f4737b817","consent_validated","consent_artifact","d2189d49-fd94-4d44-8286-2a3381fb9290",null,"v1"]
query: COMMIT
[Nest] 16120  - 01/09/2026, 4:50:26 pm     LOG [AuditService] Audit Logged: action=consent_validated correlationId=vda-ef43b83f-c629-4d39-8a83-499f4737b817 keyId=v1
query: START TRANSACTION
query: INSERT INTO "sessions"("id", "tenantId", "externalId", "subjectAbhaRef", "speaker", "assistContextId", "consentArtifactId", "localeHint", "deviceClass", "medicationState", "status", "idleExpiresAt", "absoluteExpiresAt", "createdAt", "closedAt") VALUES (DEFAULT, $1, $2, $3, $4, DEFAULT, $5, $6, DEFAULT, DEFAULT, $7, $8, $9, DEFAULT, DEFAULT) RETURNING "id", "medicationState", "status", "createdAt" -- PARAMETERS: ["00000000-0000-0000-0000-000000000000","dev-host-user-123","local-file:synth-patient-116","self","d2189d49-fd94-4d44-8286-2a3381fb9290","ml","ACTIVE","2026-09-01T11:50:26.184Z","2026-09-01T15:20:26.184Z"]
query: COMMIT
query: START TRANSACTION
query: INSERT INTO "audit_events"("id", "tenantId", "subjectAbhaRefHash", "speaker", "actingPrincipal", "correlationId", "action", "entityName", "entityId", "details", "hmacKeyId", "timestamp") VALUES (DEFAULT, $1, $2, $3, $4, $5, $6, $7, $8, $9, $10, DEFAULT) RETURNING "id", "timestamp" -- PARAMETERS: ["00000000-0000-0000-0000-000000000000","9fc9febfdb162d97cbd918258df1782b84e19951caf22a936a8464a684dd029f","self","dev-host-user-123","vda-ef43b83f-c629-4d39-8a83-499f4737b817","session_created","session","ab40642d-3270-4f05-976a-ef4f7a20b87b",null,"v1"]
query: COMMIT
[Nest] 16120  - 01/09/2026, 4:50:26 pm     LOG [AuditService] Audit Logged: action=session_created correlationId=vda-ef43b83f-c629-4d39-8a83-499f4737b817 keyId=v1
query: START TRANSACTION
query: SELECT "Session"."id" AS "Session_id", "Session"."tenantId" AS "Session_tenantId", "Session"."externalId" AS "Session_externalId", "Session"."subjectAbhaRef" AS "Session_subjectAbhaRef", "Session"."speaker" AS "Session_speaker", "Session"."assistContextId" AS "Session_assistContextId", "Session"."consentArtifactId" AS "Session_consentArtifactId", "Session"."localeHint" AS "Session_localeHint", "Session"."deviceClass" AS "Session_deviceClass", "Session"."medicationState" AS "Session_medicationState", "Session"."status" AS "Session_status", "Session"."idleExpiresAt" AS "Session_idleExpiresAt", "Session"."absoluteExpiresAt" AS "Session_absoluteExpiresAt", "Session"."createdAt" AS "Session_createdAt", "Session"."closedAt" AS "Session_closedAt" FROM "sessions" "Session" WHERE (("Session"."id" = $1)) LIMIT 1 FOR UPDATE -- PARAMETERS: ["ab40642d-3270-4f05-976a-ef4f7a20b87b"]
query: SELECT "ConsentArtifact"."id" AS "ConsentArtifact_id", "ConsentArtifact"."tenantId" AS "ConsentArtifact_tenantId", "ConsentArtifact"."subjectId" AS "ConsentArtifact_subjectId", "ConsentArtifact"."consentVersion" AS "ConsentArtifact_consentVersion", "ConsentArtifact"."scopes" AS "ConsentArtifact_scopes", "ConsentArtifact"."language" AS "ConsentArtifact_language", "ConsentArtifact"."deliveryMode" AS "ConsentArtifact_deliveryMode", "ConsentArtifact"."retentionInfo" AS "ConsentArtifact_retentionInfo", "ConsentArtifact"."status" AS "ConsentArtifact_status", "ConsentArtifact"."createdAt" AS "ConsentArtifact_createdAt", "ConsentArtifact"."withdrawnAt" AS "ConsentArtifact_withdrawnAt" FROM "consent_artifacts" "ConsentArtifact" WHERE (("ConsentArtifact"."id" = $1)) LIMIT 1 -- PARAMETERS: ["d2189d49-fd94-4d44-8286-2a3381fb9290"]
query: SELECT "ConversationTurn"."id" AS "ConversationTurn_id", "ConversationTurn"."sessionId" AS "ConversationTurn_sessionId", "ConversationTurn"."clinicalEscalationId" AS "ConversationTurn_clinicalEscalationId", "ConversationTurn"."turnNumber" AS "ConversationTurn_turnNumber", "ConversationTurn"."correlationId" AS "ConversationTurn_correlationId", "ConversationTurn"."speaker" AS "ConversationTurn_speaker", "ConversationTurn"."subjectRef" AS "ConversationTurn_subjectRef", "ConversationTurn"."inputText" AS "ConversationTurn_inputText", "ConversationTurn"."outputText" AS "ConversationTurn_outputText", "ConversationTurn"."responseType" AS "ConversationTurn_responseType", "ConversationTurn"."intent" AS "ConversationTurn_intent", "ConversationTurn"."selectedAgent" AS "ConversationTurn_selectedAgent", "ConversationTurn"."latency" AS "ConversationTurn_latency", "ConversationTurn"."safetyStatus" AS "ConversationTurn_safetyStatus", "ConversationTurn"."status" AS "ConversationTurn_status", "ConversationTurn"."idempotencyKey" AS "ConversationTurn_idempotencyKey", "ConversationTurn"."conversationRetentionGranted" AS "ConversationTurn_conversationRetentionGranted", "ConversationTurn"."processingStartedAt" AS "ConversationTurn_processingStartedAt", "ConversationTurn"."createdAt" AS "ConversationTurn_createdAt" FROM "conversation_turns" "ConversationTurn" WHERE (("ConversationTurn"."sessionId" = $1) AND ("ConversationTurn"."idempotencyKey" = $2)) LIMIT 1 -- PARAMETERS: ["ab40642d-3270-4f05-976a-ef4f7a20b87b","27fcfc16-743c-462c-8d23-ee74bb08691e"]
query: SELECT "ConversationTurn"."id" AS "ConversationTurn_id", "ConversationTurn"."sessionId" AS "ConversationTurn_sessionId", "ConversationTurn"."clinicalEscalationId" AS "ConversationTurn_clinicalEscalationId", "ConversationTurn"."turnNumber" AS "ConversationTurn_turnNumber", "ConversationTurn"."correlationId" AS "ConversationTurn_correlationId", "ConversationTurn"."speaker" AS "ConversationTurn_speaker", "ConversationTurn"."subjectRef" AS "ConversationTurn_subjectRef", "ConversationTurn"."inputText" AS "ConversationTurn_inputText", "ConversationTurn"."outputText" AS "ConversationTurn_outputText", "ConversationTurn"."responseType" AS "ConversationTurn_responseType", "ConversationTurn"."intent" AS "ConversationTurn_intent", "ConversationTurn"."selectedAgent" AS "ConversationTurn_selectedAgent", "ConversationTurn"."latency" AS "ConversationTurn_latency", "ConversationTurn"."safetyStatus" AS "ConversationTurn_safetyStatus", "ConversationTurn"."status" AS "ConversationTurn_status", "ConversationTurn"."idempotencyKey" AS "ConversationTurn_idempotencyKey", "ConversationTurn"."conversationRetentionGranted" AS "ConversationTurn_conversationRetentionGranted", "ConversationTurn"."processingStartedAt" AS "ConversationTurn_processingStartedAt", "ConversationTurn"."createdAt" AS "ConversationTurn_createdAt" FROM "conversation_turns" "ConversationTurn" WHERE (("ConversationTurn"."sessionId" = $1)) ORDER BY "ConversationTurn"."turnNumber" DESC LIMIT 1 -- PARAMETERS: ["ab40642d-3270-4f05-976a-ef4f7a20b87b"]
query: SELECT "Session"."id" AS "Session_id", "Session"."tenantId" AS "Session_tenantId", "Session"."externalId" AS "Session_externalId", "Session"."subjectAbhaRef" AS "Session_subjectAbhaRef", "Session"."speaker" AS "Session_speaker", "Session"."assistContextId" AS "Session_assistContextId", "Session"."consentArtifactId" AS "Session_consentArtifactId", "Session"."localeHint" AS "Session_localeHint", "Session"."deviceClass" AS "Session_deviceClass", "Session"."medicationState" AS "Session_medicationState", "Session"."status" AS "Session_status", "Session"."idleExpiresAt" AS "Session_idleExpiresAt", "Session"."absoluteExpiresAt" AS "Session_absoluteExpiresAt", "Session"."createdAt" AS "Session_createdAt", "Session"."closedAt" AS "Session_closedAt" FROM "sessions" "Session" WHERE "Session"."id" = $1 -- PARAMETERS: ["ab40642d-3270-4f05-976a-ef4f7a20b87b"]
query: UPDATE "sessions" SET "idleExpiresAt" = $1 WHERE "id" = $2 -- PARAMETERS: ["2026-09-01T11:50:26.233Z","ab40642d-3270-4f05-976a-ef4f7a20b87b"]
query: INSERT INTO "conversation_turns"("id", "sessionId", "clinicalEscalationId", "turnNumber", "correlationId", "speaker", "subjectRef", "inputText", "outputText", "responseType", "intent", "selectedAgent", "latency", "safetyStatus", "status", "idempotencyKey", "conversationRetentionGranted", "processingStartedAt", "createdAt") VALUES (DEFAULT, $1, DEFAULT, $2, $3, $4, $5, $6, $7, $8, DEFAULT, DEFAULT, $9, $10, $11, $12, $13, $14, DEFAULT) RETURNING "id", "status", "conversationRetentionGranted", "createdAt" -- PARAMETERS: ["ab40642d-3270-4f05-976a-ef4f7a20b87b",1,"vda-9db210dd-8f90-4e5d-8792-8d949394983d","self","local-file:synth-patient-116","meri chest mein bahut pain ho raha hai",null,"text",0,"ESCALATED_BY_RULE","PROCESSING","27fcfc16-743c-462c-8d23-ee74bb08691e",true,"2026-09-01T11:20:26.233Z"]
query: START TRANSACTION
query: INSERT INTO "audit_events"("id", "tenantId", "subjectAbhaRefHash", "speaker", "actingPrincipal", "correlationId", "action", "entityName", "entityId", "details", "hmacKeyId", "timestamp") VALUES (DEFAULT, $1, $2, $3, $4, $5, $6, $7, $8, $9, $10, DEFAULT) RETURNING "id", "timestamp" -- PARAMETERS: ["00000000-0000-0000-0000-000000000000","9fc9febfdb162d97cbd918258df1782b84e19951caf22a936a8464a684dd029f","self","dev-host-user-123","vda-9db210dd-8f90-4e5d-8792-8d949394983d","turn_received","session","ab40642d-3270-4f05-976a-ef4f7a20b87b","{\"turn_number\":1}","v1"]
query: COMMIT
[Nest] 16120  - 01/09/2026, 4:50:26 pm     LOG [AuditService] Audit Logged: action=turn_received correlationId=vda-9db210dd-8f90-4e5d-8792-8d949394983d keyId=v1
query: COMMIT
query: SELECT "Session"."id" AS "Session_id", "Session"."tenantId" AS "Session_tenantId", "Session"."externalId" AS "Session_externalId", "Session"."subjectAbhaRef" AS "Session_subjectAbhaRef", "Session"."speaker" AS "Session_speaker", "Session"."assistContextId" AS "Session_assistContextId", "Session"."consentArtifactId" AS "Session_consentArtifactId", "Session"."localeHint" AS "Session_localeHint", "Session"."deviceClass" AS "Session_deviceClass", "Session"."medicationState" AS "Session_medicationState", "Session"."status" AS "Session_status", "Session"."idleExpiresAt" AS "Session_idleExpiresAt", "Session"."absoluteExpiresAt" AS "Session_absoluteExpiresAt", "Session"."createdAt" AS "Session_createdAt", "Session"."closedAt" AS "Session_closedAt" FROM "sessions" "Session" WHERE (("Session"."id" = $1)) LIMIT 1 -- PARAMETERS: ["ab40642d-3270-4f05-976a-ef4f7a20b87b"]
query: START TRANSACTION
query: INSERT INTO "audit_events"("id", "tenantId", "subjectAbhaRefHash", "speaker", "actingPrincipal", "correlationId", "action", "entityName", "entityId", "details", "hmacKeyId", "timestamp") VALUES (DEFAULT, $1, $2, $3, $4, $5, $6, $7, $8, $9, $10, DEFAULT) RETURNING "id", "timestamp" -- PARAMETERS: ["00000000-0000-0000-0000-000000000000","9fc9febfdb162d97cbd918258df1782b84e19951caf22a936a8464a684dd029f","self","dev-host-user-123","vda-9db210dd-8f90-4e5d-8792-8d949394983d","safety_evaluated","conversation_turn","1159aecd-aba1-4b53-a938-0991f36c179a","{\"status\":\"ESCALATION_REQUIRED\",\"rule_id\":\"EMERGENCY_01\",\"rule_version\":\"1.0\",\"severity\":\"HIGH\",\"action\":\"ESCALATE\"}","v1"]
query: COMMIT
[Nest] 16120  - 01/09/2026, 4:50:26 pm     LOG [AuditService] Audit Logged: action=safety_evaluated correlationId=vda-9db210dd-8f90-4e5d-8792-8d949394983d keyId=v1
query: START TRANSACTION
query: INSERT INTO "clinical_escalations"("id", "tenantId", "turnId", "sessionId", "subjectRefHash", "correlationId", "tier", "clinicalCategory", "ruleId", "ruleVersion", "language", "sanitizedInputText", "patientSafeResponse", "originalPatientResponse", "originalResponseContext", "responseReviewDecision", "correctedPatientResponse", "responseReviewerId", "responseReviewedAt", "status", "reviewOutcome", "reviewerId", "reviewerNote", "reviewedAt", "teleconsultationOfferedAt", "teleconsultationRequestedAt", "clinicalConversationClosedAt", "clinicalConversationClosedBy", "reviewHistory", "createdAt", "updatedAt") VALUES (DEFAULT, $1, $2, $3, $4, $5, $6, $7, $8, $9, $10, $11, $12, $13, $14, DEFAULT, DEFAULT, DEFAULT, DEFAULT, $15, DEFAULT, DEFAULT, DEFAULT, DEFAULT, DEFAULT, DEFAULT, DEFAULT, DEFAULT, $16, DEFAULT, DEFAULT) RETURNING "id", "status", "reviewHistory", "createdAt", "updatedAt" -- PARAMETERS: ["00000000-0000-0000-0000-000000000000","1159aecd-aba1-4b53-a938-0991f36c179a","ab40642d-3270-4f05-976a-ef4f7a20b87b","9fc9febfdb162d97cbd918258df1782b84e19951caf22a936a8464a684dd029f","vda-9db210dd-8f90-4e5d-8792-8d949394983d","T1","EMERGENCY","EMERGENCY_01","1.0","hi","meri chest mein bahut pain ho raha hai","यदि आप एक चिकित्सा आपात स्थिति का अनुभव कर रहे हैं, तो कृपया तुरंत स्थानीय आपातकालीन सेवाओं से संपर्क करें या निकटतम आपातकालीन कक्ष में जाएं।","यदि आप एक चिकित्सा आपात स्थिति का अनुभव कर रहे हैं, तो कृपया तुरंत स्थानीय आपातकालीन सेवाओं से संपर्क करें या निकटतम आपातकालीन कक्ष में जाएं।","{\"summary\":\"यदि आप एक चिकित्सा आपात स्थिति का अनुभव कर रहे हैं, तो कृपया तुरंत स्थानीय आपातकालीन सेवाओं से संपर्क करें या निकटतम आपातकालीन कक्ष में जाएं।\",\"reason\":\"यदि आप एक चिकित्सा आपात स्थिति का अनुभव कर रहे हैं, तो कृपया तुरंत स्थानीय आपातकालीन सेवाओं से संपर्क करें या निकटतम आपातकालीन कक्ष में जाएं।\",\"escalation_id\":\"EMERGENCY_01\",\"assigned_role\":\"CLINICIAN\"}","OPEN","[{\"action\":\"CREATED\",\"at\":\"2026-09-01T11:20:26.282Z\"}]"]
query: COMMIT
query: SELECT "ConversationTurn"."id" AS "ConversationTurn_id", "ConversationTurn"."sessionId" AS "ConversationTurn_sessionId", "ConversationTurn"."clinicalEscalationId" AS "ConversationTurn_clinicalEscalationId", "ConversationTurn"."turnNumber" AS "ConversationTurn_turnNumber", "ConversationTurn"."correlationId" AS "ConversationTurn_correlationId", "ConversationTurn"."speaker" AS "ConversationTurn_speaker", "ConversationTurn"."subjectRef" AS "ConversationTurn_subjectRef", "ConversationTurn"."inputText" AS "ConversationTurn_inputText", "ConversationTurn"."outputText" AS "ConversationTurn_outputText", "ConversationTurn"."responseType" AS "ConversationTurn_responseType", "ConversationTurn"."intent" AS "ConversationTurn_intent", "ConversationTurn"."selectedAgent" AS "ConversationTurn_selectedAgent", "ConversationTurn"."latency" AS "ConversationTurn_latency", "ConversationTurn"."safetyStatus" AS "ConversationTurn_safetyStatus", "ConversationTurn"."status" AS "ConversationTurn_status", "ConversationTurn"."idempotencyKey" AS "ConversationTurn_idempotencyKey", "ConversationTurn"."conversationRetentionGranted" AS "ConversationTurn_conversationRetentionGranted", "ConversationTurn"."processingStartedAt" AS "ConversationTurn_processingStartedAt", "ConversationTurn"."createdAt" AS "ConversationTurn_createdAt" FROM "conversation_turns" "ConversationTurn" WHERE "ConversationTurn"."id" = $1 -- PARAMETERS: ["1159aecd-aba1-4b53-a938-0991f36c179a"]
query: START TRANSACTION
query: UPDATE "conversation_turns" SET "clinicalEscalationId" = $1, "speaker" = $2 WHERE "id" = $3 -- PARAMETERS: ["5f2291ab-f533-47da-bb5f-df2f84de7963","PATIENT","1159aecd-aba1-4b53-a938-0991f36c179a"]
query: COMMIT
query: START TRANSACTION
query: INSERT INTO "audit_events"("id", "tenantId", "subjectAbhaRefHash", "speaker", "actingPrincipal", "correlationId", "action", "entityName", "entityId", "details", "hmacKeyId", "timestamp") VALUES (DEFAULT, $1, $2, $3, $4, $5, $6, $7, $8, $9, $10, DEFAULT) RETURNING "id", "timestamp" -- PARAMETERS: ["00000000-0000-0000-0000-000000000000","9fc9febfdb162d97cbd918258df1782b84e19951caf22a936a8464a684dd029f","PATIENT","dev-host-user-123","vda-9db210dd-8f90-4e5d-8792-8d949394983d","clinical_escalation_created","clinical_escalation","5f2291ab-f533-47da-bb5f-df2f84de7963","{\"tier\":\"T1\",\"clinical_category\":\"EMERGENCY\",\"rule_id\":\"EMERGENCY_01\",\"rule_version\":\"1.0\",\"safety_status\":\"ESCALATION_REQUIRED\"}","v1"]
query: COMMIT
[Nest] 16120  - 01/09/2026, 4:50:26 pm     LOG [AuditService] Audit Logged: action=clinical_escalation_created correlationId=vda-9db210dd-8f90-4e5d-8792-8d949394983d keyId=v1
query: START TRANSACTION
query: INSERT INTO "audit_events"("id", "tenantId", "subjectAbhaRefHash", "speaker", "actingPrincipal", "correlationId", "action", "entityName", "entityId", "details", "hmacKeyId", "timestamp") VALUES (DEFAULT, $1, $2, $3, $4, $5, $6, $7, $8, $9, $10, DEFAULT) RETURNING "id", "timestamp" -- PARAMETERS: ["00000000-0000-0000-0000-000000000000","9fc9febfdb162d97cbd918258df1782b84e19951caf22a936a8464a684dd029f","PATIENT","dev-host-user-123","vda-9db210dd-8f90-4e5d-8792-8d949394983d","safety_escalated","conversation_turn","1159aecd-aba1-4b53-a938-0991f36c179a","{\"rule_id\":\"EMERGENCY_01\",\"rule_version\":\"1.0\",\"severity\":\"HIGH\"}","v1"]
query: COMMIT
[Nest] 16120  - 01/09/2026, 4:50:26 pm     LOG [AuditService] Audit Logged: action=safety_escalated correlationId=vda-9db210dd-8f90-4e5d-8792-8d949394983d keyId=v1
query: START TRANSACTION
query: SELECT "ConversationTurn"."id" AS "ConversationTurn_id", "ConversationTurn"."sessionId" AS "ConversationTurn_sessionId", "ConversationTurn"."clinicalEscalationId" AS "ConversationTurn_clinicalEscalationId", "ConversationTurn"."turnNumber" AS "ConversationTurn_turnNumber", "ConversationTurn"."correlationId" AS "ConversationTurn_correlationId", "ConversationTurn"."speaker" AS "ConversationTurn_speaker", "ConversationTurn"."subjectRef" AS "ConversationTurn_subjectRef", "ConversationTurn"."inputText" AS "ConversationTurn_inputText", "ConversationTurn"."outputText" AS "ConversationTurn_outputText", "ConversationTurn"."responseType" AS "ConversationTurn_responseType", "ConversationTurn"."intent" AS "ConversationTurn_intent", "ConversationTurn"."selectedAgent" AS "ConversationTurn_selectedAgent", "ConversationTurn"."latency" AS "ConversationTurn_latency", "ConversationTurn"."safetyStatus" AS "ConversationTurn_safetyStatus", "ConversationTurn"."status" AS "ConversationTurn_status", "ConversationTurn"."idempotencyKey" AS "ConversationTurn_idempotencyKey", "ConversationTurn"."conversationRetentionGranted" AS "ConversationTurn_conversationRetentionGranted", "ConversationTurn"."processingStartedAt" AS "ConversationTurn_processingStartedAt", "ConversationTurn"."createdAt" AS "ConversationTurn_createdAt" FROM "conversation_turns" "ConversationTurn" WHERE (("ConversationTurn"."id" = $1)) LIMIT 1 -- PARAMETERS: ["1159aecd-aba1-4b53-a938-0991f36c179a"]
query: SELECT "ConversationTurn"."id" AS "ConversationTurn_id", "ConversationTurn"."sessionId" AS "ConversationTurn_sessionId", "ConversationTurn"."clinicalEscalationId" AS "ConversationTurn_clinicalEscalationId", "ConversationTurn"."turnNumber" AS "ConversationTurn_turnNumber", "ConversationTurn"."correlationId" AS "ConversationTurn_correlationId", "ConversationTurn"."speaker" AS "ConversationTurn_speaker", "ConversationTurn"."subjectRef" AS "ConversationTurn_subjectRef", "ConversationTurn"."inputText" AS "ConversationTurn_inputText", "ConversationTurn"."outputText" AS "ConversationTurn_outputText", "ConversationTurn"."responseType" AS "ConversationTurn_responseType", "ConversationTurn"."intent" AS "ConversationTurn_intent", "ConversationTurn"."selectedAgent" AS "ConversationTurn_selectedAgent", "ConversationTurn"."latency" AS "ConversationTurn_latency", "ConversationTurn"."safetyStatus" AS "ConversationTurn_safetyStatus", "ConversationTurn"."status" AS "ConversationTurn_status", "ConversationTurn"."idempotencyKey" AS "ConversationTurn_idempotencyKey", "ConversationTurn"."conversationRetentionGranted" AS "ConversationTurn_conversationRetentionGranted", "ConversationTurn"."processingStartedAt" AS "ConversationTurn_processingStartedAt", "ConversationTurn"."createdAt" AS "ConversationTurn_createdAt" FROM "conversation_turns" "ConversationTurn" WHERE "ConversationTurn"."id" = $1 -- PARAMETERS: ["1159aecd-aba1-4b53-a938-0991f36c179a"]
query: UPDATE "conversation_turns" SET "outputText" = $1, "responseType" = $2, "intent" = $3, "selectedAgent" = $4, "latency" = $5, "status" = $6 WHERE "id" = $7 -- PARAMETERS: ["{\"summary\":\"यदि आप एक चिकित्सा आपात स्थिति का अनुभव कर रहे हैं, तो कृपया तुरंत स्थानीय आपातकालीन सेवाओं से संपर्क करें या निकटतम आपातकालीन कक्ष में जाएं।\",\"escalation_id\":\"EMERGENCY_01\",\"reason\":\"यदि आप एक चिकित्सा आपात स्थिति का अनुभव कर रहे हैं, तो कृपया तुरंत स्थानीय आपातकालीन सेवाओं से संपर्क करें या निकटतम आपातकालीन कक्ष में जाएं।\",\"assigned_role\":\"CLINICIAN\"}","escalation","safety-escalation","EMERGENCY_01",82,"COMPLETED","1159aecd-aba1-4b53-a938-0991f36c179a"]
query: START TRANSACTION
query: INSERT INTO "audit_events"("id", "tenantId", "subjectAbhaRefHash", "speaker", "actingPrincipal", "correlationId", "action", "entityName", "entityId", "details", "hmacKeyId", "timestamp") VALUES (DEFAULT, $1, $2, $3, $4, $5, $6, $7, $8, $9, $10, DEFAULT) RETURNING "id", "timestamp" -- PARAMETERS: ["00000000-0000-0000-0000-000000000000","9fc9febfdb162d97cbd918258df1782b84e19951caf22a936a8464a684dd029f","PATIENT","dev-host-user-123","vda-9db210dd-8f90-4e5d-8792-8d949394983d","turn_processed","conversation_turn","1159aecd-aba1-4b53-a938-0991f36c179a","{\"turn_number\":1,\"latency\":82}","v1"]
query: COMMIT
[Nest] 16120  - 01/09/2026, 4:50:26 pm     LOG [AuditService] Audit Logged: action=turn_processed correlationId=vda-9db210dd-8f90-4e5d-8792-8d949394983d keyId=v1
query: COMMIT
query: SELECT "AuditEvent"."id" AS "AuditEvent_id", "AuditEvent"."tenantId" AS "AuditEvent_tenantId", "AuditEvent"."subjectAbhaRefHash" AS "AuditEvent_subjectAbhaRefHash", "AuditEvent"."speaker" AS "AuditEvent_speaker", "AuditEvent"."actingPrincipal" AS "AuditEvent_actingPrincipal", "AuditEvent"."correlationId" AS "AuditEvent_correlationId", "AuditEvent"."action" AS "AuditEvent_action", "AuditEvent"."entityName" AS "AuditEvent_entityName", "AuditEvent"."entityId" AS "AuditEvent_entityId", "AuditEvent"."details" AS "AuditEvent_details", "AuditEvent"."hmacKeyId" AS "AuditEvent_hmacKeyId", "AuditEvent"."timestamp" AS "AuditEvent_timestamp" FROM "audit_events" "AuditEvent" ORDER BY "AuditEvent"."timestamp" DESC LIMIT 50
[Nest] 16120  - 01/09/2026, 4:50:28 pm     LOG [DevelopmentAuditExporter] [DEV_AUDIT_EXPORTER] Processing batch export count=50
query: SELECT "AuditEvent"."id" AS "AuditEvent_id", "AuditEvent"."tenantId" AS "AuditEvent_tenantId", "AuditEvent"."subjectAbhaRefHash" AS "AuditEvent_subjectAbhaRefHash", "AuditEvent"."speaker" AS "AuditEvent_speaker", "AuditEvent"."actingPrincipal" AS "AuditEvent_actingPrincipal", "AuditEvent"."correlationId" AS "AuditEvent_correlationId", "AuditEvent"."action" AS "AuditEvent_action", "AuditEvent"."entityName" AS "AuditEvent_entityName", "AuditEvent"."entityId" AS "AuditEvent_entityId", "AuditEvent"."details" AS "AuditEvent_details", "AuditEvent"."hmacKeyId" AS "AuditEvent_hmacKeyId", "AuditEvent"."timestamp" AS "AuditEvent_timestamp" FROM "audit_events" "AuditEvent" ORDER BY "AuditEvent"."timestamp" DESC LIMIT 50
[Nest] 16120  - 01/09/2026, 4:50:33 pm     LOG [DevelopmentAuditExporter] [DEV_AUDIT_EXPORTER] Processing batch export count=50
query: SELECT "AuditEvent"."id" AS "AuditEvent_id", "AuditEvent"."tenantId" AS "AuditEvent_tenantId", "AuditEvent"."subjectAbhaRefHash" AS "AuditEvent_subjectAbhaRefHash", "AuditEvent"."speaker" AS "AuditEvent_speaker", "AuditEvent"."actingPrincipal" AS "AuditEvent_actingPrincipal", "AuditEvent"."correlationId" AS "AuditEvent_correlationId", "AuditEvent"."action" AS "AuditEvent_action", "AuditEvent"."entityName" AS "AuditEvent_entityName", "AuditEvent"."entityId" AS "AuditEvent_entityId", "AuditEvent"."details" AS "AuditEvent_details", "AuditEvent"."hmacKeyId" AS "AuditEvent_hmacKeyId", "AuditEvent"."timestamp" AS "AuditEvent_timestamp" FROM "audit_events" "AuditEvent" ORDER BY "AuditEvent"."timestamp" DESC LIMIT 50
[Nest] 16120  - 01/09/2026, 4:50:38 pm     LOG [DevelopmentAuditExporter] [DEV_AUDIT_EXPORTER] Processing batch export count=50
query: SELECT "AuditEvent"."id" AS "AuditEvent_id", "AuditEvent"."tenantId" AS "AuditEvent_tenantId", "AuditEvent"."subjectAbhaRefHash" AS "AuditEvent_subjectAbhaRefHash", "AuditEvent"."speaker" AS "AuditEvent_speaker", "AuditEvent"."actingPrincipal" AS "AuditEvent_actingPrincipal", "AuditEvent"."correlationId" AS "AuditEvent_correlationId", "AuditEvent"."action" AS "AuditEvent_action", "AuditEvent"."entityName" AS "AuditEvent_entityName", "AuditEvent"."entityId" AS "AuditEvent_entityId", "AuditEvent"."details" AS "AuditEvent_details", "AuditEvent"."hmacKeyId" AS "AuditEvent_hmacKeyId", "AuditEvent"."timestamp" AS "AuditEvent_timestamp" FROM "audit_events" "AuditEvent" ORDER BY "AuditEvent"."timestamp" DESC LIMIT 50
[Nest] 16120  - 01/09/2026, 4:50:43 pm     LOG [DevelopmentAuditExporter] [DEV_AUDIT_EXPORTER] Processing batch export count=50
query: SELECT "AuditEvent"."id" AS "AuditEvent_id", "AuditEvent"."tenantId" AS "AuditEvent_tenantId", "AuditEvent"."subjectAbhaRefHash" AS "AuditEvent_subjectAbhaRefHash", "AuditEvent"."speaker" AS "AuditEvent_speaker", "AuditEvent"."actingPrincipal" AS "AuditEvent_actingPrincipal", "AuditEvent"."correlationId" AS "AuditEvent_correlationId", "AuditEvent"."action" AS "AuditEvent_action", "AuditEvent"."entityName" AS "AuditEvent_entityName", "AuditEvent"."entityId" AS "AuditEvent_entityId", "AuditEvent"."details" AS "AuditEvent_details", "AuditEvent"."hmacKeyId" AS "AuditEvent_hmacKeyId", "AuditEvent"."timestamp" AS "AuditEvent_timestamp" FROM "audit_events" "AuditEvent" ORDER BY "AuditEvent"."timestamp" DESC LIMIT 50
[Nest] 16120  - 01/09/2026, 4:50:48 pm     LOG [DevelopmentAuditExporter] [DEV_AUDIT_EXPORTER] Processing batch export count=50
query: SELECT "AuditEvent"."id" AS "AuditEvent_id", "AuditEvent"."tenantId" AS "AuditEvent_tenantId", "AuditEvent"."subjectAbhaRefHash" AS "AuditEvent_subjectAbhaRefHash", "AuditEvent"."speaker" AS "AuditEvent_speaker", "AuditEvent"."actingPrincipal" AS "AuditEvent_actingPrincipal", "AuditEvent"."correlationId" AS "AuditEvent_correlationId", "AuditEvent"."action" AS "AuditEvent_action", "AuditEvent"."entityName" AS "AuditEvent_entityName", "AuditEvent"."entityId" AS "AuditEvent_entityId", "AuditEvent"."details" AS "AuditEvent_details", "AuditEvent"."hmacKeyId" AS "AuditEvent_hmacKeyId", "AuditEvent"."timestamp" AS "AuditEvent_timestamp" FROM "audit_events" "AuditEvent" ORDER BY "AuditEvent"."timestamp" DESC LIMIT 50
[Nest] 16120  - 01/09/2026, 4:50:53 pm     LOG [DevelopmentAuditExporter] [DEV_AUDIT_EXPORTER] Processing batch export count=50
query: SELECT "AuditEvent"."id" AS "AuditEvent_id", "AuditEvent"."tenantId" AS "AuditEvent_tenantId", "AuditEvent"."subjectAbhaRefHash" AS "AuditEvent_subjectAbhaRefHash", "AuditEvent"."speaker" AS "AuditEvent_speaker", "AuditEvent"."actingPrincipal" AS "AuditEvent_actingPrincipal", "AuditEvent"."correlationId" AS "AuditEvent_correlationId", "AuditEvent"."action" AS "AuditEvent_action", "AuditEvent"."entityName" AS "AuditEvent_entityName", "AuditEvent"."entityId" AS "AuditEvent_entityId", "AuditEvent"."details" AS "AuditEvent_details", "AuditEvent"."hmacKeyId" AS "AuditEvent_hmacKeyId", "AuditEvent"."timestamp" AS "AuditEvent_timestamp" FROM "audit_events" "AuditEvent" ORDER BY "AuditEvent"."timestamp" DESC LIMIT 50
[Nest] 16120  - 01/09/2026, 4:50:58 pm     LOG [DevelopmentAuditExporter] [DEV_AUDIT_EXPORTER] Processing batch export count=50
query: SELECT "AuditEvent"."id" AS "AuditEvent_id", "AuditEvent"."tenantId" AS "AuditEvent_tenantId", "AuditEvent"."subjectAbhaRefHash" AS "AuditEvent_subjectAbhaRefHash", "AuditEvent"."speaker" AS "AuditEvent_speaker", "AuditEvent"."actingPrincipal" AS "AuditEvent_actingPrincipal", "AuditEvent"."correlationId" AS "AuditEvent_correlationId", "AuditEvent"."action" AS "AuditEvent_action", "AuditEvent"."entityName" AS "AuditEvent_entityName", "AuditEvent"."entityId" AS "AuditEvent_entityId", "AuditEvent"."details" AS "AuditEvent_details", "AuditEvent"."hmacKeyId" AS "AuditEvent_hmacKeyId", "AuditEvent"."timestamp" AS "AuditEvent_timestamp" FROM "audit_events" "AuditEvent" ORDER BY "AuditEvent"."timestamp" DESC LIMIT 50
[Nest] 16120  - 01/09/2026, 4:51:03 pm     LOG [DevelopmentAuditExporter] [DEV_AUDIT_EXPORTER] Processing batch export count=50
query: SELECT "AuditEvent"."id" AS "AuditEvent_id", "AuditEvent"."tenantId" AS "AuditEvent_tenantId", "AuditEvent"."subjectAbhaRefHash" AS "AuditEvent_subjectAbhaRefHash", "AuditEvent"."speaker" AS "AuditEvent_speaker", "AuditEvent"."actingPrincipal" AS "AuditEvent_actingPrincipal", "AuditEvent"."correlationId" AS "AuditEvent_correlationId", "AuditEvent"."action" AS "AuditEvent_action", "AuditEvent"."entityName" AS "AuditEvent_entityName", "AuditEvent"."entityId" AS "AuditEvent_entityId", "AuditEvent"."details" AS "AuditEvent_details", "AuditEvent"."hmacKeyId" AS "AuditEvent_hmacKeyId", "AuditEvent"."timestamp" AS "AuditEvent_timestamp" FROM "audit_events" "AuditEvent" ORDER BY "AuditEvent"."timestamp" DESC LIMIT 50
[Nest] 16120  - 01/09/2026, 4:51:08 pm     LOG [DevelopmentAuditExporter] [DEV_AUDIT_EXPORTER] Processing batch export count=50
query: SELECT "AuditEvent"."id" AS "AuditEvent_id", "AuditEvent"."tenantId" AS "AuditEvent_tenantId", "AuditEvent"."subjectAbhaRefHash" AS "AuditEvent_subjectAbhaRefHash", "AuditEvent"."speaker" AS "AuditEvent_speaker", "AuditEvent"."actingPrincipal" AS "AuditEvent_actingPrincipal", "AuditEvent"."correlationId" AS "AuditEvent_correlationId", "AuditEvent"."action" AS "AuditEvent_action", "AuditEvent"."entityName" AS "AuditEvent_entityName", "AuditEvent"."entityId" AS "AuditEvent_entityId", "AuditEvent"."details" AS "AuditEvent_details", "AuditEvent"."hmacKeyId" AS "AuditEvent_hmacKeyId", "AuditEvent"."timestamp" AS "AuditEvent_timestamp" FROM "audit_events" "AuditEvent" ORDER BY "AuditEvent"."timestamp" DESC LIMIT 50
[Nest] 16120  - 01/09/2026, 4:51:13 pm     LOG [DevelopmentAuditExporter] [DEV_AUDIT_EXPORTER] Processing batch export count=50
query: SELECT "AuditEvent"."id" AS "AuditEvent_id", "AuditEvent"."tenantId" AS "AuditEvent_tenantId", "AuditEvent"."subjectAbhaRefHash" AS "AuditEvent_subjectAbhaRefHash", "AuditEvent"."speaker" AS "AuditEvent_speaker", "AuditEvent"."actingPrincipal" AS "AuditEvent_actingPrincipal", "AuditEvent"."correlationId" AS "AuditEvent_correlationId", "AuditEvent"."action" AS "AuditEvent_action", "AuditEvent"."entityName" AS "AuditEvent_entityName", "AuditEvent"."entityId" AS "AuditEvent_entityId", "AuditEvent"."details" AS "AuditEvent_details", "AuditEvent"."hmacKeyId" AS "AuditEvent_hmacKeyId", "AuditEvent"."timestamp" AS "AuditEvent_timestamp" FROM "audit_events" "AuditEvent" ORDER BY "AuditEvent"."timestamp" DESC LIMIT 50
[Nest] 16120  - 01/09/2026, 4:51:18 pm     LOG [DevelopmentAuditExporter] [DEV_AUDIT_EXPORTER] Processing batch export count=50
query: SELECT "AuditEvent"."id" AS "AuditEvent_id", "AuditEvent"."tenantId" AS "AuditEvent_tenantId", "AuditEvent"."subjectAbhaRefHash" AS "AuditEvent_subjectAbhaRefHash", "AuditEvent"."speaker" AS "AuditEvent_speaker", "AuditEvent"."actingPrincipal" AS "AuditEvent_actingPrincipal", "AuditEvent"."correlationId" AS "AuditEvent_correlationId", "AuditEvent"."action" AS "AuditEvent_action", "AuditEvent"."entityName" AS "AuditEvent_entityName", "AuditEvent"."entityId" AS "AuditEvent_entityId", "AuditEvent"."details" AS "AuditEvent_details", "AuditEvent"."hmacKeyId" AS "AuditEvent_hmacKeyId", "AuditEvent"."timestamp" AS "AuditEvent_timestamp" FROM "audit_events" "AuditEvent" ORDER BY "AuditEvent"."timestamp" DESC LIMIT 50
[Nest] 16120  - 01/09/2026, 4:51:23 pm     LOG [DevelopmentAuditExporter] [DEV_AUDIT_EXPORTER] Processing batch export count=50
query: SELECT "AuditEvent"."id" AS "AuditEvent_id", "AuditEvent"."tenantId" AS "AuditEvent_tenantId", "AuditEvent"."subjectAbhaRefHash" AS "AuditEvent_subjectAbhaRefHash", "AuditEvent"."speaker" AS "AuditEvent_speaker", "AuditEvent"."actingPrincipal" AS "AuditEvent_actingPrincipal", "AuditEvent"."correlationId" AS "AuditEvent_correlationId", "AuditEvent"."action" AS "AuditEvent_action", "AuditEvent"."entityName" AS "AuditEvent_entityName", "AuditEvent"."entityId" AS "AuditEvent_entityId", "AuditEvent"."details" AS "AuditEvent_details", "AuditEvent"."hmacKeyId" AS "AuditEvent_hmacKeyId", "AuditEvent"."timestamp" AS "AuditEvent_timestamp" FROM "audit_events" "AuditEvent" ORDER BY "AuditEvent"."timestamp" DESC LIMIT 50
[Nest] 16120  - 01/09/2026, 4:51:28 pm     LOG [DevelopmentAuditExporter] [DEV_AUDIT_EXPORTER] Processing batch export count=50
query: SELECT "AuditEvent"."id" AS "AuditEvent_id", "AuditEvent"."tenantId" AS "AuditEvent_tenantId", "AuditEvent"."subjectAbhaRefHash" AS "AuditEvent_subjectAbhaRefHash", "AuditEvent"."speaker" AS "AuditEvent_speaker", "AuditEvent"."actingPrincipal" AS "AuditEvent_actingPrincipal", "AuditEvent"."correlationId" AS "AuditEvent_correlationId", "AuditEvent"."action" AS "AuditEvent_action", "AuditEvent"."entityName" AS "AuditEvent_entityName", "AuditEvent"."entityId" AS "AuditEvent_entityId", "AuditEvent"."details" AS "AuditEvent_details", "AuditEvent"."hmacKeyId" AS "AuditEvent_hmacKeyId", "AuditEvent"."timestamp" AS "AuditEvent_timestamp" FROM "audit_events" "AuditEvent" ORDER BY "AuditEvent"."timestamp" DESC LIMIT 50
[Nest] 16120  - 01/09/2026, 4:51:33 pm     LOG [DevelopmentAuditExporter] [DEV_AUDIT_EXPORTER] Processing batch export count=50
query: SELECT "AuditEvent"."id" AS "AuditEvent_id", "AuditEvent"."tenantId" AS "AuditEvent_tenantId", "AuditEvent"."subjectAbhaRefHash" AS "AuditEvent_subjectAbhaRefHash", "AuditEvent"."speaker" AS "AuditEvent_speaker", "AuditEvent"."actingPrincipal" AS "AuditEvent_actingPrincipal", "AuditEvent"."correlationId" AS "AuditEvent_correlationId", "AuditEvent"."action" AS "AuditEvent_action", "AuditEvent"."entityName" AS "AuditEvent_entityName", "AuditEvent"."entityId" AS "AuditEvent_entityId", "AuditEvent"."details" AS "AuditEvent_details", "AuditEvent"."hmacKeyId" AS "AuditEvent_hmacKeyId", "AuditEvent"."timestamp" AS "AuditEvent_timestamp" FROM "audit_events" "AuditEvent" ORDER BY "AuditEvent"."timestamp" DESC LIMIT 50
[Nest] 16120  - 01/09/2026, 4:51:38 pm     LOG [DevelopmentAuditExporter] [DEV_AUDIT_EXPORTER] Processing batch export count=50
query: SELECT "AuditEvent"."id" AS "AuditEvent_id", "AuditEvent"."tenantId" AS "AuditEvent_tenantId", "AuditEvent"."subjectAbhaRefHash" AS "AuditEvent_subjectAbhaRefHash", "AuditEvent"."speaker" AS "AuditEvent_speaker", "AuditEvent"."actingPrincipal" AS "AuditEvent_actingPrincipal", "AuditEvent"."correlationId" AS "AuditEvent_correlationId", "AuditEvent"."action" AS "AuditEvent_action", "AuditEvent"."entityName" AS "AuditEvent_entityName", "AuditEvent"."entityId" AS "AuditEvent_entityId", "AuditEvent"."details" AS "AuditEvent_details", "AuditEvent"."hmacKeyId" AS "AuditEvent_hmacKeyId", "AuditEvent"."timestamp" AS "AuditEvent_timestamp" FROM "audit_events" "AuditEvent" ORDER BY "AuditEvent"."timestamp" DESC LIMIT 50
[Nest] 16120  - 01/09/2026, 4:51:43 pm     LOG [DevelopmentAuditExporter] [DEV_AUDIT_EXPORTER] Processing batch export count=50
query: SELECT "AuditEvent"."id" AS "AuditEvent_id", "AuditEvent"."tenantId" AS "AuditEvent_tenantId", "AuditEvent"."subjectAbhaRefHash" AS "AuditEvent_subjectAbhaRefHash", "AuditEvent"."speaker" AS "AuditEvent_speaker", "AuditEvent"."actingPrincipal" AS "AuditEvent_actingPrincipal", "AuditEvent"."correlationId" AS "AuditEvent_correlationId", "AuditEvent"."action" AS "AuditEvent_action", "AuditEvent"."entityName" AS "AuditEvent_entityName", "AuditEvent"."entityId" AS "AuditEvent_entityId", "AuditEvent"."details" AS "AuditEvent_details", "AuditEvent"."hmacKeyId" AS "AuditEvent_hmacKeyId", "AuditEvent"."timestamp" AS "AuditEvent_timestamp" FROM "audit_events" "AuditEvent" ORDER BY "AuditEvent"."timestamp" DESC LIMIT 50
[Nest] 16120  - 01/09/2026, 4:51:48 pm     LOG [DevelopmentAuditExporter] [DEV_AUDIT_EXPORTER] Processing batch export count=50
query: SELECT "AuditEvent"."id" AS "AuditEvent_id", "AuditEvent"."tenantId" AS "AuditEvent_tenantId", "AuditEvent"."subjectAbhaRefHash" AS "AuditEvent_subjectAbhaRefHash", "AuditEvent"."speaker" AS "AuditEvent_speaker", "AuditEvent"."actingPrincipal" AS "AuditEvent_actingPrincipal", "AuditEvent"."correlationId" AS "AuditEvent_correlationId", "AuditEvent"."action" AS "AuditEvent_action", "AuditEvent"."entityName" AS "AuditEvent_entityName", "AuditEvent"."entityId" AS "AuditEvent_entityId", "AuditEvent"."details" AS "AuditEvent_details", "AuditEvent"."hmacKeyId" AS "AuditEvent_hmacKeyId", "AuditEvent"."timestamp" AS "AuditEvent_timestamp" FROM "audit_events" "AuditEvent" ORDER BY "AuditEvent"."timestamp" DESC LIMIT 50
[Nest] 16120  - 01/09/2026, 4:51:53 pm     LOG [DevelopmentAuditExporter] [DEV_AUDIT_EXPORTER] Processing batch export count=50
query: SELECT "AuditEvent"."id" AS "AuditEvent_id", "AuditEvent"."tenantId" AS "AuditEvent_tenantId", "AuditEvent"."subjectAbhaRefHash" AS "AuditEvent_subjectAbhaRefHash", "AuditEvent"."speaker" AS "AuditEvent_speaker", "AuditEvent"."actingPrincipal" AS "AuditEvent_actingPrincipal", "AuditEvent"."correlationId" AS "AuditEvent_correlationId", "AuditEvent"."action" AS "AuditEvent_action", "AuditEvent"."entityName" AS "AuditEvent_entityName", "AuditEvent"."entityId" AS "AuditEvent_entityId", "AuditEvent"."details" AS "AuditEvent_details", "AuditEvent"."hmacKeyId" AS "AuditEvent_hmacKeyId", "AuditEvent"."timestamp" AS "AuditEvent_timestamp" FROM "audit_events" "AuditEvent" ORDER BY "AuditEvent"."timestamp" DESC LIMIT 50
[Nest] 16120  - 01/09/2026, 4:51:58 pm     LOG [DevelopmentAuditExporter] [DEV_AUDIT_EXPORTER] Processing batch export count=50
query: SELECT "AuditEvent"."id" AS "AuditEvent_id", "AuditEvent"."tenantId" AS "AuditEvent_tenantId", "AuditEvent"."subjectAbhaRefHash" AS "AuditEvent_subjectAbhaRefHash", "AuditEvent"."speaker" AS "AuditEvent_speaker", "AuditEvent"."actingPrincipal" AS "AuditEvent_actingPrincipal", "AuditEvent"."correlationId" AS "AuditEvent_correlationId", "AuditEvent"."action" AS "AuditEvent_action", "AuditEvent"."entityName" AS "AuditEvent_entityName", "AuditEvent"."entityId" AS "AuditEvent_entityId", "AuditEvent"."details" AS "AuditEvent_details", "AuditEvent"."hmacKeyId" AS "AuditEvent_hmacKeyId", "AuditEvent"."timestamp" AS "AuditEvent_timestamp" FROM "audit_events" "AuditEvent" ORDER BY "AuditEvent"."timestamp" DESC LIMIT 50
[Nest] 16120  - 01/09/2026, 4:52:03 pm     LOG [DevelopmentAuditExporter] [DEV_AUDIT_EXPORTER] Processing batch export count=50
query: SELECT "AuditEvent"."id" AS "AuditEvent_id", "AuditEvent"."tenantId" AS "AuditEvent_tenantId", "AuditEvent"."subjectAbhaRefHash" AS "AuditEvent_subjectAbhaRefHash", "AuditEvent"."speaker" AS "AuditEvent_speaker", "AuditEvent"."actingPrincipal" AS "AuditEvent_actingPrincipal", "AuditEvent"."correlationId" AS "AuditEvent_correlationId", "AuditEvent"."action" AS "AuditEvent_action", "AuditEvent"."entityName" AS "AuditEvent_entityName", "AuditEvent"."entityId" AS "AuditEvent_entityId", "AuditEvent"."details" AS "AuditEvent_details", "AuditEvent"."hmacKeyId" AS "AuditEvent_hmacKeyId", "AuditEvent"."timestamp" AS "AuditEvent_timestamp" FROM "audit_events" "AuditEvent" ORDER BY "AuditEvent"."timestamp" DESC LIMIT 50
[Nest] 16120  - 01/09/2026, 4:52:08 pm     LOG [DevelopmentAuditExporter] [DEV_AUDIT_EXPORTER] Processing batch export count=50
query: SELECT "AuditEvent"."id" AS "AuditEvent_id", "AuditEvent"."tenantId" AS "AuditEvent_tenantId", "AuditEvent"."subjectAbhaRefHash" AS "AuditEvent_subjectAbhaRefHash", "AuditEvent"."speaker" AS "AuditEvent_speaker", "AuditEvent"."actingPrincipal" AS "AuditEvent_actingPrincipal", "AuditEvent"."correlationId" AS "AuditEvent_correlationId", "AuditEvent"."action" AS "AuditEvent_action", "AuditEvent"."entityName" AS "AuditEvent_entityName", "AuditEvent"."entityId" AS "AuditEvent_entityId", "AuditEvent"."details" AS "AuditEvent_details", "AuditEvent"."hmacKeyId" AS "AuditEvent_hmacKeyId", "AuditEvent"."timestamp" AS "AuditEvent_timestamp" FROM "audit_events" "AuditEvent" ORDER BY "AuditEvent"."timestamp" DESC LIMIT 50
[Nest] 16120  - 01/09/2026, 4:52:13 pm     LOG [DevelopmentAuditExporter] [DEV_AUDIT_EXPORTER] Processing batch export count=50
query: SELECT "AuditEvent"."id" AS "AuditEvent_id", "AuditEvent"."tenantId" AS "AuditEvent_tenantId", "AuditEvent"."subjectAbhaRefHash" AS "AuditEvent_subjectAbhaRefHash", "AuditEvent"."speaker" AS "AuditEvent_speaker", "AuditEvent"."actingPrincipal" AS "AuditEvent_actingPrincipal", "AuditEvent"."correlationId" AS "AuditEvent_correlationId", "AuditEvent"."action" AS "AuditEvent_action", "AuditEvent"."entityName" AS "AuditEvent_entityName", "AuditEvent"."entityId" AS "AuditEvent_entityId", "AuditEvent"."details" AS "AuditEvent_details", "AuditEvent"."hmacKeyId" AS "AuditEvent_hmacKeyId", "AuditEvent"."timestamp" AS "AuditEvent_timestamp" FROM "audit_events" "AuditEvent" ORDER BY "AuditEvent"."timestamp" DESC LIMIT 50
[Nest] 16120  - 01/09/2026, 4:52:18 pm     LOG [DevelopmentAuditExporter] [DEV_AUDIT_EXPORTER] Processing batch export count=50
query: SELECT "AuditEvent"."id" AS "AuditEvent_id", "AuditEvent"."tenantId" AS "AuditEvent_tenantId", "AuditEvent"."subjectAbhaRefHash" AS "AuditEvent_subjectAbhaRefHash", "AuditEvent"."speaker" AS "AuditEvent_speaker", "AuditEvent"."actingPrincipal" AS "AuditEvent_actingPrincipal", "AuditEvent"."correlationId" AS "AuditEvent_correlationId", "AuditEvent"."action" AS "AuditEvent_action", "AuditEvent"."entityName" AS "AuditEvent_entityName", "AuditEvent"."entityId" AS "AuditEvent_entityId", "AuditEvent"."details" AS "AuditEvent_details", "AuditEvent"."hmacKeyId" AS "AuditEvent_hmacKeyId", "AuditEvent"."timestamp" AS "AuditEvent_timestamp" FROM "audit_events" "AuditEvent" ORDER BY "AuditEvent"."timestamp" DESC LIMIT 50
[Nest] 16120  - 01/09/2026, 4:52:23 pm     LOG [DevelopmentAuditExporter] [DEV_AUDIT_EXPORTER] Processing batch export count=50
query: SELECT "AuditEvent"."id" AS "AuditEvent_id", "AuditEvent"."tenantId" AS "AuditEvent_tenantId", "AuditEvent"."subjectAbhaRefHash" AS "AuditEvent_subjectAbhaRefHash", "AuditEvent"."speaker" AS "AuditEvent_speaker", "AuditEvent"."actingPrincipal" AS "AuditEvent_actingPrincipal", "AuditEvent"."correlationId" AS "AuditEvent_correlationId", "AuditEvent"."action" AS "AuditEvent_action", "AuditEvent"."entityName" AS "AuditEvent_entityName", "AuditEvent"."entityId" AS "AuditEvent_entityId", "AuditEvent"."details" AS "AuditEvent_details", "AuditEvent"."hmacKeyId" AS "AuditEvent_hmacKeyId", "AuditEvent"."timestamp" AS "AuditEvent_timestamp" FROM "audit_events" "AuditEvent" ORDER BY "AuditEvent"."timestamp" DESC LIMIT 50
[Nest] 16120  - 01/09/2026, 4:52:28 pm     LOG [DevelopmentAuditExporter] [DEV_AUDIT_EXPORTER] Processing batch export count=50
query: SELECT "AuditEvent"."id" AS "AuditEvent_id", "AuditEvent"."tenantId" AS "AuditEvent_tenantId", "AuditEvent"."subjectAbhaRefHash" AS "AuditEvent_subjectAbhaRefHash", "AuditEvent"."speaker" AS "AuditEvent_speaker", "AuditEvent"."actingPrincipal" AS "AuditEvent_actingPrincipal", "AuditEvent"."correlationId" AS "AuditEvent_correlationId", "AuditEvent"."action" AS "AuditEvent_action", "AuditEvent"."entityName" AS "AuditEvent_entityName", "AuditEvent"."entityId" AS "AuditEvent_entityId", "AuditEvent"."details" AS "AuditEvent_details", "AuditEvent"."hmacKeyId" AS "AuditEvent_hmacKeyId", "AuditEvent"."timestamp" AS "AuditEvent_timestamp" FROM "audit_events" "AuditEvent" ORDER BY "AuditEvent"."timestamp" DESC LIMIT 50
[Nest] 16120  - 01/09/2026, 4:52:33 pm     LOG [DevelopmentAuditExporter] [DEV_AUDIT_EXPORTER] Processing batch export count=50
query: SELECT "AuditEvent"."id" AS "AuditEvent_id", "AuditEvent"."tenantId" AS "AuditEvent_tenantId", "AuditEvent"."subjectAbhaRefHash" AS "AuditEvent_subjectAbhaRefHash", "AuditEvent"."speaker" AS "AuditEvent_speaker", "AuditEvent"."actingPrincipal" AS "AuditEvent_actingPrincipal", "AuditEvent"."correlationId" AS "AuditEvent_correlationId", "AuditEvent"."action" AS "AuditEvent_action", "AuditEvent"."entityName" AS "AuditEvent_entityName", "AuditEvent"."entityId" AS "AuditEvent_entityId", "AuditEvent"."details" AS "AuditEvent_details", "AuditEvent"."hmacKeyId" AS "AuditEvent_hmacKeyId", "AuditEvent"."timestamp" AS "AuditEvent_timestamp" FROM "audit_events" "AuditEvent" ORDER BY "AuditEvent"."timestamp" DESC LIMIT 50
[Nest] 16120  - 01/09/2026, 4:52:38 pm     LOG [DevelopmentAuditExporter] [DEV_AUDIT_EXPORTER] Processing batch export count=50
query: SELECT "AuditEvent"."id" AS "AuditEvent_id", "AuditEvent"."tenantId" AS "AuditEvent_tenantId", "AuditEvent"."subjectAbhaRefHash" AS "AuditEvent_subjectAbhaRefHash", "AuditEvent"."speaker" AS "AuditEvent_speaker", "AuditEvent"."actingPrincipal" AS "AuditEvent_actingPrincipal", "AuditEvent"."correlationId" AS "AuditEvent_correlationId", "AuditEvent"."action" AS "AuditEvent_action", "AuditEvent"."entityName" AS "AuditEvent_entityName", "AuditEvent"."entityId" AS "AuditEvent_entityId", "AuditEvent"."details" AS "AuditEvent_details", "AuditEvent"."hmacKeyId" AS "AuditEvent_hmacKeyId", "AuditEvent"."timestamp" AS "AuditEvent_timestamp" FROM "audit_events" "AuditEvent" ORDER BY "AuditEvent"."timestamp" DESC LIMIT 50
[Nest] 16120  - 01/09/2026, 4:52:43 pm     LOG [DevelopmentAuditExporter] [DEV_AUDIT_EXPORTER] Processing batch export count=50
query: SELECT "AuditEvent"."id" AS "AuditEvent_id", "AuditEvent"."tenantId" AS "AuditEvent_tenantId", "AuditEvent"."subjectAbhaRefHash" AS "AuditEvent_subjectAbhaRefHash", "AuditEvent"."speaker" AS "AuditEvent_speaker", "AuditEvent"."actingPrincipal" AS "AuditEvent_actingPrincipal", "AuditEvent"."correlationId" AS "AuditEvent_correlationId", "AuditEvent"."action" AS "AuditEvent_action", "AuditEvent"."entityName" AS "AuditEvent_entityName", "AuditEvent"."entityId" AS "AuditEvent_entityId", "AuditEvent"."details" AS "AuditEvent_details", "AuditEvent"."hmacKeyId" AS "AuditEvent_hmacKeyId", "AuditEvent"."timestamp" AS "AuditEvent_timestamp" FROM "audit_events" "AuditEvent" ORDER BY "AuditEvent"."timestamp" DESC LIMIT 50
[Nest] 16120  - 01/09/2026, 4:52:48 pm     LOG [DevelopmentAuditExporter] [DEV_AUDIT_EXPORTER] Processing batch export count=50
query: SELECT "AuditEvent"."id" AS "AuditEvent_id", "AuditEvent"."tenantId" AS "AuditEvent_tenantId", "AuditEvent"."subjectAbhaRefHash" AS "AuditEvent_subjectAbhaRefHash", "AuditEvent"."speaker" AS "AuditEvent_speaker", "AuditEvent"."actingPrincipal" AS "AuditEvent_actingPrincipal", "AuditEvent"."correlationId" AS "AuditEvent_correlationId", "AuditEvent"."action" AS "AuditEvent_action", "AuditEvent"."entityName" AS "AuditEvent_entityName", "AuditEvent"."entityId" AS "AuditEvent_entityId", "AuditEvent"."details" AS "AuditEvent_details", "AuditEvent"."hmacKeyId" AS "AuditEvent_hmacKeyId", "AuditEvent"."timestamp" AS "AuditEvent_timestamp" FROM "audit_events" "AuditEvent" ORDER BY "AuditEvent"."timestamp" DESC LIMIT 50
[Nest] 16120  - 01/09/2026, 4:52:53 pm     LOG [DevelopmentAuditExporter] [DEV_AUDIT_EXPORTER] Processing batch export count=50
query: SELECT "AuditEvent"."id" AS "AuditEvent_id", "AuditEvent"."tenantId" AS "AuditEvent_tenantId", "AuditEvent"."subjectAbhaRefHash" AS "AuditEvent_subjectAbhaRefHash", "AuditEvent"."speaker" AS "AuditEvent_speaker", "AuditEvent"."actingPrincipal" AS "AuditEvent_actingPrincipal", "AuditEvent"."correlationId" AS "AuditEvent_correlationId", "AuditEvent"."action" AS "AuditEvent_action", "AuditEvent"."entityName" AS "AuditEvent_entityName", "AuditEvent"."entityId" AS "AuditEvent_entityId", "AuditEvent"."details" AS "AuditEvent_details", "AuditEvent"."hmacKeyId" AS "AuditEvent_hmacKeyId", "AuditEvent"."timestamp" AS "AuditEvent_timestamp" FROM "audit_events" "AuditEvent" ORDER BY "AuditEvent"."timestamp" DESC LIMIT 50
[Nest] 16120  - 01/09/2026, 4:52:58 pm     LOG [DevelopmentAuditExporter] [DEV_AUDIT_EXPORTER] Processing batch export count=50
query: SELECT "AuditEvent"."id" AS "AuditEvent_id", "AuditEvent"."tenantId" AS "AuditEvent_tenantId", "AuditEvent"."subjectAbhaRefHash" AS "AuditEvent_subjectAbhaRefHash", "AuditEvent"."speaker" AS "AuditEvent_speaker", "AuditEvent"."actingPrincipal" AS "AuditEvent_actingPrincipal", "AuditEvent"."correlationId" AS "AuditEvent_correlationId", "AuditEvent"."action" AS "AuditEvent_action", "AuditEvent"."entityName" AS "AuditEvent_entityName", "AuditEvent"."entityId" AS "AuditEvent_entityId", "AuditEvent"."details" AS "AuditEvent_details", "AuditEvent"."hmacKeyId" AS "AuditEvent_hmacKeyId", "AuditEvent"."timestamp" AS "AuditEvent_timestamp" FROM "audit_events" "AuditEvent" ORDER BY "AuditEvent"."timestamp" DESC LIMIT 50
[Nest] 16120  - 01/09/2026, 4:53:04 pm     LOG [DevelopmentAuditExporter] [DEV_AUDIT_EXPORTER] Processing batch export count=50
query: SELECT "AuditEvent"."id" AS "AuditEvent_id", "AuditEvent"."tenantId" AS "AuditEvent_tenantId", "AuditEvent"."subjectAbhaRefHash" AS "AuditEvent_subjectAbhaRefHash", "AuditEvent"."speaker" AS "AuditEvent_speaker", "AuditEvent"."actingPrincipal" AS "AuditEvent_actingPrincipal", "AuditEvent"."correlationId" AS "AuditEvent_correlationId", "AuditEvent"."action" AS "AuditEvent_action", "AuditEvent"."entityName" AS "AuditEvent_entityName", "AuditEvent"."entityId" AS "AuditEvent_entityId", "AuditEvent"."details" AS "AuditEvent_details", "AuditEvent"."hmacKeyId" AS "AuditEvent_hmacKeyId", "AuditEvent"."timestamp" AS "AuditEvent_timestamp" FROM "audit_events" "AuditEvent" ORDER BY "AuditEvent"."timestamp" DESC LIMIT 50
[Nest] 16120  - 01/09/2026, 4:53:09 pm     LOG [DevelopmentAuditExporter] [DEV_AUDIT_EXPORTER] Processing batch export count=50
query: SELECT "AuditEvent"."id" AS "AuditEvent_id", "AuditEvent"."tenantId" AS "AuditEvent_tenantId", "AuditEvent"."subjectAbhaRefHash" AS "AuditEvent_subjectAbhaRefHash", "AuditEvent"."speaker" AS "AuditEvent_speaker", "AuditEvent"."actingPrincipal" AS "AuditEvent_actingPrincipal", "AuditEvent"."correlationId" AS "AuditEvent_correlationId", "AuditEvent"."action" AS "AuditEvent_action", "AuditEvent"."entityName" AS "AuditEvent_entityName", "AuditEvent"."entityId" AS "AuditEvent_entityId", "AuditEvent"."details" AS "AuditEvent_details", "AuditEvent"."hmacKeyId" AS "AuditEvent_hmacKeyId", "AuditEvent"."timestamp" AS "AuditEvent_timestamp" FROM "audit_events" "AuditEvent" ORDER BY "AuditEvent"."timestamp" DESC LIMIT 50
[Nest] 16120  - 01/09/2026, 4:53:14 pm     LOG [DevelopmentAuditExporter] [DEV_AUDIT_EXPORTER] Processing batch export count=50
query: SELECT "AuditEvent"."id" AS "AuditEvent_id", "AuditEvent"."tenantId" AS "AuditEvent_tenantId", "AuditEvent"."subjectAbhaRefHash" AS "AuditEvent_subjectAbhaRefHash", "AuditEvent"."speaker" AS "AuditEvent_speaker", "AuditEvent"."actingPrincipal" AS "AuditEvent_actingPrincipal", "AuditEvent"."correlationId" AS "AuditEvent_correlationId", "AuditEvent"."action" AS "AuditEvent_action", "AuditEvent"."entityName" AS "AuditEvent_entityName", "AuditEvent"."entityId" AS "AuditEvent_entityId", "AuditEvent"."details" AS "AuditEvent_details", "AuditEvent"."hmacKeyId" AS "AuditEvent_hmacKeyId", "AuditEvent"."timestamp" AS "AuditEvent_timestamp" FROM "audit_events" "AuditEvent" ORDER BY "AuditEvent"."timestamp" DESC LIMIT 50
[Nest] 16120  - 01/09/2026, 4:53:19 pm     LOG [DevelopmentAuditExporter] [DEV_AUDIT_EXPORTER] Processing batch export count=50
query: SELECT "AuditEvent"."id" AS "AuditEvent_id", "AuditEvent"."tenantId" AS "AuditEvent_tenantId", "AuditEvent"."subjectAbhaRefHash" AS "AuditEvent_subjectAbhaRefHash", "AuditEvent"."speaker" AS "AuditEvent_speaker", "AuditEvent"."actingPrincipal" AS "AuditEvent_actingPrincipal", "AuditEvent"."correlationId" AS "AuditEvent_correlationId", "AuditEvent"."action" AS "AuditEvent_action", "AuditEvent"."entityName" AS "AuditEvent_entityName", "AuditEvent"."entityId" AS "AuditEvent_entityId", "AuditEvent"."details" AS "AuditEvent_details", "AuditEvent"."hmacKeyId" AS "AuditEvent_hmacKeyId", "AuditEvent"."timestamp" AS "AuditEvent_timestamp" FROM "audit_events" "AuditEvent" ORDER BY "AuditEvent"."timestamp" DESC LIMIT 50
[Nest] 16120  - 01/09/2026, 4:53:24 pm     LOG [DevelopmentAuditExporter] [DEV_AUDIT_EXPORTER] Processing batch export count=50
query: SELECT "AuditEvent"."id" AS "AuditEvent_id", "AuditEvent"."tenantId" AS "AuditEvent_tenantId", "AuditEvent"."subjectAbhaRefHash" AS "AuditEvent_subjectAbhaRefHash", "AuditEvent"."speaker" AS "AuditEvent_speaker", "AuditEvent"."actingPrincipal" AS "AuditEvent_actingPrincipal", "AuditEvent"."correlationId" AS "AuditEvent_correlationId", "AuditEvent"."action" AS "AuditEvent_action", "AuditEvent"."entityName" AS "AuditEvent_entityName", "AuditEvent"."entityId" AS "AuditEvent_entityId", "AuditEvent"."details" AS "AuditEvent_details", "AuditEvent"."hmacKeyId" AS "AuditEvent_hmacKeyId", "AuditEvent"."timestamp" AS "AuditEvent_timestamp" FROM "audit_events" "AuditEvent" ORDER BY "AuditEvent"."timestamp" DESC LIMIT 50
[Nest] 16120  - 01/09/2026, 4:53:29 pm     LOG [DevelopmentAuditExporter] [DEV_AUDIT_EXPORTER] Processing batch export count=50
query: SELECT "AuditEvent"."id" AS "AuditEvent_id", "AuditEvent"."tenantId" AS "AuditEvent_tenantId", "AuditEvent"."subjectAbhaRefHash" AS "AuditEvent_subjectAbhaRefHash", "AuditEvent"."speaker" AS "AuditEvent_speaker", "AuditEvent"."actingPrincipal" AS "AuditEvent_actingPrincipal", "AuditEvent"."correlationId" AS "AuditEvent_correlationId", "AuditEvent"."action" AS "AuditEvent_action", "AuditEvent"."entityName" AS "AuditEvent_entityName", "AuditEvent"."entityId" AS "AuditEvent_entityId", "AuditEvent"."details" AS "AuditEvent_details", "AuditEvent"."hmacKeyId" AS "AuditEvent_hmacKeyId", "AuditEvent"."timestamp" AS "AuditEvent_timestamp" FROM "audit_events" "AuditEvent" ORDER BY "AuditEvent"."timestamp" DESC LIMIT 50
[Nest] 16120  - 01/09/2026, 4:53:34 pm     LOG [DevelopmentAuditExporter] [DEV_AUDIT_EXPORTER] Processing batch export count=50
query: SELECT "AuditEvent"."id" AS "AuditEvent_id", "AuditEvent"."tenantId" AS "AuditEvent_tenantId", "AuditEvent"."subjectAbhaRefHash" AS "AuditEvent_subjectAbhaRefHash", "AuditEvent"."speaker" AS "AuditEvent_speaker", "AuditEvent"."actingPrincipal" AS "AuditEvent_actingPrincipal", "AuditEvent"."correlationId" AS "AuditEvent_correlationId", "AuditEvent"."action" AS "AuditEvent_action", "AuditEvent"."entityName" AS "AuditEvent_entityName", "AuditEvent"."entityId" AS "AuditEvent_entityId", "AuditEvent"."details" AS "AuditEvent_details", "AuditEvent"."hmacKeyId" AS "AuditEvent_hmacKeyId", "AuditEvent"."timestamp" AS "AuditEvent_timestamp" FROM "audit_events" "AuditEvent" ORDER BY "AuditEvent"."timestamp" DESC LIMIT 50
[Nest] 16120  - 01/09/2026, 4:53:39 pm     LOG [DevelopmentAuditExporter] [DEV_AUDIT_EXPORTER] Processing batch export count=50
query: SELECT "AuditEvent"."id" AS "AuditEvent_id", "AuditEvent"."tenantId" AS "AuditEvent_tenantId", "AuditEvent"."subjectAbhaRefHash" AS "AuditEvent_subjectAbhaRefHash", "AuditEvent"."speaker" AS "AuditEvent_speaker", "AuditEvent"."actingPrincipal" AS "AuditEvent_actingPrincipal", "AuditEvent"."correlationId" AS "AuditEvent_correlationId", "AuditEvent"."action" AS "AuditEvent_action", "AuditEvent"."entityName" AS "AuditEvent_entityName", "AuditEvent"."entityId" AS "AuditEvent_entityId", "AuditEvent"."details" AS "AuditEvent_details", "AuditEvent"."hmacKeyId" AS "AuditEvent_hmacKeyId", "AuditEvent"."timestamp" AS "AuditEvent_timestamp" FROM "audit_events" "AuditEvent" ORDER BY "AuditEvent"."timestamp" DESC LIMIT 50
[Nest] 16120  - 01/09/2026, 4:53:44 pm     LOG [DevelopmentAuditExporter] [DEV_AUDIT_EXPORTER] Processing batch export count=50
query: SELECT "AuditEvent"."id" AS "AuditEvent_id", "AuditEvent"."tenantId" AS "AuditEvent_tenantId", "AuditEvent"."subjectAbhaRefHash" AS "AuditEvent_subjectAbhaRefHash", "AuditEvent"."speaker" AS "AuditEvent_speaker", "AuditEvent"."actingPrincipal" AS "AuditEvent_actingPrincipal", "AuditEvent"."correlationId" AS "AuditEvent_correlationId", "AuditEvent"."action" AS "AuditEvent_action", "AuditEvent"."entityName" AS "AuditEvent_entityName", "AuditEvent"."entityId" AS "AuditEvent_entityId", "AuditEvent"."details" AS "AuditEvent_details", "AuditEvent"."hmacKeyId" AS "AuditEvent_hmacKeyId", "AuditEvent"."timestamp" AS "AuditEvent_timestamp" FROM "audit_events" "AuditEvent" ORDER BY "AuditEvent"."timestamp" DESC LIMIT 50
[Nest] 16120  - 01/09/2026, 4:53:49 pm     LOG [DevelopmentAuditExporter] [DEV_AUDIT_EXPORTER] Processing batch export count=50
query: SELECT "AuditEvent"."id" AS "AuditEvent_id", "AuditEvent"."tenantId" AS "AuditEvent_tenantId", "AuditEvent"."subjectAbhaRefHash" AS "AuditEvent_subjectAbhaRefHash", "AuditEvent"."speaker" AS "AuditEvent_speaker", "AuditEvent"."actingPrincipal" AS "AuditEvent_actingPrincipal", "AuditEvent"."correlationId" AS "AuditEvent_correlationId", "AuditEvent"."action" AS "AuditEvent_action", "AuditEvent"."entityName" AS "AuditEvent_entityName", "AuditEvent"."entityId" AS "AuditEvent_entityId", "AuditEvent"."details" AS "AuditEvent_details", "AuditEvent"."hmacKeyId" AS "AuditEvent_hmacKeyId", "AuditEvent"."timestamp" AS "AuditEvent_timestamp" FROM "audit_events" "AuditEvent" ORDER BY "AuditEvent"."timestamp" DESC LIMIT 50
[Nest] 16120  - 01/09/2026, 4:53:54 pm     LOG [DevelopmentAuditExporter] [DEV_AUDIT_EXPORTER] Processing batch export count=50
query: SELECT "AuditEvent"."id" AS "AuditEvent_id", "AuditEvent"."tenantId" AS "AuditEvent_tenantId", "AuditEvent"."subjectAbhaRefHash" AS "AuditEvent_subjectAbhaRefHash", "AuditEvent"."speaker" AS "AuditEvent_speaker", "AuditEvent"."actingPrincipal" AS "AuditEvent_actingPrincipal", "AuditEvent"."correlationId" AS "AuditEvent_correlationId", "AuditEvent"."action" AS "AuditEvent_action", "AuditEvent"."entityName" AS "AuditEvent_entityName", "AuditEvent"."entityId" AS "AuditEvent_entityId", "AuditEvent"."details" AS "AuditEvent_details", "AuditEvent"."hmacKeyId" AS "AuditEvent_hmacKeyId", "AuditEvent"."timestamp" AS "AuditEvent_timestamp" FROM "audit_events" "AuditEvent" ORDER BY "AuditEvent"."timestamp" DESC LIMIT 50
[Nest] 16120  - 01/09/2026, 4:53:59 pm     LOG [DevelopmentAuditExporter] [DEV_AUDIT_EXPORTER] Processing batch export count=50
query: SELECT "AuditEvent"."id" AS "AuditEvent_id", "AuditEvent"."tenantId" AS "AuditEvent_tenantId", "AuditEvent"."subjectAbhaRefHash" AS "AuditEvent_subjectAbhaRefHash", "AuditEvent"."speaker" AS "AuditEvent_speaker", "AuditEvent"."actingPrincipal" AS "AuditEvent_actingPrincipal", "AuditEvent"."correlationId" AS "AuditEvent_correlationId", "AuditEvent"."action" AS "AuditEvent_action", "AuditEvent"."entityName" AS "AuditEvent_entityName", "AuditEvent"."entityId" AS "AuditEvent_entityId", "AuditEvent"."details" AS "AuditEvent_details", "AuditEvent"."hmacKeyId" AS "AuditEvent_hmacKeyId", "AuditEvent"."timestamp" AS "AuditEvent_timestamp" FROM "audit_events" "AuditEvent" ORDER BY "AuditEvent"."timestamp" DESC LIMIT 50
[Nest] 16120  - 01/09/2026, 4:54:04 pm     LOG [DevelopmentAuditExporter] [DEV_AUDIT_EXPORTER] Processing batch export count=50
query: SELECT "AuditEvent"."id" AS "AuditEvent_id", "AuditEvent"."tenantId" AS "AuditEvent_tenantId", "AuditEvent"."subjectAbhaRefHash" AS "AuditEvent_subjectAbhaRefHash", "AuditEvent"."speaker" AS "AuditEvent_speaker", "AuditEvent"."actingPrincipal" AS "AuditEvent_actingPrincipal", "AuditEvent"."correlationId" AS "AuditEvent_correlationId", "AuditEvent"."action" AS "AuditEvent_action", "AuditEvent"."entityName" AS "AuditEvent_entityName", "AuditEvent"."entityId" AS "AuditEvent_entityId", "AuditEvent"."details" AS "AuditEvent_details", "AuditEvent"."hmacKeyId" AS "AuditEvent_hmacKeyId", "AuditEvent"."timestamp" AS "AuditEvent_timestamp" FROM "audit_events" "AuditEvent" ORDER BY "AuditEvent"."timestamp" DESC LIMIT 50
[Nest] 16120  - 01/09/2026, 4:54:09 pm     LOG [DevelopmentAuditExporter] [DEV_AUDIT_EXPORTER] Processing batch export count=50
query: SELECT "AuditEvent"."id" AS "AuditEvent_id", "AuditEvent"."tenantId" AS "AuditEvent_tenantId", "AuditEvent"."subjectAbhaRefHash" AS "AuditEvent_subjectAbhaRefHash", "AuditEvent"."speaker" AS "AuditEvent_speaker", "AuditEvent"."actingPrincipal" AS "AuditEvent_actingPrincipal", "AuditEvent"."correlationId" AS "AuditEvent_correlationId", "AuditEvent"."action" AS "AuditEvent_action", "AuditEvent"."entityName" AS "AuditEvent_entityName", "AuditEvent"."entityId" AS "AuditEvent_entityId", "AuditEvent"."details" AS "AuditEvent_details", "AuditEvent"."hmacKeyId" AS "AuditEvent_hmacKeyId", "AuditEvent"."timestamp" AS "AuditEvent_timestamp" FROM "audit_events" "AuditEvent" ORDER BY "AuditEvent"."timestamp" DESC LIMIT 50
[Nest] 16120  - 01/09/2026, 4:54:14 pm     LOG [DevelopmentAuditExporter] [DEV_AUDIT_EXPORTER] Processing batch export count=50
query: SELECT "AuditEvent"."id" AS "AuditEvent_id", "AuditEvent"."tenantId" AS "AuditEvent_tenantId", "AuditEvent"."subjectAbhaRefHash" AS "AuditEvent_subjectAbhaRefHash", "AuditEvent"."speaker" AS "AuditEvent_speaker", "AuditEvent"."actingPrincipal" AS "AuditEvent_actingPrincipal", "AuditEvent"."correlationId" AS "AuditEvent_correlationId", "AuditEvent"."action" AS "AuditEvent_action", "AuditEvent"."entityName" AS "AuditEvent_entityName", "AuditEvent"."entityId" AS "AuditEvent_entityId", "AuditEvent"."details" AS "AuditEvent_details", "AuditEvent"."hmacKeyId" AS "AuditEvent_hmacKeyId", "AuditEvent"."timestamp" AS "AuditEvent_timestamp" FROM "audit_events" "AuditEvent" ORDER BY "AuditEvent"."timestamp" DESC LIMIT 50
[Nest] 16120  - 01/09/2026, 4:54:19 pm     LOG [DevelopmentAuditExporter] [DEV_AUDIT_EXPORTER] Processing batch export count=50
query: SELECT "AuditEvent"."id" AS "AuditEvent_id", "AuditEvent"."tenantId" AS "AuditEvent_tenantId", "AuditEvent"."subjectAbhaRefHash" AS "AuditEvent_subjectAbhaRefHash", "AuditEvent"."speaker" AS "AuditEvent_speaker", "AuditEvent"."actingPrincipal" AS "AuditEvent_actingPrincipal", "AuditEvent"."correlationId" AS "AuditEvent_correlationId", "AuditEvent"."action" AS "AuditEvent_action", "AuditEvent"."entityName" AS "AuditEvent_entityName", "AuditEvent"."entityId" AS "AuditEvent_entityId", "AuditEvent"."details" AS "AuditEvent_details", "AuditEvent"."hmacKeyId" AS "AuditEvent_hmacKeyId", "AuditEvent"."timestamp" AS "AuditEvent_timestamp" FROM "audit_events" "AuditEvent" ORDER BY "AuditEvent"."timestamp" DESC LIMIT 50
[Nest] 16120  - 01/09/2026, 4:54:24 pm     LOG [DevelopmentAuditExporter] [DEV_AUDIT_EXPORTER] Processing batch export count=50
query: SELECT "AuditEvent"."id" AS "AuditEvent_id", "AuditEvent"."tenantId" AS "AuditEvent_tenantId", "AuditEvent"."subjectAbhaRefHash" AS "AuditEvent_subjectAbhaRefHash", "AuditEvent"."speaker" AS "AuditEvent_speaker", "AuditEvent"."actingPrincipal" AS "AuditEvent_actingPrincipal", "AuditEvent"."correlationId" AS "AuditEvent_correlationId", "AuditEvent"."action" AS "AuditEvent_action", "AuditEvent"."entityName" AS "AuditEvent_entityName", "AuditEvent"."entityId" AS "AuditEvent_entityId", "AuditEvent"."details" AS "AuditEvent_details", "AuditEvent"."hmacKeyId" AS "AuditEvent_hmacKeyId", "AuditEvent"."timestamp" AS "AuditEvent_timestamp" FROM "audit_events" "AuditEvent" ORDER BY "AuditEvent"."timestamp" DESC LIMIT 50
[Nest] 16120  - 01/09/2026, 4:54:29 pm     LOG [DevelopmentAuditExporter] [DEV_AUDIT_EXPORTER] Processing batch export count=50
query: SELECT "AuditEvent"."id" AS "AuditEvent_id", "AuditEvent"."tenantId" AS "AuditEvent_tenantId", "AuditEvent"."subjectAbhaRefHash" AS "AuditEvent_subjectAbhaRefHash", "AuditEvent"."speaker" AS "AuditEvent_speaker", "AuditEvent"."actingPrincipal" AS "AuditEvent_actingPrincipal", "AuditEvent"."correlationId" AS "AuditEvent_correlationId", "AuditEvent"."action" AS "AuditEvent_action", "AuditEvent"."entityName" AS "AuditEvent_entityName", "AuditEvent"."entityId" AS "AuditEvent_entityId", "AuditEvent"."details" AS "AuditEvent_details", "AuditEvent"."hmacKeyId" AS "AuditEvent_hmacKeyId", "AuditEvent"."timestamp" AS "AuditEvent_timestamp" FROM "audit_events" "AuditEvent" ORDER BY "AuditEvent"."timestamp" DESC LIMIT 50
[Nest] 16120  - 01/09/2026, 4:54:34 pm     LOG [DevelopmentAuditExporter] [DEV_AUDIT_EXPORTER] Processing batch export count=50
query: SELECT "AuditEvent"."id" AS "AuditEvent_id", "AuditEvent"."tenantId" AS "AuditEvent_tenantId", "AuditEvent"."subjectAbhaRefHash" AS "AuditEvent_subjectAbhaRefHash", "AuditEvent"."speaker" AS "AuditEvent_speaker", "AuditEvent"."actingPrincipal" AS "AuditEvent_actingPrincipal", "AuditEvent"."correlationId" AS "AuditEvent_correlationId", "AuditEvent"."action" AS "AuditEvent_action", "AuditEvent"."entityName" AS "AuditEvent_entityName", "AuditEvent"."entityId" AS "AuditEvent_entityId", "AuditEvent"."details" AS "AuditEvent_details", "AuditEvent"."hmacKeyId" AS "AuditEvent_hmacKeyId", "AuditEvent"."timestamp" AS "AuditEvent_timestamp" FROM "audit_events" "AuditEvent" ORDER BY "AuditEvent"."timestamp" DESC LIMIT 50
[Nest] 16120  - 01/09/2026, 4:54:39 pm     LOG [DevelopmentAuditExporter] [DEV_AUDIT_EXPORTER] Processing batch export count=50
query: SELECT "AuditEvent"."id" AS "AuditEvent_id", "AuditEvent"."tenantId" AS "AuditEvent_tenantId", "AuditEvent"."subjectAbhaRefHash" AS "AuditEvent_subjectAbhaRefHash", "AuditEvent"."speaker" AS "AuditEvent_speaker", "AuditEvent"."actingPrincipal" AS "AuditEvent_actingPrincipal", "AuditEvent"."correlationId" AS "AuditEvent_correlationId", "AuditEvent"."action" AS "AuditEvent_action", "AuditEvent"."entityName" AS "AuditEvent_entityName", "AuditEvent"."entityId" AS "AuditEvent_entityId", "AuditEvent"."details" AS "AuditEvent_details", "AuditEvent"."hmacKeyId" AS "AuditEvent_hmacKeyId", "AuditEvent"."timestamp" AS "AuditEvent_timestamp" FROM "audit_events" "AuditEvent" ORDER BY "AuditEvent"."timestamp" DESC LIMIT 50
[Nest] 16120  - 01/09/2026, 4:54:44 pm     LOG [DevelopmentAuditExporter] [DEV_AUDIT_EXPORTER] Processing batch export count=50
query: SELECT "AuditEvent"."id" AS "AuditEvent_id", "AuditEvent"."tenantId" AS "AuditEvent_tenantId", "AuditEvent"."subjectAbhaRefHash" AS "AuditEvent_subjectAbhaRefHash", "AuditEvent"."speaker" AS "AuditEvent_speaker", "AuditEvent"."actingPrincipal" AS "AuditEvent_actingPrincipal", "AuditEvent"."correlationId" AS "AuditEvent_correlationId", "AuditEvent"."action" AS "AuditEvent_action", "AuditEvent"."entityName" AS "AuditEvent_entityName", "AuditEvent"."entityId" AS "AuditEvent_entityId", "AuditEvent"."details" AS "AuditEvent_details", "AuditEvent"."hmacKeyId" AS "AuditEvent_hmacKeyId", "AuditEvent"."timestamp" AS "AuditEvent_timestamp" FROM "audit_events" "AuditEvent" ORDER BY "AuditEvent"."timestamp" DESC LIMIT 50
[Nest] 16120  - 01/09/2026, 4:54:49 pm     LOG [DevelopmentAuditExporter] [DEV_AUDIT_EXPORTER] Processing batch export count=50
query: SELECT "AuditEvent"."id" AS "AuditEvent_id", "AuditEvent"."tenantId" AS "AuditEvent_tenantId", "AuditEvent"."subjectAbhaRefHash" AS "AuditEvent_subjectAbhaRefHash", "AuditEvent"."speaker" AS "AuditEvent_speaker", "AuditEvent"."actingPrincipal" AS "AuditEvent_actingPrincipal", "AuditEvent"."correlationId" AS "AuditEvent_correlationId", "AuditEvent"."action" AS "AuditEvent_action", "AuditEvent"."entityName" AS "AuditEvent_entityName", "AuditEvent"."entityId" AS "AuditEvent_entityId", "AuditEvent"."details" AS "AuditEvent_details", "AuditEvent"."hmacKeyId" AS "AuditEvent_hmacKeyId", "AuditEvent"."timestamp" AS "AuditEvent_timestamp" FROM "audit_events" "AuditEvent" ORDER BY "AuditEvent"."timestamp" DESC LIMIT 50
[Nest] 16120  - 01/09/2026, 4:54:54 pm     LOG [DevelopmentAuditExporter] [DEV_AUDIT_EXPORTER] Processing batch export count=50
query: SELECT "AuditEvent"."id" AS "AuditEvent_id", "AuditEvent"."tenantId" AS "AuditEvent_tenantId", "AuditEvent"."subjectAbhaRefHash" AS "AuditEvent_subjectAbhaRefHash", "AuditEvent"."speaker" AS "AuditEvent_speaker", "AuditEvent"."actingPrincipal" AS "AuditEvent_actingPrincipal", "AuditEvent"."correlationId" AS "AuditEvent_correlationId", "AuditEvent"."action" AS "AuditEvent_action", "AuditEvent"."entityName" AS "AuditEvent_entityName", "AuditEvent"."entityId" AS "AuditEvent_entityId", "AuditEvent"."details" AS "AuditEvent_details", "AuditEvent"."hmacKeyId" AS "AuditEvent_hmacKeyId", "AuditEvent"."timestamp" AS "AuditEvent_timestamp" FROM "audit_events" "AuditEvent" ORDER BY "AuditEvent"."timestamp" DESC LIMIT 50
[Nest] 16120  - 01/09/2026, 4:54:59 pm     LOG [DevelopmentAuditExporter] [DEV_AUDIT_EXPORTER] Processing batch export count=50
query: SELECT "AuditEvent"."id" AS "AuditEvent_id", "AuditEvent"."tenantId" AS "AuditEvent_tenantId", "AuditEvent"."subjectAbhaRefHash" AS "AuditEvent_subjectAbhaRefHash", "AuditEvent"."speaker" AS "AuditEvent_speaker", "AuditEvent"."actingPrincipal" AS "AuditEvent_actingPrincipal", "AuditEvent"."correlationId" AS "AuditEvent_correlationId", "AuditEvent"."action" AS "AuditEvent_action", "AuditEvent"."entityName" AS "AuditEvent_entityName", "AuditEvent"."entityId" AS "AuditEvent_entityId", "AuditEvent"."details" AS "AuditEvent_details", "AuditEvent"."hmacKeyId" AS "AuditEvent_hmacKeyId", "AuditEvent"."timestamp" AS "AuditEvent_timestamp" FROM "audit_events" "AuditEvent" ORDER BY "AuditEvent"."timestamp" DESC LIMIT 50
[Nest] 16120  - 01/09/2026, 4:55:04 pm     LOG [DevelopmentAuditExporter] [DEV_AUDIT_EXPORTER] Processing batch export count=50
